0 0 1 2 3 4 5 6 7 8 9 10 11 12 13 14 15 16 17 18 19 20 21 22 23 24 25 26 27 28 29 30 31 32 33 34 35 36 37 38 39 40 41 42 43 44 45 46 47 48 49 50 51
1 54 55 56 57 58 59 60 61 62 63 64 65 66 67 68 69 70 71 72 73 74 75 76 77 78
2 81 82 83
3 86 87 88 89 90 91 92 93 94 95 96 97 98 99 100 101 102 103 104 105 106 107
4 110 111 112
5 115 116 117
6 120 121 122 123 54 124
7 127 128 129 130 131 132 133 134
8 137 138 139 140 141 142 143 144 145 146 147 148 149 150 151 152 153 154 155 156 157 158 159 160 161 162 163 164 165 166 167 168 169 170 171 172 173 174 175 176 177 178 179 180 181 182 183 184 185 105 186 187 188 189 190 191 192 71 193 194 195 196 197 198 199 200 201 202 203 204 205 206 207 208 209 210 211 212 213 214 215 216 217 218 219
9 222 223 224
10 227 228 229 230 231 232 233 234
11 237 238 239
12 241 242 243 244 245 246 247 248 249 250 251 252 253 254 255 256 257 258 259 260 261 262 263 264 265 266 267 268 269 270 271 272 273 274 275 16 276 277
13 280 281 282 283 284 285 286 287 288 289 290 291
14 294 295 296
15 299 300 301
16 304 305 306 307 308
17 302 310 128 311 312 313 314
18 317 318 319 320
19 302 322 323 324 65 325 326
20 328 329 58 302 330 331 332 333 334 335 336 337 338 339 340 341
21 344 345 346 16 347
22 349 350 351
23 8 353 354 355 356
24 359 360 361
25 364 365 366 367 368 369 370
26 372 373 374 375 376 377 378
27 381 382 383
28 386 387 388 389
29 392 393 394 395 396 397 398 399
30 201 402 403
31 405 406 407 408 409 410 411 412 413 414 415 416 417 418 419
32 422 423 424 425 426 427 428 429 430 431 432 275
33 435 436 437 424 438 439 440
34 443 444 445 319 446 447 448 449 450 451 452 453 454 455 456 457 458 459 460 401 461 462 463
35 466 467 468 465 469 352 470 471
36 474 475 476 465 477
37 312 480 481 482 483 465 484
38 485 486 487 488
39 465 490 491 492 493 494 495
40 498 499 500 465 161
41 503 504 465
42 507 508 465
43 511 465 512 513
44 516 517 465 518 519 520 521
45 524 525 231 412 526 527 528 529 530 531 532 533 534
46 537 538 539 304 540 541
47 544 545 546 547 548 549 550 551 552 553 554
48 557 525 558 535 559 560 561 562 563 564 565 566 567 568 569 570 571 572 573 574 575
49 578 579 580
50 582 583 584 585
51 588 589 590 591
52 594 550 595 596 597 598
53 601 602 603
54 606 607 608
55 611 612 613 614 615 616 617 618 619 620 621 622 623 624 625 626 365
56 629 630 631 418 632 633 634 635 636 637 638 639 640 641 642 643 644 116 645 646 647 539 648 649 650 328 384 101 268 651 652 653 654 655 656
57 539 659 660 661 662 663 664 523 665 666 667
58 670 671 672 673 674 675 676 677 678 679
59 680 681 682 539 683 684 685
60 687 688 689 690 691 692 279 693
61 696 525 231
62 699 700 6 701 702 703 704 705 706
63 708 709 710 604 711 712 713 714 75 715 716 717 718 719 720 721 648 722 723 724 725
64 728 729 185 730 731 732 733 369 734 735 736 737 738 739 435 740 741 742 743 744 745 746 747 748 749 750 751 752 753 754 583 755 756 757 758 759 760 761 762 763 764 765 766 767 768 769 770 771 772 773 774 775 776 777 75 644 677 778 676 779 780 781 782 783 784 785 786 787 788 648 789 671 790 791 645 792 793 794 795 796 797 798 799 800 801 802 803 804 805 806 807 808 809 810 811 812 813 814 815 816 817 818 819 820 821 822 823 824 582 384 825 826 827 828 829 830 831 832 833 834 835 836 837 838 839 16 840 841 842 843 281 844 432 705 845 846 847 181 848 849 850 851 852 853 678 854 855 856 857 858 859 860
65 863 864 865 866 867 868 559 69 869 870 871 872 873 874 875 876 463 877 878 879 190 880 881 882 883 884 885 886 887 672 888 889 890 776 891 892 412 631 893 894 895 896 897 898 899 900 901 902 903 904 905 906 432 907 908 909 910 911 3 60 912 913 914 915 916 263 917 918 919
66 921 922 923 924 925 926
67 474 178 928 71
68 931 932 933 934 935 936
69 939 940 941
70 944 945 946 947
71 949 950 204 951 752 952 953 954 955
72 723 958 959
73 962 963 964 965 966 673
74 712 969 970 971 972 973 974 975 976 977 978 661 979 115 980 981 982 983 116 787 984 985 986 987 988
75 991 992 993 994 995 996 281 41 997 998 999 1000 955 1001 630 1002 1003 259
76 1006 1007 1008
77 1011 1012 1013 1014 1015 1016 1017 1018 1019 435 1020 1021
78 639 1024 1025 1026 630 1027 641 1028 1029 1030 1031
79 1034 1035 1036 1037
80 1040 1039 1041
81 1044 1045 1046 1047 1048 1049
82 1052 1053 1054 1055 1056 1057 1058 1059 1060 1061 582
83 1064 1065 1066 1067 1068 969 1069 1070
84 1072 1073 1074 1075
85 201 1078 1079 1080 1081 1082 1083 1084 925 1085 1086 1087 1088 1089 1090 865 1091
86 604 1094 1095 1096 1097 1098 1099 1100 1101 1102 1103 1104 1105 1106 1107 1108 1109 1110 1111 1112 1113 1114 1115 1116 1117 459 1118 1119 1120 1121 1122 1123 1124
87 1127 1128 1129 1130 1131
88 947 865 1134 409 1135 82 1136 567 1137 1138 1139 1140 1141 1142 1143 1144 1145 1146 1147 477 1148 1149 1150 1151 1152
89 1154 1155 1156 648
90 1159 743 1160 1161 1162 1163 1164 1165 1166 1167 1168 1169 1170 650
91 774 1172 1173 1174 898 1175 1176 1177 1178 1179
92 1182 1183 1184 865 1185 673 551 1186
93 1188 1189 1190 338 1191 68 1192 1193
94 1194 1195 1196 1197 1198 759 1199 815
95 1202 318 1203 956 190 152 1204 1205 102 1206 1207 1208 1209 1210 1211 1212 123 1213 1214 657 1215 310 1216 1217 1218 1219 1220 1221 1222 1223 1224 1225 352 1226 1227 1228 1229 1230 1231 1232 1233 1234 1235 1236 1237 1238 1239 1140 1240 1241 1242 1243 1244 1245 1246 1247 1248
96 1249 1250 1251 973 1252 1253 1254 1255 1256 1257 976 1258 618 1259 616 1260 1261 893
97 846 1263 1264 1265 1266 1267 1268 1269 1270 1271 1272 1273 1274 38 1275 1276 212 1277 1278 1279 1280
98 1283 1284 786 1285 755 27 392 481 1286 1030 1287 1288 1289 1290 1291 1292 1293 1294 1295 1296 1297 1298 1299
99 596 1301 1302 1303 1304 1305 1306 1307 1308 1309 152 264 168 1310 1311 1312 1313 1314 1315 1316 1317 1318 1319 1320 1321 1322 1323 1324 1325 1326 1327 1328 1329 1083 1330 1331 1332 1333 1334 1335 676 185 1336 1337 1338 1339 1340 1341 1342 1343 1344 1345 1346 1347 1348 1349 331 1350 1192 486 1351 1352 1353 1354 1355 1356 1357 1358 1359 1360 1361 1362 1363 1364 1365 1366 1367 1368 1369 1370 1371 386 387 1372 1373 227 1374 1375 697 1376 1377 1378 1379 1380 1381 1382 1383
100 1385 1386 1332
101 120 1388 1389 1390 635 1386 1391 973 1392 1393 1394 1395
102 252 1397 1398 1399 413 1400 1401 1402 486
103 1404 1405 1406 1407 1408 1409
104 384 1412 1413 1414 1028 1415 1416 411 929 1417 1418
105 1421 757 804 805 1422 790 1423 1424 1425 1426 1427 1428 1265 261 1429 777 826 1430
106 975 1433 676 1434 1435 1421 1436
107 591 1438 1439 1421 1440 1441 1442 1443 1444 1179 899 1445 1446 1447 340 1448 1449 1450 1389 1451 324 1452 1453 1454 1455 894 1456 1457 606 1458 1459 361 843 157 1311 1460 1461 1462 615 1463 1464 1465 472 1466 1165 1467 127 1468 1469 1470 1471 1472 1473 1474 1475 1476 123 1477 1478 333 1479 1480 1481 1482 713 122 1483 1484 1485 1486 1487 1488 1209 124 1489 1490 321 1491 1492 136 128 594 1433
108 1494 1199 1495 1496 1497 1498 1421
109 912 1501 1502 420 1503 1504 1421 1505 227 261 1506 1507 1508 1509 1510
110 1513 1514 194 1129 865 1515 1516
111 1518 1519 1520 1521 1522
112 1525 1526 1506 472 721 1527 157 1528 1529 1530 1531 1532 1533 1534 230 874 1535 1429 1536 794 1537 1162
113 1074 1540 1541 535 1542 1543 1544 1545 1546 1547 1548 873 1549 1550 1551 1552 1553 193 486 1554 1555 1556 1557
114 928 1560 1561 1562 1563 1564 1565 1566 248 1567 1568
115 1570 1571 1572
116 1574 735 1263 116 1575 1576 1199 1577 642 1578 1579 1580 1581 1582 1583 1584 1585 1586 477 1587 1588 1589 1590 1591 1592 1593 1594 1595 1596 1597 1598 706 1599 1600 1601 1602 1603 1604 1605 33 1606 1607 1608 1609 1610 1611 1612 1613 1614 1615 1616 1617 1618 1619 1570 1143 1497 1494 1620 1436 1621 645 537 1622 1623 755 1624 628 1020 1625 1626 1627 1628 1629 1630 1631 1632 1633 1634 1635 1636
117 1638 1570 1639 1640 1641 1642 1643 1644 1632 1056
118 1570 793 1647 761 1648 1263 1649 729 1575 1650 467
119 774 1653 1654 1655 1656 1657 1570 1658 1659 1660 1661 1662
120 594 1665 1666 1667 1668 1669 1670 1671 1672 1673 1674 1675 1199 1676 1677 1678 1679 1332 1680 1681 643 1682 1683 678 1684 1401 1685 1686 1687
121 1690 418 774 1691
122 1577 869 1693 1694 1695 1696 278 1697
123 1309 1698 1137 1699 1700
124 1702 1264 1703 1704 1561 1668 1705 1706 1666 1578 1707 644 1494 1708 670 841 1395 116 118 975 1149 1709 1710 1711 635 1712 1713 1714 1715 1716 1717 1718 943 950
125 1721 1722 1723 1724 1725 1704 1726 1727 83 1728 1729 1730 1731 780 1732 1733 1734 1735 1736 1737 1738 1739 1740
126 1743 250 1744 1745 590 1746 1747
127 1264 1749 1134 1750 1751 1752 1753 1754
128 1252 1757 193 1758 757 1759 1760 1705 1761 1762 118 1763 1764 1765
129 1767 1768 1769
130 1772 1660 1773 1774 1775 826 792 1776 1777 1778 1779 1780 1781 1782 1783 1784 1426 1785 210 423 1786 1083 1787 1788 1789 1790 1791 766 1792 448 1793 1794 1087 1795 1796 469 1797 1798
131 1801 371 1802 1803
132 1806 1807 736
133 1288 1810 1811 1812 1813 1791
134 1815 1816 1811 1817
135 1818 887 1819 1820 1821 1822 1823
136 1825 762 1826 1827 1828 1829 1332 1830 1831 1832 1526 1833 1834 1835 1634 1687 1271 1836 1065 699 1581 1837 1760 1838 1839 1840 1841 1842 811 1843 1844 1845 372 1846 1847 75 1848 1849 93 1850 68 846 634 1851 1852 1853 1854 1855 1856 559 1818 887 1857 6 1858 1821 10 1859 1860 1861 1862 1863 1864 1865 1866 1867 477 1868 261 1869 18 1870 1871 1872 1873 1874 1875 1876 1877 786 1878 1879 1880 1881 1882 1883 1884 1885 1886 1887 1888 50 1889 1890 1891 1892 1509
137 884 1895 1896
138 1899 1900 1901
139 1904 1905 1906
140 1908 1909 1910 1911 1912 1913 1914 1915 1916 1917 1918 1919 1920 1921
141 1911 1924 1925 1926 1927
142 1929 1911 1930 1931
143 1933 1798 1934 1911
144 480 1743 872 1937 1938 333 885 1939 871 1911 1940 1941
145 1943 1944 1945
146 1911 1947 1948 1949 1950 1951 1513 1867
147 1954 1295 1955 1956 1957 1958 1959 1960
148 1961 1962 1963 1964 1965 1911 1966 1184 1967 1968 1969 1970 38 1971 1972 1741 1973 1974 1975 194 20 1976 1076 1977 1978 1979 165 1980 243 153 1727 1981 1982 1402 1983 1311 1938 1984 1985 1986 596 1987 1988 1989 96 1990 1991 1992 1993
149 1996 1997 1911 1360
150 1911 2000 2001
151 2004 1911 2005 2006 2007 2008
152 2011 2012 2013 1911
153 2016 1128 2017 1911 2018 2011 2019 2020 1792
154 2023 342 1287 2024 2025 2026 1911 2027 2028 2029 2030 2031 2032 2033 2034 1086 1311 2035 2036 2037 1928 2038
155 56 360 2040 2041 2042 2043 2044
156 743 1911 2045 1632 384
157 1911 2048 2049 2050 1086 2051 2052
158 2055 2056 594 634 1287 2057 1302 1407 2058 2059 1911 2060 2061 2062 2063
159 1911 2066 170 2067 2068 388
160 2071 1911 1655 2072 2073 2074 2075 306
161 1911 494 158 470 2076
162 2078 2079 2080 455 2081 2082 2083
163 2082 2085 2086 2087 2088
164 2091 2092 2082 2093 2094 2095
165 2082 2098 2099
166 2102 2082 2103 2104
167 2107 10 2108 701 2109 2110 2111 1876 1590 2112 2113 1591 32 2114 1601 2115 2116 33 2117 2118 2119 2120 2121 2122 1615 2123
168 2082 2125 2126 2127 1338 2128 1922
169 1821 2131 1974 2132 2133 1379 2134 2082
170 2136 2137 2082
171 1776 2140 2141 283
172 2143 2082 2144 1082 2145
173 2082 2148 2149
174 1858 2151 2152 2153 28 2154 1007 607 2155 2156 2157 1596 2158 2159 2160 2161 2162 1604 2163 2164 33 2165 2166 2167 2168 2169 2170 2171 856 2082
175 2082 1137 2174
176 2177 671 481
177 2179 2082 2180 48 2181 2182 2183
178 2184 200 469 551 2185 2186 2030 2187
179 2188 2189 2190
180 2082 2192 2193
181 2195 2082 2196 2197
182 2199 2200 2201
183 2082 2203 2204 1114 2205 2206 2207 2208 1883 2209 2210 1610 2211 856 2212 2213
184 1741 2216 2082 2217 2218 2219 2220 2221 2049 2084 84 16 2222 2223
185 2224 2225 2226 2227 1231 2228 2229 2230 1897 193 2231 2232 2233 2234 201 2235 925 1259 2236 2237 1396 2238 289
186 2240 2149 2241 1483 122 2242 1465 937 2243
187 822 2246 2247 2248 2149 1946 2249 2250 2251 2252 2253 2254 2255
188 2110 2257 2258 2154 2259 2260 2149 2261 2262
189 2265 2266 1952 71 2267 2268 2269 212 306
190 2272 2273 627 2274 2275 2084 2267
191 2278 2143 2258 2279 1590 2280 2281 2282 2267 399 2283 1594 1597 1593 2284 2285 2286 2174 2287 2288 2289 2290 2291 2292 2159 911 2293 1599 1600 99 31 2294 2295 2296 1603 2297 2298 2117 2118 35 2299 2300 2301 2302 2303 2304 2305 2306 47 2307 2308 2209 50 502 1617 852 2309 2123 2310 2311 2312 2208 1615 2313 2314 2315 394 2316 2317 2318 2319 2320 2321
192 2322 2263 2323 2324 1883 2168 2325 1612 2326 2327 2267 2276
193 399 2267 2329 1689
194 2330 2331 2332 2333 2267 2334 273 2335
195 1785 2337 2338 865
196 200 2267 2340 2341 2342 894 1651 202 2276
197 2343 2344 2267 2345 111 2346 1729 404 2047
198 1422 2267 774 2348 2349 2350 2351 2352 2353 2354 357 2355 1857 2356 2357 2358 2359 2360 2361
199 2363 2364 2365 2366 2367 2368 2369 2370 2371 2372 2373 1847 2338 2374 1583 2375 86 2376 2377 2378 931 2379 2267 2380 2381
200 7 810 2267 8 2360 1312 2383 1313 2384 2385 643 2386 14 1320 1967 1553 656 2387 2388 2368 2280 2389 2390 2391 105 807 1593 2392 2393 2394 1595 1591 2395 2396 2293 2397 1597 2398 2399 2290 2400 1602 2401 1601 1594 1603 1604 2402 33 2116 1899 2298 2403 2117 2404 2118 2164 1881 2405 2406 197 2311 2407 2408 852 2409 1883 2121 1615 1616 2324 2410 1611 2208 2211 2122 2411 2412
201 2267 2415 2416
202 1954 2419 2420
203 2422 2423 2276 2424 253 2425
204 1055 137 2427 2428 1964 2429 2367 1080 2430 317 1966
205 2329 2276 2432 2370 2371 2433 2434 2435 2436
206 2439 384 236 2440 2441
207 72 2443 2444 2445 462 898 2446 585 2447 905 1212 617 2448 227 2449 871
208 2451 2452 2255 2445 158 2453 743 2443 259
209 2455 2456 1289 2457 2458 2443
210 2460 2461 383 2462 2463 133 2443
211 2465 2443 180 2466 1938 2467 250 2468 2469 1008 2470
212 2472 1593 2443 2473 1628
213 4 700 5 9 2474 1860 2475 14 15 1585 2476 2477 2478 2280 2479 2480 2481 2482 2483 1595 2484 2286 1594 1597 2485 2486 2290 2400 2487 2397 1602 842 2488 2291 2489 1600 2490 2491 2115 2492 851 2493 907 2494 2443
214 230 2443 2495 1158
215 2443 551 266 2496 2421 178 2497
216 2499 2445 2500 2501 1248 843 3 1228 2502 2503 2504 1024 2505 783 801 2506 2443 2507 2508
217 2443 2374 2510 2195
218 2513 697 2514
219 2070 2443 2516 2092 1011 2517 2518 2519 2520 2521 2522 2523 2524 2525 2526 2478 2113 2527 2528 2529 2530 2531 2532 2533 2534 2535 1137 2536 1894 1510
220 2539 1661 2540 2443 2541
221 1288 2543 2544 2443
222 2443 2546 2547 1311 16 227
223 1714 976 118 928 2549 2550 1901 427 2455 1568 2551 1599 1232 2552 698 919 2553 2554 2555 850 2556 2557 2558 2559
224 2561 2562 2563 2564 2565 948 813 814 2566 2567 2568 2271 2569 583 2570 2443 2571 2572 2006 1978 2573 2068 2574 2575 2576 434 520 2125 2338 1185 2577 2578 596
225 2443 2581 2582 2583
226 2443 178 2586 2445 219 1295
227 2443 1080 477 1875 1879 2588 847 2589 862
228 2443 2590 2591
229 2594 2443 1213
230 2443 2597 2598 2599
231 2600 2454 871 2601 2443 1692 2602 2603 2604 484 2605 2606
232 333 1055 2221
233 2443 1661 2609
234 2443 2611 733 642 2612 2539 1552 942 2613 604
235 2615 2616 2617 2618 2443 1134
236 331 2620 2443 2621 139
237 2443 2623 1094 2624 1738 309 2625 610 2626 2627 2628 2629 2630 2040 2631 588 2632 538 2633
238 474 2147 2636
239 2638 2639 2640 2443
240 2642 2443 2643
241 2645 2566 294 10 2646 2647 2648 2649 1314 1116 2650 2651 2652 2653 1864 444 467 2654 2655 2656 2451 2657 2658 2659 2660 2661 1358 2368 2478 1197 2662 2389 2524 1590 1218 2480 2663 2664 2665 2283 1596 2159 1592 2392 2666 2288 1591 2174 807 842 2287 2485 2290 1597 1593 2115 2299 2297 2300 2301 2443 2117 2667 2668 2306 2669 2311 2535 47 50 2670 2671 2672 2214 2215 2673 2537 2674 2675 2676 2677
242 2679 2680 2681 2682 2683 2684 355 2685 2686 2687 2443 2688 664 1735 284 2689
243 2443 18 1841 2692
244 1096 2695 137 2696 1295 1149
245 783 1221 1096
246 2100 448 2443 291 2697
247 2443 1247 2070 2377 2699 2700 178 1083 1185 2701 925
248 2443 2703 111 2704 2705 2706 596
249 1464 2443 2707 2708
250 304 2710 2711 898 2443 2712 153
251 263 177 738 871 1536 317 783 2715 2443 1199 898 2716 2461 204 2717
252 1962 2618 2719 2443 1229
253 2443 2721 2722 1553
254 486 1142 481 2725 2443 2726
255 2443 2728 2729
256 1778 2731 2732 2733 2734 2443 2735 2736 1369 2737 2738 1191 2739 2740 1316 2741 193 157 2742 2743
257 2066 2443 2744 2745 2746 1083 2747 210
258 253 2749 1818 887 1982 1819 2017 700 2750 2109 2110 2751 13 15 2752 2753 2754 2755 2154 2665 2280 2756 2757 2174 807 1595 1591 2395 2293 2758 2483 2555 2115 1881 1925 2759 2760 1823 1609 2209 1612 2170 1824
259 2175 2762 2763 2764 2586 2637 2765 2766 2767 2768 1585 2769 780 2438 842
260 2520 2772 2773 2774 2775 2056 2776 2777 2778 2779 2780 2060 2374 2013 1830 2781 2782 2783 2784 2785 2786 2721 2787 2788 2789 2790 2791 2792 2793 435 739 2794 2795 1961 258 2796 2797 1999 169 2798 68 2799 2800 1574 2801 2802 2803 1287 2804 2805 1427 2806 2807 2808 2809 1360 2810 2811 2517 2812 788 2813 2814 2815 2816 2817 2818 1638 2819 192 2820 2821 2822 2823 628 2824 1362 1254 2154 1114 2825 2258 2826 2077 704 2464 2827 31 174 2828 2829 2830 2831 842 2394 2482 520 42 2832 433 2302 2552 2833 2470 2834 2835 1617 1618 2836 2837 2536 2838 2839 2840 2841 2842 1293
261 2844 2845 524 2846 2778 2374 2802 2847 2749 2516 2375 2848 786 2849 1635 2850 2851 551 2852 1881 2853 1487 2854 2855 2856 328 2857 2858 855 1824
262 474 33 2164 2859
263 2861 1055 2862 2863 2864 2865 979 869
264 514 2867 2868 2869
265 2871 2872 1819 2873 10 2109 2874 2875 2876 15 2877 2878 1876 2879 704 2880 2881 2295 1602 2882 99 2883 2296 2116 2859 2884 2885 2886 2887 2888
266 2890 2449 2891 487 1470 2892
267 2895 2896 2897
268 2898 866 2899 288 2009 2900 1333 2892 157 413
269 2902 2903 2904 1552 2905 2714 2892 1133 436 1932 2906 2907 437 2908 2909
270 1289 2892 2911 2649 1449 2426 2912 133 2913 1137 2914 2915 869 291 2916 2917 2918 2919
271 1193 2764 2922 1983 2923 329
272 2764 2926 2927 2928
273 2764 2929 2930 1212
274 2764 2933 2934 2935 2936 896 2937 2076 2938
275 2941 2764 668 2829 2942
276 2944 2945 2946 2947 1247 2948 2949 1929
277 1496 2950 2951 2952 925 2764 2953
278 2956 2764 2957
279 176 2764 2230 2959 2960 2768 2961 1233 2962 2963 2964 2965 2966 1925 2967 2968 2227 2713 2969 2970 2971
280 2764 2972 2834
281 519 2974 2975 2976 2977 2978 2979 2102 917 1977 2764 2980 2981 2982 2983 2984 2985 1134 2422 2986 2987 2988 1211 2989 1391 1694 2990 2991 2767 2992 2993 2994
282 655 2997 2998 866 525 2999 2416 3000 3001 3002 3003 3004 3005 278 3006 3007 3008 227 3009 3010 3011 2022 3012 3013 2233 922 3014 167 3015 3016 560 3017 2764 3018 3019 3020 3021
283 3024 2424 1924 1358 2564 455 3025
284 2764 3027 3028 1597
285 3029 3030 2764 3031 3032 1137 3033 3034 2454 3035 1207
286 2764 3038 871 1161 902 3039 3040 2035 263
287 3043 125 3044 3045 1295 1741 2120 3046 3047 3048 3049 2764
288 2764 3052 3053 1307 133 3054
289 3056 2764 317 1355 3057 3058 1770
290 2723 3060 2968 3061
291 3063 331 3064 3065 3066 3067 2764 1391 193 1593
292 1970 3068 1775 2783 893 3069 2702 3070 2749 904 2872 1819 2819 2017 2778 3071 2645 1338 1702 3072 3073 2005 2736 11 2109 3074 877 3075 2499 2257 3076 3077 2375 3078 2518 2566 474 799 3079 3080 3081 3082 3083 3084 874 1216 3085 3086 905 3087 3088 551 2113 1587 352 3089 3090 1342 3091 3092 3093 30 3094 2206 432 2068 2523 1591 2491 36 2291 1602 2758 33 3095 2487 2296 3096 1226 3097 3098 3099 1696 2587 3100 3101 2949 919 909 1601 334 317 913 896 780 1248 3102 3027 3103 2164 2621 1191 3104 3105 3106 3107 871 844 2116 1355 3108 2404 3109 3110 3111 3112 3113 2894 3114 2855 2885 2884 2886 2668 197 2763 3115 3116 3117 2174 2507 3118 40 3119 2467 3120 3121 3122 1133 434 3123 3124 179 3125 3126 3127 39 1008 3128 3129 3130 1341 133 2764 3131 3132 2973 3133 3134 2168 3135 3136 831 3137 2209 3138 3139 1886 3140 1628 3141 1629 3142 907 3143 2172 900 3144 3145 3146
293 2764 3148 2731 3149 2962 1465 2461 3150
294 3152 1776 3153 3154 1078 2764 2912
295 38 2730 3156 2764 3157 3158 1635 180 1525 2450 3159 3160
296 3163 1465 3164 2764 624 1555 3165
297 2764 3167 3168 3169 365 1137 1896 931 1151 3170
298 3173 3174 2904 2764 387 386 39
299 767 3176 3177 3178
300 1683 3180 3181 83 2764
301 2764 894 3184
302 3185 3186 3187 2764 1295 484 3188 2192 3189 3190 3191
303 2764 3194 3195 878 3196 289
304 2764 2621 3198 2540 3199 3200 3026
305 2764 191 2963
306 633 3205 3206 3207 1896 3208 2764 2424 551 193
307 3210 3039 3032
308 2764 3 1757 3211 3212 651 3213 801 3214 789 2461 3215 3216 1342 3217 3218 3219
309 3220 3221 180 26 24 3222 2764 3223 1295 3224 2451 2944 1276 2334
310 788 3225 3226 3227 3228 3229 3230 3231 1777 3232 3233 3234 3235 2845 2764 3236 3237 3238 3239 1593 3240 3241 1756 3242 705 1114 2117 2118 3243 2855 101 1228 1694 3244 3245 1823 1883 2407 3246 1628 1629 3247 3248 2589 2171 3249
311 3251 3252 2764 3253 3254
312 3256 1535 3257 3258 3259 3260 3261 227 2726 202 317 3262 3263 3264 3265 3266 871 1525 413 3267 3268 2221 3269 3270 3271 3272 3273 192 1743 2036 1403 3274 1554 3275 3276 3277 3278 3279 188 2764 1087 38
313 2764 2230 3280 3281
314 3283 3237 3084 3236 874 3284 3285 624 69 1391 3286 3287 2764 801 1805 3288 1983 3289 3275 3290 3291 3292 3293 742 1693 1413 480 484 2499 3294 1579 2079 2970 3295 3296 3297 3298 72
315 525 3300 2764 1464 3301 535 3302 904 3303 884 3304 3305 3306 3307 3308 3309
316 3312 2764 3027
317 83 3315 3316 2454 3317 204 2764 3318 3319 3081 3320 2962 3321 3322 3323 2922 617 1216 3324 3325
318 2001 786 2764 3328 3329 435 1256 3330 3331 3332 2933 1977
319 2764 3335 3336
320 561 3337 2470 2259 2706 3338 3339 3340 3341 2955 3342 1306 3343 3344 3345 3346 3347 3348 3349 3350 750 3351 2626 3352 467 595 3353 3354 3355 3356 3357 153 1845 3358 1014 3359 1850 3360 2855 3361 871 193 3362 1216 3214 3363 1162
321 2359 2470 551 937 331 317
322 2470 1295 3366
323 2470 2834 3367 3368 3369 102
324 3370 2470 3371
325 142 1295 2454 3374 2470 3375 3376 3377 3378
326 1768 3380 777 2470 1016
327 2470 3381 1116 3382
328 3384 3385 2470 2594 871 266 1161 204 902
329 2470 3387 3388 3389 1228 157 2904 3390 786
330 3392 1797 3393
331 1878 944 2470 1023 1272 2952 3394
332 3374 3397 3398 3399 1057 3400 3401 266 2470 3402 3403
333 268 1488 3406 3407 2470 3408 3409 1216 3410
334 2470 955 3254 2513
335 2470 650 1137 1221 3413 3414
336 2229 2470 1256 2834 3415 3416
337 2470 1245 3418 3419
338 2688 3420 3421 3422 2470 2424 1425 3423 3424 3425 1341 3426
339 2180 3428 2470
340 486 3431 3432 3433
341 3435 1722 3436 3437 2968 430 3438 3439 3370 2445 3440 3441 3442 3004 3443 309 2701 462 3444 3445 2647 896 3446 3447 3448 3449
342 3452 1720 2968 892 3453 3454
343 3457 2912 2657
344 3459 3460 2464 963 2394 3461 2968 3462
345 513 3465 310 181
346 3331 3466 23 1359 3467 3468 1935 3469 3470 2968 3471 3472 317
347 2968 3475 321
348 511 1980 2968
349 2968 2461 3476
350 3478 1333 1868 2968 3479 18 3480 3481 3482 1310 1876 157 1487 3483 3484 3485 2949 3486 2926 1587 2480 2280 2370 3487 3488 3489 3370 486 3490 2288 3491 3492 1598 2394 2174 1595 32 1594 2392 2287 2284 2393 2485 2296 2291 2487 2488 2294 2290 1600 3493 898 3494 3495 3496 1603 1604 2116 33 3497 1693 2299 2297 2300 3498 3499 3500 423 3501 3502 3503 3504 3505 3506 2305 1134 3507 3508 3509 3115 2668 3510 2492 3511 3512 3513 2834 3248 2410 2121 3514 1619 1611 2122 2317 2318 2312 1616 2212 3515 51 3516 3517 1626 3518 2214 1887 3519 3520 3521 3522 1627 3523
351 3330 3525 3526 3527 218 3528 3529 2968 3530 3531 491 898 3532
352 2968 3533 3534
353 3193 3536 3537 3538 3539 2968 3401
354 3541 3542 843 2070 3543 3544 3545 142 452 2968 898 1295 193 3546 617 3547 3548 1706 3549 3550 2663 1697
355 624 3552 3553 3554 3555 3556 3557 3558 931 905 1983 3559 3560 2948 352 1192 902 3389 2968 2768 1785
356 3562 3563 749 3564 3565 3532 1757 3566 2968 3567 261 3568 2467 3569 3570 277
357 3572 3573 3469 873 413 3574 871 687 2454 2024 2713 310 347 3575 3576
358 3032 326 3256 2968 3577 3578 898
359 3580 2968 3581 453 417
360 3584 2968 3585
361 2968 2600 1273 263
362 3587 3588 1572 3589 2092 3590 3591 3592 3593 3594 902
363 1632 3595 3596 68 1339 3597 10 825 200 3598 586 3599 2968
364 3600 937 565 432 2968 3601
365 3604 1342 2260 2968 2445 3080 3605 1205
366 798 3607 2968 153 3352
367 3610 3611 3612 1741 2968
368 2968 3614 3615 898 3616
369 3619 2968 2890 3620 2596 780
370 3623 1011 3624 3625 2598 3626 3627 3628 1362 3629 3630 3631
371 3632 1341 317
372 3632 1996 980 3634 3635 2626 3636 2893 227 3637 3638 3639 3640 1698 3641 3642 2969 3243 2748 1309 3643 3644 2854
373 3646 3647 3648
374 296 3650 2500 1390 3651 3652 3653 3632 1916 3654 3655 3656 1738
375 3658 3659 1338 3559 2790 2513 193
376 668 2581 3660
377 3662 1086 297 3663
378 3665 3666 3667 3668 3669 3670 168 3671 3663 3672 3595 3673 3674 3675 3676 668 1295 3677 3678 3679 1307 3680 3377
379 3681 3682 2257 3683 1866 1137 3663 2523 2331 2162
380 3070 3476 3684 3685 3686 1050 178 3687 3688 2332 3689 2360 3690 3691 3692 3693 2417 1966 519 3694 3695 1809 3696 3697 3698 3699 3700 3701 3702 3703 3657 3704 2782 3705 2983 3415 3706 3707 736 3708 3709 1339 3635 3710 3711 3712 88 3713 1960 3714 3715 2987 3716 3717 3718 3719 1199 2504 2830 2363 3720 3721 1551 3722 3663 3654 2834 3367 2416 3723 2969 3724
381 3726 3727 2017 1316 3663 893 3728 3729 3730 2143 2351 3731 233 3732 3733
382 2900 3736 3663 3737 2749 18 2281 2409
383 3663 3739 183 3740
384 1299 3743 3744 2351
385 86 3746 3747 3748 3749
386 203 3751 3605 383 2454 211 3752 1915 1608 432 3753 3754 1425
387 1080 2735 3756 3757 3758 3759 3077 918 3736 3760 1922 3761 604
388 1271 1706 3762
389 3763 3764 1079 3765 3766
390 3767 484 3766
391 3770 2453 3771 1558 2040 668 3772 3773 290 3774 1092
392 3766 2558 3776 3777 3347 1702 3778 3779 1738 1465
393 650 3780 3781 1306 1087 2451 3766 70 2541 477 1256 1553 3782 3783 931 3784
394 3766 2428 1964
395 3788 3766 3789 3790 3195 2460 3791 3792 3538 3793 551 328 1137
396 3766 2125 1088 3795
397 318 261 3798 128 3766 3799 227 624 321
398 3221 3801 3802 3766 52 406
399 3766 3804 3805 3806 3807
400 3809 3810 3706 3811 3812 133 2594 200 1306 3813 657 3814 3815 3816 3817 3818 3819 3820 3821 3822 3823 3824 3766 2953 880 3825 3604 3826 3827 2704 2040 567 3012 3828
401 3830 774 3176 3831 3437 3832
402 3437 3323 738 3834 3835 2865 3836 3837 3838 144 2339 431
403 3437 3841 3832 2686 3842 3219 71
404 3437 3832 3844
405 3369 2338 2900 3847 3848 3849
406 3851 3852 3853 2900 207 218 2512 3854
407 3855 12 3856 1861 153 2384 3857 3858 2652 2476 2900 3805 3859 3860 2299
408 3861 3862 2900 175
409 3863 2900 3864 3865
410 3867 3868 1407 1137 434 3158 3869 3870 2162
411 2900 3872 2686 3873 3844 185
412 3030 567 1501 3772
413 3874 1718 724 3631 2900
414 2900 3875 3876
415 3879 3880 3881 2900
416 1276 2900 2950 317 3883 3884
417 1170 2238 3885
418 3180 2900 3886 3462 3622 3887 898 3888 502
419 3890 448 3891 2900
420 2900 2871 1267
421 2900 2722 3895 604 3896 2424 2239 3090 3897 2643 3898 3899 3900 1387 1306 1369 3901 3902 3198 3903 3904 1278 3905 3906 1281 3907 3908 3909 3910 2174 46 3911 3912 3552 767 3913
422 2900 3915 3916 3917
423 3736 3916 1095
424 1194 3921 3922
425 3924 1237 2900 893 1532 869 864 607 3925 3114 2730 70 516 3926 1152
426 3927 2900 1137 3167 1775 3150 1290 2702 2359 3218 3928 250 3929 285 3195 3930 3931 1331 3265
427 2900 894 865 3933 3934
428 1792 3935 2900 3936
429 309 588 1737 3938 3939 1990 398 2900 1667 973 3940 3941
430 2900 3943 477 2013
431 2749 1819 1858 3795 3429 3946 2900 2226 1878 3947 2236 3948 21 3488
432 3950 715 3951 2900 718
433 2900 3953 1630 3809 3954 2402
434 2900 3462 2416 2819 1441
435 1969 3956 2900 3957 3611
436 1868 2900 2205 2282 2159 1596 2399 2397 2295 2487 2488 2290 2291 2292 2293 2398 3959 3493 1601 3960 2296 2115 1603 1604 2116 3961 3962 3963 2668 197 1227 3964 3336 1617 1619 3965 3966 2324 3967 1611 2121 1609 1610 1615 1616
437 1994 3969 2900 3970
438 3973 3224 2900 1735 2707
439 3868 3976 3977 3408 487 3978 2236
440 2236 3980 3981
441 2058 3984 3985 133 3986 2554 3987 774 2236 3988 535 1652 3989 3990 1232 3991 1517 3992 193 3993 3994
442 3995 3996 584 2236
443 2125 2236 2193
444 2236 3999 4000 4001
445 2922 3834 204 1169 181 2236 4003 4004 3450 201
446 2236 4005 4006
447 4008 4009 4010 2084 4011
448 4012 4013 4014 3813 4015 2236
449 2236 4017 1338
450 3821 4019 4020 1966 2236 4021
451 1529 1541 884 4022 1134 4023
452 2737 4025 4026 4027 2916 3300 4028 2625 4029 2957 4030 2236 2579 426 1643
453 289 3929 767
454 4034 4035 2456 4036 4037 4038 4039 4040 4041 2513 4042 2425 4043 4044
455 2110 1829 4047
456 4048 2749 2646 434 4049 4050 4051 3224 113 3651 1592 2484 2849 2258 4011 2084
457 793 4052 810 4053 1688
458 4055 4056 4057 2911 1625 1649 4058 1679 4059 1706 594 1393 2692 4060 4061 3 4062 214 4063 387 14 167 4064 4065 4066 3986 24 4067 1651 4068 27 2154 2665 4069 2712 2398 2637 2262 4070 2492 4071 197 4072 3244 4073 2535 831 855 4074 2671 4075 2172 4076
459 4077 164 2160 1213 1112
460 3832 4080 4081 4082 4083
461 3629 3232 2332 3832 3841
462 1078 2816 266 2913 1137 4086 4087 1360 4088 111 41 925 3015 190 4089 1338 2714 4090 1782 2221 1355 2371 2610
463 1210 4092 2577 2359 4093 392 1295 4094 408 27 2585 1987 4095 4096 18 4097 1955 4098 4099 4100 387 468 4101 4102 3712 4103 386 4104 3236 1501
464 4106 4107 2653 4108 4109
465 4112 589 4113 3938 1406 3596 4114 4115 4116 4117 597 4118 2387 4119 1346 1736 4120 2518 588 3534 4121 2952 4122 4123 4124 2410 2121 1609 1610 3137 1619 3968 2122 2836 2123 2326 4125 1614 2214 2215 4126 3247
466 1487 4128 4129
467 4131 4047 1396
468 4132 4133 3130 3612 774 4134 545
469 293 2774 487 157 4135 1142 4136
470 3130 4139 4140 4141 4142 1905 329 2269 133 4143 4144 193 4145 4146 4147 4148 101 4149 2251 2248 4150 2774 3772 4151 190 4152
471 4154 4155 3240 2753 2774 893 3012 4156 298 4157 56 4158 4159
472 2626 4119 4090 2774 4161 2371 176 4115 3732
473 4164 4165 488 4166 4167 432 1733 1137 220 436 4168 4169
474 2141 477 4171 4172 4173 4174 2933 1673 1749 4175 4176 4177
475 4179 4180 1750 1895 4181 774 4182 878 202 3109
476 4183 4184 2815 4185 4186 1114 4187 4188 2394 4189 2262 2118 4190 2168 3249 52 2838 2839 2840 2761 458 1892
477 4192 4193 4194 2619 2837 4195 4196 2414 4197 4198 4199 4200 4201 4202 4203 4204 4205 4206 4207 4208 1889 4209 4210 4211 4212 4213 3524
478 948 4216 4194
479 4194 4219 178
480 2191 4194 1069
481 4222 4223 4194 207 4224 4225
482 4194 4228 3813
483 3703 4194 2987 4230 4231 1735 3626 3716
484 961 4219 2385 1249 2274 2859
485 4235 4236 4237
486 4240 4241 4242 4243 4244
487 3094 4245 4246 3198 4247 1234 4248 2496
488 2606 770 4250 1600 2115 2163 4251 4252 2119 2325
489 4253 2176 4254 2175 3205 4255 4256 1922 4257 2070
490 4259 2606 4260 4261
491 4264 3892 4265
492 4267 4268 1635 3389
493 4270 4271 2861 4272 2501 1635 550 4273 1784 3744 4274 2914 4275
494 4278 4279 4280 2191 3599 4281
495 1402 1996 4284 4285 4286
496 4288 4289 3393 937 4290 2575
497 4293 4294 4295 983 709 4296 4297 973 1433 1095 4298 969 1389 4299 959 2501 551
498 4301 4302 4303
499 2274 4305 1396 4306 2569 1922 3394 2925 35 2501 2809 1151 1137 50 1888 3516 4307 4308 4309 4310 4311 4312 2673 4196 2413 1889 1894 4313
500 4316 4317 4318 4319 2449 2096 4320 1729 4305 4321 4322 4323 101 3165 4324 2760 4325 1525 4326 4327 4328
501 3281 4330 469 1295 1955 4331 4332 432 4333 4334 211 4335 178 1232 4316
502 4316 4336 2100 2260
503 4316 4337 4338
504 4340 4316 4341
505 4316 1183 4241 947 4344 1997 4345 1865 105 2238 236 4346 4347 1537 1163 3825 2718 4348 4308 429 356 2513 3240 2985 482 4349
506 4351 4352 4353 4316
507 1821 11 2647 1864 4354 3129 616 618 3482 2756 4355 2158 1594 1595 1593 4356 4251 1606 4357 2426 1612
508 4336 1736 4316 4358 4211
509 4360 4336 4361 4362
510 4336 4365 4366 4367 4368 4369 2631 4370 4371 4372 4373 4374
511 4336 3704 4376 4377 3330 2332 2496 4088 4378 4379
512 833 4382 4336 4383 4384 3275 486 4385 2939 4386 2717 4387
513 4389 1635 4336 4390 4391 4392
514 2788 4395 1520 4396 4397 557 4398 4399 4001 328 4400
515 3491 3341 4403 4404 4405 2190 888 4406 4407 4408 220
516 4411 1081 3919
517 4413 4153 4414 3376 2657 4415 2765 1259
518 4090 3379 3575
519 3127 4034 4417
520 1172 4420 4421 4422 4423 4424 4327 4425 4426 4335 4082
521 631 3482 1545 1476 4427 4428 4182 4429 3240
522 2946 383 2961 1919 2500 1341 4431 4335
523 4180 4432 4335 4433 229
524 2976 2723 4436 2984 4437 4335 4438 2953
525 1960 4441 1953 4442 3833
526 4335 3963 4444 2351 918 4189
527 2584 3799 4445 2747 1145 3482 4335 774 4446 767 2513 3605 737
528 3412 4447 4448 4335 4082 1817 4449 4450 4451 1983
529 4453 4454 4335
530 4335 1151 4455 474 4456 1048 2022
531 4335 4010 2361 4459 4460 4051 4461 3275 3209 390 2943 4462 3497 4154 4334 4463 4341 4464 4465 3558 4466 3469 4467
532 4469 3809 4335 4470 4471 4472 4473 4474 4475 4476 4477 4478 2574 4479 4480 4481
533 4483 2091 4484 3645 4485 4486 4335 2747 4487 1938 1551
534 4489 4490 4491 2260
535 2016 4335 4492 2724 9
536 4493 4335 718
537 2068 4335 4082 4495 2085 3215
538 551 4496 4335
539 4335 170 4498 2631 2820 4499
540 4335 4 7 10 1860 2751 4501 655 1875 2581 703 181 4502 4503 3482 2882 3959 2117 2118 4504 197 4283 2307 1559
541 4507 4508 833 4335 1199 3575 1410 4509 4510 227
542 1210 4511 4335 291 1519 4512 4513
543 4335 4516 2609
544 1083 4335 253 4519
545 1125 4522 4523 4524 4146 4525 4526 4335 4527
546 4529 880 2259 4530 3027 4531 3222 4532 4533 1594 1756 38 69 1781 3547 4534 1583 1344 4535 4536 4537 4538 1178 668 1183 3918 4539 2377 4540 4541 1315 4542 2672
547 3799 4543 2557 2219
548 1588 1590 3799 2513
549 3799 2779 4025 1630 3492 2241
550 1264 804 1386 604 4545 2450 906 4546 4547 4548 4302 4523 1186 4549 3109 2052 3617 1256 3413 2238 3799 2424 2377 2694 3930 4550 4551 2375 4552
551 4553 4554 1391 412 205 1310 1212 2946 2445 1579 2985 2026 4555 4556 3677 101 4557 1737 1147 1781 4558 352 3680 588 3799 925 1256 4559 4560
552 3799 4563 3559 4564
553 4120 4565 3799 1264 4566 1839 1092 1159 565 2600 4567 865 4568 1338 4569
554 3368 865 3799 4570
555 4572 2136 989 1716 1434 975 4573 1714 1395 3799 3173 4327 117 4574 4575 1964 205 178 4576
556 3799 925 4577 874 1169 4578
557 2499 4451 1192 571 1273 3799 4580 4581 668 3124 4582 4583 3690 4584 1229
558 4586 2273 4089 4587 4588 3799 4427 4589 4590 4591 4592 4593 4594 4595 3600 4596 4597 1465 4598 1483 932 4599 4600 4601 157 3764 4602 4603 4604 4605 4606 1476 4607 938 4608 3049 4609 486 4610 4611 4612 4613 141 1116 4614 4615 142 1238 4616 4617 181 4618 3379
559 3799 4620 72
560 2359 4623 20 1876 4624 4625 1589 2154 3799 2205 2913 4626 4627 1789 910 4628 2282 2295 4629 4630 2404 1881 433 3094 624 2596 4631 4632 3139 855 4633 2008 4634
561 4636 3183 2755
562 4638 4639 4640 4641 2154 3807 3799 181 896 2143
563 4642 4065 4643 4224 3336 4644 1757 3799 4645 3229 2923 3173 4041 3989 4646
564 3799 1396 318 894 4649 4146 4650 137 4651 4652 1983 4190 1734 2660 4653 317 4654 4385 3173 4655 4656 4657 2789 1232 4658 4659 1381 1535 4660 4661 4662 4619 2028 2914 4663 4664 2855
565 4665 1201 1206 4666 3799 611 4667 3058 3951 738 624 3834 4668 3167 4669 3827 1238 3581 4670 865 2210 4671 4672
566 668 3591 4673 799 4674 4675 347 3362 3799 3237 4676 2221 4677 4678 4679 4680 70 4681 4018 1278 3613 3577 4682 4683 1390 516
567 1734 3799 4684
568 4687 4688 3834 1129 4689 4690 4691 4692 4693 4694 779 4695 290 28 2757 4696 4697 4698 2525 4699 4700 1734 4701 3476 4702 466 4703 4704 36 2055 2114 2326 1591 4705 4706 32 2395 4707 4708 3095 2758 4709 4710 3799 4591 2406 4711 1150 4712 1604 2116 33 4713 1334 2885 2884 2886 1134 4714 2107 3644 4715 4716 3509 2183 4717 2006 2492 2308 4718 50 2310 2316 502 2317 2121 1615 1616 2409 2324 2536 4719 4720 2414 2319 4721 3965 2211 2413 3966 1609 1610 2670 4722 4723 4724 2510 3516 4307 4725 2325 1888 51 2671 2320 4726 3249 3519 1887 2214 1893 4727 4308 4309 4311 1626 4728 3521 4729 2838 2840 4730 4731 2839 2673 2675 4732 4733 1891 2543 4734 3885 4735 4736 2676 4737 4738 2677 4739 1894 4740 4741 4742 1889 4203 4310 4743
569 3799 3334 4746 3764 128 4747 212
570 2221 4619 3799 103
571 430 3799 4750 1326 4751 2747
572 3799 1817 3649 4753 1991 2056
573 3799 201 4756
574 3549 3799 4758 1301 3209 2931 4759 4760 4761
575 4763 4764 70 4765 4766 3799 1112 4767
576 3435 3799 3955
577 3089 4769 4770
578 3900 4262 4771 2660 3077 24 4772 1745 4773 4774 2379 4775 4776 599 4777 3265 4778 1087 2777 4779 4482 4780 4638 1780 1737 3799 4781 1338 1023 3860 4782 3603 4783 4784 3843 4048 4119 4785 1741 4786 4787 4788 398 4789 4790 1409 4791 4792 4793 4794 1407 2970 4795 1404 1806 4796 2080 4797 4798 2387 4799 4613 1084 3347 4800 111 451 4801 2451 3933 4802 4803 4804 4805 4806 1972 1729 545 4647 370
579 2508 38 1363 3799 865 2377
580 3799 3015 70 4809 1403 2746 4147
581 1868 4810 770 4811 3482 3154 1983 28 2113 1598 2284 2174 2283 2287 1594 1597 1593 1595 1591 1592 4812 2485 2392 2666 842 3799 1596 2159 2288 31 1600 4813 4705 2290 2487 832 2160 2758 2488 2291 99 2285 1601 2115 1603 1604 2116 33 2404 2403 3961 3962 2117 2590 253 2669 1617 1618 853 2324 852 3967 3966 1619 1611 2121 3137 1609 1615 1616 3968 2122 2409 3965 858
582 4815 4816 3799 545
583 2730 3799 45
584 4819 2085 1295 4820 1464 3799 4821 2242
585 122 3799 4823 3195 3049 1369 4110 3230 3203 4266 4636
586 4824 2701 1783
587 4825 4826 1256 4523 1829 4827 3981 2228 4828 4829 4830 4831 4832 706 3617 4833 433 1151 1553 1333 4834 3413 4835 3871
588 1309 3641 1347
589 1333 4838 4839
590 3259 3605 869 1342 278 4840 2894
591 4841 545 4842
592 4699 2873 1820 3076 2751 477 20 28 1596 3092 1151 2490 2854
593 4844 4055 3443 4845
594 4846 4847 4017
595 4848 4849 1958 4055 4850 2820
596 4853 1867 2961 2442 4055 843 2973 4854
597 4825 4856 4055
598 4055 435 1450 1078
599 4020 4104 3415
600 4860 2254 4861 866 1817 4862 1801 2986 4863 4104 3 811 4864 2226 4865 4370 4866 4867 1338 462 1213 4868 19 4869 2811 4568 4870 435 1328 2830 470 4871 3924 1775 4787 118 2136 334 398 1693 4055 4295 2338 4872 3167 4873 4874 4875 799 4876 4877 1707 4878 648 889 4879 1389 4139 4880 1433 567 3233 2766 4881 783 4667 448 2045 1840 4882 4883 3169 2702 4884
601 545 4281 2384
602 4886 4055 877 4887
603 4055 4153 1306 2785
604 1248 4055 2068 3933
605 1045 4055 4824
606 4055 4280 4890 2035 1217
607 4055 210 4892 786 704 4893 2208 4722
608 2494 4055 4894 4895 2743 4896 178 4413 4757 4897 4898 211 2394
609 4055 4900 3251
610 4055 3662 1210 817 2946 4901 2426 4902 2663
611 4903 4904 2747 1739 1301 624 899 3347 4683 1780
612 253 4907 1333 3549 887 4 1312 2650 1789 24 4257 3092 893 2526 1499 4908 4909 1136 4910 707
613 4825 4912 4889 4913
614 4915 1266 4916 4917 881
615 3874 770 4919 4085 4904 2014 1083 4920 4921 4390 3382 2084 212 4922 4153 3320 4923 3830 4647 4757 3396 2237 4796 2952 4911 4915 4924 894 4925 3350
616 4085 4458 4915 4926 3946 268 4927 3657 4864 3655 3843
617 4915 4929 566 4051
618 4915 4931 4932
619 876 4915 4935
620 2751 4085 1118 4936 2007 925 4937 3629 655 597 1056 2283 4688 2377 818 4938 4939 1151 4940 2727 2305 4941 3545 738 4942 2308 47 4943 2631 4514 2310 4720 1884 4944 4945 4946
621 4940 4948 4949 4950 4951
622 4940 4954 4376 4955 579 3372
623 4940 2697 2447 3108 937
624 4940 2566 4261 3039
625 4956 3809 4957 4101 4958 1305 1551
626 4940 2942 2643 4960 4961 4529 2355
627 38 1364 4963 1267 4479 4940 4964
628 4940 4966 4967 4968
629 2750 4970 3074 701 12 4940 2257 4501 3737 4971 3611 4972 2416 1405 4973 4974 2982 4975 4976 2157 4264 4977 2912 2282 4978 2525 2486 2160 1601 2298 2403 1096 33 433 4979 851 4153 4980 4981 1612 2269 3738
630 4982 10 4983
631 4982 474 2022 3012 3527 1479
632 4986 4982 4987 4988 1535 610 2016 737 4989 4990 2718
633 4991 4992 11 2647 1864 3076 2876 13 1585 1868 702 4993 616 2524 1878 4994 704 2501 4349 2296 1084 2485 3242 705 1600 4995 4996 4997 3115 1618 2320 4722 4982 4998 1629
634 4999 4982 407
635 5000 394 5001 4982 3415 5002 738 5003
636 1776 1972 194 5006 4102
637 2789 5007 2782 5008 5009
638 167 1964 5011 5012 5013 4522 5014 1086 5015 2783 5016 5017 5018 3435 5019 2904 4222 5020 2763 5021 2770 2618
639 3435 435 5022
640 4270 3435 2744 5024 5025
641 4384 5027 4844 1334 1651 5028 865 4613 3382 5029 178 3294 113 5030 3435 1232 133 3386 5031 2 5032 774 5033 4564 1782 202 1161 2192 3467 3725 5034 193 4972 4999 1078
642 4900 5035 5036
643 2344 5037 3504 5038 5039 5040 5041 2575 627 5042 5043 2420 3435 4024 5044
644 4024 1289 5046 5047 5048 5049 3814 5050
645 5052 2013 1635 4530 703 5053 5054 3352 5055 3381 5056 1588 2486 5057 4544 4024 2374 379 4994 2771 5058 1547 4341 2084 5059 2010 2191 2462
646 3814 5060 4024 5061
647 4024 5041 3374 5063 5064 5065 5066 5067
648 4034 4894 5068
649 4154 2068 5069 5070 3834
650 5072 2657 5073 5074 5075 5076 5077 2033 5078 1928 2783 1306 2701 5079 5080 5081 5082 5083 2430
651 5086 3290 2713 898 5087 5088 2461 3116 1256 2424 5089 304 1620 937 5090 5091 204 2931
652 5094 821 218 4405 5095 5096 3682
653 5098 5099 1878 1599 5100 5101 4797 5102 5103 5011 2311
654 5105 898 1296
655 5108 3232 5109 5110
656 544 3467 4912 5112 5113 3232 5114 5115 770 551 2777
657 3232 4153 2749 887 0
658 5117 5118 5119 5120 5121
659 4090 2174 1970 3366 3741 4118 5124 492 1137 5125 5126 5127 5128 3325 5129 3396 5130 3871 538 1704 1953 4443 5131 783 83 5132 5133 5134 5119 5135 5136 5137 3493 5138 2279 3949 5139 5140 5141 2964 5142 3960 5143 5144 5145 4865 2007
660 5119 5046 5147 3958
661 1295 157 5149
662 4977 5150 5151 650 5152 5153 5119 281 5154 1295
663 5155 3471 4857 4118 3410
664 5157 4207 5119
665 774 5160 2428
666 5163 4917 2428 1396 38 3670
667 167 5164 2428 5165
668 5167 2428 1964 205 1798 5168 624 5169 5170
669 2428 2997 1977 5172 2210 3804 5173 1741 2405 4008 5174
670 5176 5177 167 2428 1966 5164 1284 4529
671 4448 2428 4341
672 4907 5179 2428 167 297 1725 1635
673 55 1160 5180 1632 1295 669 1347 3129 5181 5182 1254 5183 5184 624 693 5185 3944 5186 871 5187 5188 5189 2428 167 1352 339 263 1527 2979 154 2449
674 2428 5165 4360
675 5193 2428 877 1360 5194 5195 2809
676 5196 2428 1249 1964
677 165 2428 176 5197 5198 567 3175 5199 3043 5200 3845 278 3295 4953 5139 5201 5202 946
678 2428 5203 1308 1192 1201 1967 133 909 5204
679 1229 636 2513 4964 2642
680 2426 5206 5207 1501
681 5209 5210 5211 5212 1396 3903 5213 1985 194 413 4931 5214 5215 5102 1655 3057 5216 2204 5217 3570 2607 254
682 5218 1135 2428 1138
683 5219 4367 194
684 5221 4119 59 114 2573 5222 925 1044 5223 3809 5224 2040 5225 493 5226 5227 3830 5228 500 5229 1966 167 5230
685 5231 5232 2142
686 2346 4380 930 1238 484 1966 4732 3259 597 5234 3764 3046 5235 655 1137 1327 5236 4379 5237 331 1403 5238 5239 3173 5240 937
687 1966 38 2893
688 5243 1966 3662 5244 2134 278
689 5247 1966 5248
690 2919 2814 813 243 2017 3259 5249 5148 4456 2893 5250 4704 471 1655 5251 1126 3542 5132 2927 1966 5252 5253 5254 448 5255 551 2713 262 5256 1916 5257 5258 3362 5259 5260 2022 5261 5246 913 3533
691 5263 1966 5165 2193 5264
692 2702 937 5266 4267 5267 1636 5268 1328 430 1350 455 5269 3919 1137 5270 2913 3871 427 5271 377 5272 2806 460 3167
693 1966 167 5274 5013 551 205 1783 2745 893 2501 5275 3755 2726 3795 3429 4593 1726 5276 5277 3903 347 5278 1994 4511 4798 3194 4390 3578 5279 5280 384 5281 2717
694 5284 1966 167 1284 898
695 1862 0 2427 1821 2647 1861 4354 1857 2846 1866 1080 1932 4875 1878 3563 1966 413 5287 5288 3138 2283 2484 2393 2395 2666 1594 1595 2392 2489 3960 1601 2406 5289 2491 3511 5290 5291 254 5292 5293 3967 3965 1615 2211 860
696 5295 2230 5296 458 5297 3492 1966 5013 3057 1798 1964 2433 1932 4825 4046 2609
697 3930 3988 2725 1966
698 4344 3802 5141 2958 5299 5300 1966 5301 3182 406 4331
699 5303 1655 3802 5141 1964 2373 1966 1055 3082 5304
700 5305 5306 633 5307 1946 1295 3276 1966 5308
701 1966 91 5310
702 1966 5312 2847 5078 5313
703 2141 1980 1966 1964
704 5316 5317 665 5318 71 4704 4270 2359 5319 3807 4503 5320 786 1289 1966
705 5322 1966 5323 70 3453 5324 194 1655 2130 2991
706 5327 3043 5328 5282 1966 167 578 5329 5330 5277 5331 5332
707 5333 1044 2058 2768 1212 3027 869 691 5334 5335 2165 4889 2811 2510 1229 3032 5336 5337 1403 1391 133 1383 5338 4767 5339 4226 774 3142 5340 5341 4896 871 5342 5066 3820 167 5343 5344 1743 5345 5346 1966 3224 5347 2734 931 4572 5348 565
708 698 1708 5350 5351 1966 4878
709 5352 1966 5353
710 1966 167 205 5013
711 144 2621 3106 4659 330 2381 2855 1458 5354 3434 185 318 5355 1966 3974 2711
712 1402 5356 1966
713 5358 1966 1658 5130 1704 390 577 3769 5359 5282 624 5360 3220 3025 5361
714 4867 4866 2902 1966 402 167 664
715 4861 5362 1966
716 2449 1210 3080 1966
717 4489 3895 383 1966 4119 865 5364 5365 5366 5367 4518
718 2369 5369 2803 2241 5370 2394 2190 4521 5371 2894 624 243 1966 167 5372 111 5373 5374 333 5375 1170 5376 869 5231 5377 2204 4467 1192 16 5378 1355 278 3044 596 3809 551 5379 261 5380
719 5381 5382 1205 1966 167 1817 5383
720 1966 4732 5385 138 3453 481 2344 3356
721 167 96 5209 5386
722 5387 167 3386 4089
723 5388 4472 5389 210 2017 3230 5195 5390
724 4477 4529 5392 5393 865 167 1083 2457 3005 5394 2689
725 1817 2068 167 3352 5396 3360 4116 1976 5397 1220 5398 2040 72 5399 5400
726 3410 4787 167
727 5402 5403 5404 5405 167 1770 5406
728 2041 5408 5409 5410 5411 167
729 2190 67 167 5413 2063
730 1964 167 4318 5315 2220 1338
731 167 5416 1294 2575 194 5417 3672 5418 2141 5419 1600 5364 68 4416 5420 1704 5421 5422 4013 5423 2296 4417 1323 3282 306 2017 5424
732 4770 4769 194 5426 5427 386 5428 5429 3503 1661 2103 2904 5154 138 24 3689 786 1704 2225 2782 5430 3012 5431 1358 4746 5432 2987 5433 5229 844 2973 5220 5434 167 5435 178 5436 4650 42 5437 4949 5438 2238 4700
733 5439 2594 1352
734 5441 167 1184
735 3259 5443 3575 486 2922 869 3379 5444 167 5333 5445 1498 3317 5446 1783 1630 3744 1340 3415 2747 1779 372 4184 232 111 1396 5447 201 2454 2450 1134 4880 4322 3267 71 1940 4402 1161 799 261 1060
736 5449 460 167 5450 469 194 2255 5451 5452 278 5453 416 492 331 486 5454 379 1743 5455 5456 5457 5458
737 1775 5460 5461 4283 167 4051 1291 5462 4171 2658 5321 5463 5324
738 5466 4574 167
739 167 5467 3729
740 5468 5469 2730 5470 167 5446 70 4983
741 1137 167 5473 4619
742 2594 3668 5475 3410
743 167 4174 5476
744 1845 1846 1271 5477 1428 167 1433 846 774 672 71 3069 1248 5478 5479 331
745 167 5182 2001 5481
746 4184 5482 5483 5484 1922 5485 3684 4246
747 1694 1147 167
748 4016 5113 2134
749 3689 167 5486 5487 5488 682 4090 1655 5489 4754 5490 5491 5492 4178 5493 2083
750 5495 780 167
751 167 550 5483 366
752 5496 1963 4704 5497 4513 2936 5498 4216 1379
753 1256 1817 2721 4115 2219 5500 3098 5501 3720 5321 2188 2607 5039 167 1044 2022 1364 2496 1975 4929 5502 425 178 1553 5503 5504 5205 3815 4563 5505 5506 219 3005 3397 214 2265 3175 2862 4957 5341 1137 5507 5121 3041 2142 3853 5508 2017 97 290 5405 5509 5510 5511 628
754 464 1797 194 5513
755 1286 101 3215 3764 5514 5515 55 3003 3600 5516 5517 167
756 5518 5519 1129 1295 268 5520 5144 5521 5522 167 5523
757 5526 1655 1184 5527 167 5528 5529 4178 5530 588 5438 5488
758 5532 3334 5533 5534 5535 167
759 167 1396 1635 5536 191 192 2405 5537 2351 618 3454 2100
760 167 5539 4830 5461 1094 5540 1162 3032 5541 5542 2718 204
761 5545 167 5546
762 4654 185 167 2594
763 167 4483 5548 5549 21 2532 5550
764 167 1256 253 2920 38 5164
765 5553 5554 4483 167 4767 1994 5555 5556 5557 1406
766 5558 5559 167
767 1201 261 5560 827 167 5561
768 167 1284 1834 551 2655 2809 5562 5357 3424 4245 5563 5564 5565 1441
769 167 2006 1333 2103
770 5569 4093 167 170
771 167 1798 5570
772 5571 3368 167
773 5574 167 5575
774 5577 5578 4824 5429 5030 150 5500 5015 627 4128 5579 2684 5580 5581 3208 5582 167 5061 2735 5583 3555 5584 398 5585
775 1817 3559 5586 167 5587 185 1783
776 5588 167 774
777 5589 68 1349 5008 167 545 4636
778 393 1929 3502 167 2933 5590
779 609 5591 3294 4973 4192 5592 167
780 799 384 4229
781 167 2131 1273
782 775 2190 1171 167
783 3665 4201 97 3818 1655 3057 5328 1985 4079
784 167 3757 114
785 5596 4114 4279 167 253
786 167 4280 4825 3754 232 1396 5597 1344 5598 2445 4273
787 167 4427 2088 5600 5601 5602 5603 2463 5604 1476 1464 5605 5606 1209 124 5607 5608 5609 5610 4182
788 601 1562 2000 3312 1565 1316 3891 5612 3690 725 2755 5613 723
789 391 425 5614 5485 57 5615 5616 167 5617 2995 150
790 5619 4302 1360 3369 5620 71 3804 4705 4706 2360 4367
791 1295 5621 1137
792 167 3336 89 205 469 2496 1229 5622 2971 704 4187 4994 4784
793 4117 2725 5625 3821 3817 3816
794 1184 3259 3200 2722 5626 831 5627
795 1184 5013 5628
796 5370 1184 5631 469 597 2017 2186 5632 5408 4418 5633 420 4246 3362
797 535 789 1184 1102 3065 1984 1732
798 1964 1184 5634
799 5636 5637 5618 2426 1184
800 5638 1083 545 5639 5176 178 3201 3924 4862 5640 1184 3834 1396 330 5641 551 2697 5642 484 5643 129 123 3836 5169 5644 4619 3265
801 1707 1184 1069 5304
802 3012 5450 751 1736 5647 594 4113 1526 634 1676 1731 3815 1716 655 3666 1184 1967 4115 5648 4923 1414 5649 5650 5068
803 5587 175 1055
804 5653 1184 3809 5654 88 552 194 413
805 2772 1410 1137 5656
806 266 2980 4619 1184 1050 278 5657
807 1184 905 3336 2647
808 3849 1184 1968
809 898 2527 5398 1184 5662 2893 417 111 1301
810 5663 3340 5664 3504 3446 5665 3015 5553 5666 5667 5668
811 4753 5671 1302 5672
812 3440 3428 5674
813 2178 3863 893 1139
814 5675 5672 1113 462 3440
815 5677 152 5672 1289 1256 5678
816 2539 5681 5480 5672
817 1775 5672 5675
818 1847 5684 1301 331 5685 5686 4328 157 5687 5688 2763 5689 5690 3334 5691
819 1847 5692 4053 5693 2238 5694 1675 1765
820 4053 4873 5695 2388 3111 5101 5696 5697 5085 2663 4798 1579 1597 462 1847 1295 5698 5699 5700 3224 3123 5701 5205 2762 2651
821 2369 3545 4783 4689 5703 5704 1924 551 1847 4351 4763 3892
822 2384 1847 4436
823 2338 3125 1847 5705
824 5707 1211 1847 5708 2769 5709 488 1220 142 3649 2066 1324 5710 5711 5712 5606 5713 1466
825 4052 1847 1338 1866 2751 2877 2479 28 4977 2289 4502 1585 5715 2163 1587 5282 847 4997 5319 197 3135 4073
826 1996 2148 3724 5717 2512 5718 2037 5712 1396 2726 5719 5720 266 5721 2719 480 1847 2594
827 4878 2834 596
828 5723 5724 5725 5726 2338 4798 0 5727 3126 1782 1334 5365 5728 462 2721 2745 5729 4640 1151 138 4539 3737 5104 2437
829 3995 5267 393 3533
830 2338 4020 3638 2605 1378
831 2338 581 5731
832 2338 5733 4341
833 2338 2582 1801
834 5735 2338 4000
835 2645 7 9 12 2338 1878 1114 2879 3005 2262 4893 4995 5737 3244 5738 2208 3965 1612
836 122 2338 5740 2629 5741
837 2338 2647 5742 5743 4973
838 175 5261 4562 5745 2338
839 5746 2338 1553 1366
840 4482 5407 5747 365
841 5748 1088 5530 4527 599 5749 409 2338 4454
842 5750 5751 4341 3754 1982 2107 2338 4454 1338 4547 1553 2475 2110 4354 1339 2258 5752 5753
843 2338 5754 111
844 2338 1083 201 865 5755 1078 5756 4300 5757
845 2588 2338 913 4071 1110 1922 5759 3655 4484 5255
846 5760 2338 3867 5761
847 1055 1396 2913 5750 5764 2337 5765
848 2338 5767 4697 4784 2502 5768
849 5770 5756 2338
850 5205 2609 3057 5437 5773 5774 2338 2607 3809 270
851 5775 1335 716 5776 1037 718 2338 5777
852 2338 5779 5780
853 2338 3443 453 5782 5783
854 5022 259 5784 731 1017 5785 5786 5787 5788 4667 181 2338
855 2338 2017 5667 3611 5614 578 5205 3020 1094 1049 3741 2040 5789
856 2338 1360 3333
857 3109 3883 670 5792 5793
858 2338 596 2221 4952 213 5795
859 3705 2338 4118 4807 1128
860 5799 5007 3946 370 5800 5801 1641 5242 520 2877 2793 5586 5802 5803 2338 5307 2631 3342
861 2338 955 5804 5805 703 2448
862 1776 5002 1338 3754 3666 5068 2338
863 4 8 10 5807 5808 2338 5383 5809 3629 5810 4668 2367 153 2174 5811 4048 2387 1599 1084 2487 842 1600 2404 2118 5312 2582 2534 47 3967 2409 2122 2121 5812 3738 5813 3219
864 3981 3844 3352 1396 4390
865 2550 4017 795 5756 2338
866 1338 20 5815 5816 4002 802 767 2165 5817 774 259 5785 1020 597 4246 5818 4878 5819 5787 1015 268 1415 1635 5820 5821 5822 2025 1582 5823 1843 328 5824 878 5440 4360 829 731 5022 1422 5825 3572 2637 5826 5347 399 5827 1896 2338 3135 1799 2426 5456 50 2360 3787 394 5673 1612 2212 860 2126 2418 5828 494 2100 2675 5354 5829 3043 946 5830 5831 18 5832 5833 811 5834
867 5835 3453 5836 1726 4018 5837 5838 5839 1050 5840 4877 5841 5842 1516 5843 1004 310 5788 250 2028 3685 5844 3528 5845 1402 2909 2081 1231 3262 2338 253 3611 1560 1741 5846 3692 275 3126 5644 5645 1720 5847
868 1142 2338 194
869 5848 4389 5849
870 3805 2338 1338 5850 294 5851 5852 5853
871 2338 2706 3485
872 750 4544 2338 968 4301 822 4916 5124
873 2338 3848 5856
874 3442 710 3240 2338 5857 5858 4904
875 2257 2751 2338 1878 1114 2113 616 618 4257 2478 1590 2112 5860 3962
876 5862 968 5863 2572 5864 5865 1050 949 5866
877 2338 4017 1338
878 4053 5868 2392 71
879 2 4110 4053 5869 2510 2513 83
880 4053 3754 4665
881 2103 1356 5870 5871 5872
882 5873 5874 495 4053 515 582 3440 5228
883 3362 1451 5875 5075 157 168 5876 3613
884 5877 2383 5878
885 5879 2653 387 5880 3068 5877 1931
886 5877 278 3925 5881 5882 5213 3033
887 2126 3919 5877 4302
888 5885 731 18 5877
889 5877 1494 3845 2850
890 5888 3352 2445 5141
891 5889 5823 4965 891 5648 3209 1045 5890
892 5891 3762 172
893 795 1349 3762
894 5892 5435 3762
895 3762 3082 1348
896 5894 5728 3192 317
897 5896 5897 5728 2471
898 5900 551 4405
899 2386 5728 4186 4085 5902 893 4538 3737 3195 434 1809
900 3834 4375 551 2747 1142 658 5904 5905 5728 2600 1295 5906 2494 1159 5907 942 4341 181 3100 5908 3692 3605 317
901 2922 3686 5910 5114 5911 3953 738 1103 5912 2539 5913 5173 2540 893 1635 5914 3334 2598 2583 5915 5916 5426 374 3593 5682 5917 5792 5918 5919 3731 5416 5920 5921 2816 5922 5923 5728 1373 5924 5925 5926 4300 1306 5927 5457 2453 5928 71 4292 5929 578 4874 5930 1907 1840 5931 5932 5933 2041 1658 5482
902 5936 3692 3793 5728
903 1373 5937 3724
904 923 1527 3257 5938 4653 1161 1373 5553 5577
905 1245 1922 2241 779 5939 5940 5941 1212 1373
906 178 2060 5618
907 1373 755 5943 5406 5944 5945 5946 5495 3010 5947 5948
908 2384 3447 2055 5234 5951 5952
909 5954 1373 4226 111 2732 5955 5956 4582 2631 5957 4139
910 1867 734 1360 38 1635 1977 665 5959
911 5961 4436 2070
912 5962 5675 5552
913 1396 5964 2804 57 5965 1154 2519 1150 2722
914 2603 3877 5675
915 2810 4977 4164 4861 1855 1838 627 4338 3735 2469 5967 3525 1295 4686 4998 3931 5968 5969 1265 1185 5565 5970 5971 4411 4477 4914 1347 2587 4962 1909 1955 5972 3055 2697 5973 5974 5975 1306 5976 4807 5042 5977 5978 5979 5980 5981 5982 5983 5629 5984 1853 5985 2987 3223 2268 5986 5987 175 702 5988 5645 3731 2946 4095 1273 2737 906 5989 5990 5991 5016 3937 2817 5992 3396 212 3897 1281 5993 5994 3326 5995 5996 2155 5853 5997 5998 4849 5999 5588 6000 6001 6002 6003 3908 6004 3899 46 6005 5208 3504 3505 2828 6006 2457 1912 5392 4017 3152 6007 6008 5276 2861 6009 1635 4222 5123 1044 6010 2974 2975 1827 6011 3885 6012 6013 4707 4702 6014 6015 6016 2695 4502 4009 5286 2426 6017 6018 2995 2905 6019 5675 6020 6021 6022 4286 6023 6024
916 5675 1939 6025 6026
917 6028 2926 5424 2426 6029
918 4367 369 1850
919 2578 6031 6032
920 200 2697 6035
921 1776 5845 200 6037 165 5938 478 6038
922 1096 6039 2268
923 633 200 4177 6040 2648 3248
924 200 6042 3982
925 5344 5507 200
926 200 1295 544 551 2793 3334 1817 1783 6043 4110 1769 6044 6045 4896 3329 2568 681 6046 540 6047 835 6048 3498 5419 6049 6050 374 6051
927 6054 898 6055 3715 6056 137 317 200 5504 3418 2391 1096 203 1011 6057 5129 5242 4118 1907 152 6058 1905 6059 1227 2634 1646 6060 1938
928 866 6062 3112 6063 6064 6065 200 642 193 4389
929 2426 4167 1722 2686 2609 786 493 783 925 1553 1295 200
930 200 1733 905 137 2969 649
931 3300 3288 1084 2922 3211 2343 1487 4752 3612 200
932 1749 10 3469 871 1743 413
933 200 5405 6069
934 2625 128 2618 275 3335 130 200 6071
935 3415 2598 516 200 2785 5200 905
936 200 6074 2513
937 1660 200 1385 1138 1519 6075 6076 6077 657 5214
938 162 2719 6078
939 200 545 5274 1801 2471 1338 4894 6080 6081 1704
940 1991 3457 6082 200 4396 6083
941 3754 2582 1801 2583
942 6084 1724 4331 6085 253 3934 1349 4270 3048
943 2107 1349 4085 200
944 6086 1975 200 1635 5220
945 200 5157 2001 1725
946 6090 770 1870 6091 200 569 6092 6093 1087 6094 6095 1271 501 6096 5521 3563 5948
947 200 1295 4654 1212 4086 3394 624 2368 2748 1238 6097
948 3076 2257 4112 6099 200 5428 6100 5582 1876 6101 4257 2851 1114 2205 30 2481 2206 2287 1602 99 4630 2882 2116 2473 6102 6103 3511 2209
949 2257 21 4251 200
950 200 170 1125 3265 6105
951 200 786 1377 1635
952 200 1360 1095 6107 1861 1967 186 1308 6108 1822
953 2078 200 5167 4768
954 4273 6037 6112 6113 1218 200 5985
955 453 200 1553 18 413 3265 6114 6115
956 5076 4334 1340 6116 6117 200
957 200 6118 6091
958 6119 200 486 3336 3206 6120 2596 6121
959 5733 6122 200 1768 597 1338
960 5847 200 5405 1308 1137 3453 2913
961 3838 200 2686
962 200 5384 6123 5652 6124 6125 5427 5357 2970 3002 3020 2634 4962 6126
963 1962 6127 200 201 865 1334 5368
964 6129 200 178 6130 5597 2081 2192 4147
965 2789 200 6131 3787 6132 5659 2619
966 6133 200 6134 184 947 70 6135 5442
967 200 311 5765
968 1929 200 4543
969 4153 5324 6137 6138
970 5512 4153 4798 543
971 2813 5116 2204 2113 618 1114 2112 2480 1879 28 3092 4124 6139 4153 3309 2481 4187 4978 2483 4697 4698 807 2283 2284 4813 2396 916 2525 705 2399 2486 2160 2397 6140 2884 1499 2473 4760 5104 2860 1824 1612 2171
972 1919 4153 309
973 254 6143 551 4828 6144 4912
974 411 4972 398 2746 2735 2125 6037 4153 4773 786 6145 800 6146 6147 6148
975 5286 4153 6149 6150 3219 2450 2425
976 4153 2495 5568 1969 6151 6152 685 6153 6154
977 10 3787 1301 6148 786 4153
978 1896 4153 1338
979 1967 1294 6157 6158 254 5479 665 5416 4496 6159 4102 2120 4833 213 6160 1256 6161 4153 1719 6162
980 153 4153 6164 6165 6166 6167 3000 159
981 925 4924 6168
982 278 6170 4153 5205
983 3722 1087 4352 6172 3352 2550 4588 1134 1415 4153
984 6028 2330 3901 3225 5810 3226 3992 5707 4153 5167 430
985 2513 4153 6101 1095 2619 4798
986 3589 5415 4094 4153
987 2694 1908 4153
988 1044 1295 6176
989 5696 4993 2665 1589 4069 28 3092 4502 704 3489 2472 2322 4349 2394 2522 2116 3095 6177 5917 845 2272 2262 2118 706 2855 2302 197 1882 35 2303 2304 6178 6179 1704 4942 3135 4196 4092 2215 2321 2414 2670 2413 4814 4723 5035 31 6180
990 4153 3348 6182 6183 6184 153
991 1857 1782 4153 700 5 1338 5857 6186 6187 3998 6188 9 2474 2647 6189 2257 5242 1585 786 2878 4933 2730 6190 6191 1478 6192 2389 28 2113 4224 2666 2287 1592 2174 2159 2399 2489 2292 2588 2486 1599 1600 2295 1602 2274 2526 2288 2401 2491 3242 2883 705 1603 2117 3508 3833 35 47 3965 2211 2311 2410 3967 1615 6193 1609 4635 2208 6194 6195 6196 6197 6198 2411 6199 3517 3518 3523 3520 3522 52 4309 2673 500 6200 2213 4308 4313 6201 1509 6202 1889
992 4153 6203 6204 6170 2682
993 6093 4153 1266
994 6205 15 5696 6206 477 4153 6207 1598 2532 1553 916 2534 1883 2207
995 6021 4153 6209 3093 1635 6210 1295
996 4153 2987 386 2426 3544
997 2125 4153 4518
998 2107 1585 4378 2666 2397 2162 2882 4153 3607 3511 2211 5104
999 6214 6215 4819 1464 1483 4153
1000 1821 4153 6216 6217 5320 6218 4998 20 2204 2755 2747 1704 432 2395 2322 3240 2162 597 6219 6220 2394 4071 4995 3243 2552 433 3115 3508 4997 3509 6221 2311 2308
1001 1087 6222 6187 5410 2427 1271 6223 1428 6224
1002 2829 1778 3677 1660 4654 3097 2391 6225 1306
1003 4280 1306 6226 1145 4781
1004 5176 1306 5533 227
1005 1306 3379 6228 4975 2713 4017 1137
1006 1045 1306 5938 2417 352
1007 4672 201 6037 918 1306 2238 210 1983 3090 5757 2748 6231
1008 2609 6232 6233 3053 804 3639 6234 328 1306 1318
1009 1306 202 4390 4031 6235 2214
1010 1306 5022 2210 260
1011 4118 40 5504 6237 6238 6239 943 2659 6240 2874 5342 6241 939 4799 909 1306 6242 310 1876 6243 3336
1012 6244 1306 1087 6245 6246 787
1013 4009 1306 2189
1014 2768 1306 657 1396 1938 6250 6251 469 3868 2993 425 5914 1817 2721 1011 6252 440 2971
1015 1306 6147 6253
1016 1085 3556 176 6254 738 6255 1306 1907 6062 5234 3167 1326 617
1017 894 2239 5370 4003
1018 1306 4894 2747
1019 5090 2945 5597 6257 4750 1306 352 893
1020 1967 170 1306 253 387 4905 679 889 1360 2359 1553 734 18 779 674 2426 1124 5463 254 585 2447 783 801 802 865 2747 2576 3129 1212 4065 2450 3209 4499 5684 1185 6259 1170 896 317 1245 1342 4851 905 931 1226 2973 1301 101 5878 6260 1366 3175 913 2722 175 2587 6261 391 3097 5690 906 5989 4661 6262 4662
1021 6263 27 383 3561
1022 4515 6264 6265 6266 3735 2260 6126 3222 5904
1023 6267 6268 6269 272
1024 1210 1339 6271 233 6272 4341 1453 1306 6273
1025 116 118 944 4541 1137
1026 1306 3352 4301
1027 6275 1306 6276
1028 5105 3336 3490
1029 6081 201 1334 3933 1078 6278 1295 4354 6279 3890 3488 2522 2523 1596 2486 2399 664 258 1884 6221 50 502 4728
1030 1827 253 6280 783
1031 6280 201 1116 1983 293 6281
1032 5733 4341 3549 6280 1826 2722 170 1334 5573 6283 2384 5857 3725 4889 6284 10 1336 6285 1857
1033 3263 3233 6280
1034 6280 6284 298
1035 5794 6280 2427
1036 2961 3124 2722
1037 6280 1939 6288
1038 6280 4060 6290 2514 1913
1039 5426 6292 1298 5320 6293 6294 5855 4267 6295 6296 2732 6297 6298 5250 6299 3154 6300 3344 5338 5870 5016 2766 3976 6301 6302 2549 1294 697 6303 967 2238 6304 1651 786 5690 3556 6101 2113 703 4533 6305 2481 704 4882 6306 2484 2400 2293 1601 5132 4996 2884 3166 3115 3028 3244 4981
1040 1137 1817 1425 469 551 3700
1041 2014 3635 4222 4689 5614 5829 799 6263 6308 6298 6309 6310 1806 1924 6311 4948 1909 6312 1404 642 72 2691 6313 6314 5214 194 3334 387 1651 6048 6315 6316 6317 6318 6319 1937 4576 4276 6320 4270
1042 1651 2705 6322 3951
1043 1651 6151 2648 6324 4842 6325 239
1044 1651 6326 194
1045 443 4825 1651 797 6329 4143 5816 5707
1046 1651 2809 786 1884
1047 6330 2816 5562 2631 6331 893 4083 4759
1048 1651 4219 2274 6332 3450
1049 3847 6333 474 1651 3015 4809
1050 508 2718 6027 3009 6335 1651
1051 2902 2351 298 3243 1425 5950 1605 4395 4397 6338 6339 4346
1052 6340 893 1651 2513 481
1053 1651 3224 1273 1276 2274 1501 2394 3827 657 2084
1054 1651 774 1694 3323 880 317 234
1055 5651 6344 1360 1651 6345
1056 384 4824 1651 3355
1057 4229 786 6348 1487 2813
1058 3200 2645 1858 11 1651 2110 1585 453 4067 6349 4069 1676 1880 4190 5085 6350 5233 2169
1059 1651 2876 14 2111 1868 4993 1876 6352 616 4250 2478 2280 2480 1552 2384 28 2481 2523 2756 2482 2483 4698 2174 2288 2393 2286 2485 4705 1596 2287 1597 32 2285 1593 2395 2484 74 1595 2284 4706 2114 2392 1084 2274 5715 2160 2397 832 2293 4813 2398 916 99 2501 31 1880 3242 1603 1604 705 33 2163 2116 2403 3961 2118 2404 2117 3962 1881 3110 2885 35 4196 2211 4981 2408 2414 2670 2413 6196 2212 4723 6198 6353 2325 6354 1626 1627 6226 6355
1060 6356 1943 2274 6357 3833 5060 6358 1651 6056
1061 1651 672 1113 2921 6205 4067 18
1062 5016 6360 6361 3964 6362 2987 2220 6363 4462 892 5626 2417 6364 289 6365 1556 6366 2499 2455 3245 1651 229
1063 1954 774 71 1651 2834
1064 774 3865 6367 2416 2417
1065 1938 365 1651
1066 6368 3708 1651 6265 3151 6369
1067 6370 5172 1145 2417 6371 3793 6372 5982 687 413 1651 5195
1068 2174 3770 6374 6375
1069 2037 5405 2785 1651 38 1273 1276 178 2454 4654 103 140 3834
1070 578 2679 201 2361 1822 1396 1651 2662 6377 6378 4561 6379 1783 6380 6255 178
1071 5271 2488 6382 6383 6384 894 6385 1651 3721
1072 6386 3904 4384 6387 2160 6388 893 6389 2158 6390
1073 4035 6391 6392 5724 2650 4061 4280 2947
1074 1651 6394 1134
1075 557 1585 3955 2987 6396 1651
1076 1651 925 222 937
1077 1651 1816 1079 5807 3440
1078 4856 1651 1095 4699 1745 2377
1079 1651 6402 6403
1080 1651 2625 4051
1081 2174 2501 1092 1364 6407 3126 1822 6109 6408 3753 916 1651 2159 6392 6409 38 3781 1145 4941 2289 211 3981
1082 1651 6410 5050 6411 6412 2379 906 6262 6413 6414 111
1083 4928 6308 6415 2219 1651
1084 1651 2902 4287 4482 5421 4406
1085 3793 3834 101 153 6418 4089 6419 1063 261 3688 6420 384 6421 2045 3662
1086 1651 2274 6422 1145
1087 6423 2557 1651
1088 2454 3694 5526 294 1651 4017 2342 3718 2702 3559 1635 1334 3638
1089 2721 6424 3012 4704 3192 382
1090 6014 137 6328 3754 1339 294
1091 4547 2385 4046 1772 6427 799
1092 2695 2651 2749 2017 1
1093 6428 4815 1271 1085 2806 799 6429 6430 6431 3773 4783 4845 3009 1960 455 6432
1094 1696 1458 4493 6435 1342 244 6436 4580 6437 6438 5632 4039 5352 1739 5356 4567 3252 3129 1936 620 521 6439 4863 5033 1212 4188 6440 1142 1276 6441 1104 2741 3228 5384
1095 1553 1800 5365 1829
1096 3228 6443 6051
1097 3850 1142 894 6444
1098 6445 5636 3228 5453
1099 4798 6447 6448
1100 6449 3744 5245 5088 5564 4828 6450 1216 4660 317 1729 4798
1101 2830 2001 2646 4118 2913 1137 4798 6452 2435
1102 180 535 6453 1668 6454 3362 1535 6455 686 6456 6457 4798 3130 6458 1519 71 5020 1341 6459 6460 168 278 3834 872 873 2700 899 6269 6445 3028 4526 4656 6461 152 1310 3258 3302 6462 464 52 2902 2865 508 6463
1103 5148 6465 6466 6467 470 6468 5043 4502 2762
1104 2722 138 1204 2283
1105 481 3660 4798
1106 1674 208 4798 4998 1192 128
1107 6471 510 4950 894
1108 2001 6472 6473 5847 3175 6474 6261 3544 6257 170 4523 4354 5214
1109 4798 2501 2597
1110 865 782 4798 3241
1111 5077 4798 6475 6476
1112 783 931 4798 650 1876 2481
1113 4653 783 801 3558 3322 4798 3112 317 779 6289 294
1114 4798 227 1137 3251
1115 6478 190 1206
1116 5662 5718 6479 5197 5626 5862 590 6480 622 5804 125 6481 4985 6482 4819 1471 6483 124 6484 4798
1117 6486 6487 6488 6489
1118 4798 2705 4861 6491
1119 4798 3412 6492 6493
1120 5917 2000 4798 6494
1121 55 6496 4798 5694
1122 3581 2921 4824 210 1608 2040 6498 6499 3621 4798 1010 2746 6500 2947 2217 3912 4943 3087 6501 1083 1145 6502 2024 6503 3824 6504 3951 6505 2308 1216 3083 6506 50 34 4719 5200 874 4700 2309 6507 3904 774 6009 6508 3117 3159 937 380 5199 2747 5533 794 1587 6509 815 2107 6510 48 6511 451 6512 413 2375 317 6513 823 6514 6515 3518
1123 5322 3932 4798 6516 6517 6518 3473
1124 5813 6521 1828 6522
1125 2513 6523 916 3614 3348 1360
1126 3110 2450 6289 886 3614 6437 6524 5700 6525 1237
1127 3614 3076 5116 1589 1587 2281 28 6527 2392 1597 2284 2393 2394 2303 1823 3137
1128 5805 1011 3614
1129 1359 1137 6528 6529 2360 3002 2998
1130 3614 126 6530 239 1471 123 1481
1131 6533 5565 1342 4263 6359 6534
1132 6535 2494 6536 6537 1598 1238 4133 3614 5446 894 2190
1133 3614 5306 6411
1134 94 3614 1467
1135 788 1216 3170 166
1136 4548 6300 774 2352 6538
1137 3614 946 101 1737
1138 6539 1294 5625 6540 6541 4779 6542
1139 6543 3614 101 2903 2914 6544 1704 390 1552 1907 1093 6545 4539 6546 3909 6547 6548 844
1140 5683 3614 774 4680 940 3241 6550 2022 2950 4163 294 6551 3201 5097 4099 6552 4177 6553 1087 1083 865 261 6554 6555 912 6556 6557 2786 4341
1141 6560 4201 4424 186 272 3614 3721
1142 3614 3559 892 3218 4656
1143 2695 6561 2356
1144 893 6563 2695
1145 2695 1801 450
1146 639 6566 2451 5116
1147 2241 6567 6568 4175 4800 101 2738 1983 1273 2834 5534
1148 1083 2695 2230 3990 1089 1273 317 2342
1149 6569 3981 6570 6571
1150 650 3675 6573 3323
1151 6575 2369 4095 1295 6576 172
1152 6576 6578 6579 10 2454 3230 431 6580 6581 2715
1153 6377 6576 5022 2221
1154 5978 519 2697
1155 4687 3476 5008 6582 3827 1137 3541 6544 6583 5431 4568 3236 6584 3138 3204 107 6576
1156 242 6576 328 4795 6585 3476
1157 873 6586 5106 278 6587 6588 6589 6590 3434 1449 6591 1528 2939 6576 2621 2024 6592 1005 61 3034 624 142 2931 503 6593 6594 3005 157
1158 6595 2024 6596 6597
1159 774 6598 6595
1160 6595 378 6599
1161 1044 4861 2141 194 6601 779 6602 6595 70 4957 893 2560 5509 1163 6603 1535 888 3032 2826 2130
1162 86 4067 101 5432 3351 4856 6595 6604 586
1163 6605 6595 3622
1164 4878 6606 4479 6595 6607 1915 1295
1165 6609 6595 3336 352 5070 1160 779 487 4404 361 6610 2715 871 1828 5232 1469
1166 4 700 5 6612 5914 11 9 1818 2475 2126 6205 4355 5282 6178 2492
1167 4547 253 1553 1360 1142 6613 6614 4154 1332 6615 6616 6617 6618 6619 3850 4247 3686 4223 4402 6620 1430
1168 261 5442 410
1169 6622 783 2973 6623 5726 2513 6624 6625 3508 3509
1170 6626 2373 2371
1171 4680 3075 2432 1707
1172 6627 5035 6021
1173 2791 3240 6630 4939 6631 4828 6632 5074 6583 2432 2125
1174 1182 6633 6634
1175 6635 2613 6636 6637 947 6638 2805 4881 6639 6640 6641 4056 453 6428 232 6642 6643 6644 3334 6645 6049 6646 5441 1134 290 5428 202 6081 1843 1230 5129 3764 20 6647 6648 824 5744 5343 6649 227 2217 5254 30 3489 4698 6650 2159 2283 1596 36 2287 4706 3492 2588 2289 832 2486 2160 2758 916 2115 3242 705 2117 2404 3962 2884 500 1867 5551 6651 6104
1176 6121 985 6652 3336 217 1826 783 1355 6653 6206 4279 5523 5552
1177 1826 1772 6654 435 766 1821 1271
1178 2107 4912 6656 2751 6657 2979 14 6658 3129 1826 6659 20 3080 1256 317 2157 2482 4187 432 4630 4190 4504 3833 1615 1616
1179 4894 5482 2405 2077 2656 2863 4713 6660 3803 6661 6662 5919 3170
1180 1359 6664 2730 3920
1181 4894 1080 1875 1114 6665 4188 2487 2668 6102 3244 1619
1182 607 5913 4894 1396
1183 4862 11 6666 3074 3015 1360 1924 494 6667 3374 5415 2254 2016 4496 4130 2262 6011 6668 3230 3251 4064 6669 3033 6031 3902 411 3334 4068 1080 2913 2623 1868 6670 2626 4460 2450 6092 2820 5067 6671 3156 4150 5254 6672 5520 6673 5634 4445 6674 6675 6615 2042 455 6676 6677 3006 20 3770 3462 6678 408 6679 4894 628 6680 3796 1877 3017 6681 3982 6262 1170 2755 4451 1937 4193 4363 6682 6683 376 6684 1311 1404 5243 6685 6686 2258 3459 1341 1960 6687 6688 6689 6690 5585 2146 6691 3488 6692 6139 1635 4187 4124 5234 6693 432 896 6694 4829 2523 2288 2722 2730 3534 6695 6696 6697 1128 2322 37 6698 4116 6699 4706 835 2554 5582 2397 1183 6700 2164 6701 6702 1773 3417 965 6703 261 4446 6704 6705 1741 3804 809 6124 5843 4450 2656 6229 6604 6706 6707 6708 3981 5762 5114 5911 6709 5647 4251 433 5319 3159 2230 6710 929 3964 6528 2199 1536 1806 5983 3245 3244 6711 6712 2986 2057 1660 6713 853 6714 5385 6715 2311 6716 1282 2609 4174 6717 4785 6718 3248 5551 855 4631 5500 6719 5088 4386 4633 3276
1184 5467 551 4894
1185 893 5914 4226 113 3725 4894 4764 6723 6724 568 317 1794 1384 1983 3530 3322 1907 6725 173 3568 6726
1186 6723 4894 2070
1187 6727 329 6728 6729 4894 551 10 6730 778 3192 786 4807 1141 1216 2726 6731 3513 6732 2762 5036 2975 6733 6734 4816 1907
1188 4894 5506 3903
1189 4894 738 1522 272 4803
1190 6737 1137 210 2973 894 10
1191 2360 4807 1087 3302 2581 767 5824 937 3070 2352 4027
1192 192 2464 1087 5074
1193 1087 703 6739 2420 1954 6740 912
1194 893 1630 2586 1087 4839 4570 5184 6742 2991 5917
1195 459 6744 1087 6745 6746
1196 3596 2800 6748 1334 1087 6749 6750 216 3554 3744 622 3092 83 6751 1902 6752
1197 1087 4232 2747 2664 6754 201
1198 3005 6756 6757 1087 925 109 1295 194
1199 1817 1087 5914
1200 6759 1087 3080
1201 1396 3077 1087
1202 6761 1087 6762 865 4781
1203 6763 4354 5315 4094 6764 774 3834 1190 6765 4692 317 1737 835 6247 1087 1169 6450 6766 3317 4494 912 4356 1151 4349 6767 2626 3603 2183 894 2722 4743 737 791 3265 6768 5254 5258 190 913 1162 204 1161 1535 4451 6769 783 2963 2768 6770 197 946 587 3244 1607
1204 699 4771 4685
1205 1087 6771 2575 4216 278
1206 3559 1087 4704 2727 6772 6773
1207 1087 10 3802 6774 6775
1208 6776 1087 5099
1209 2953 1087 6777
1210 55 6780 6781 1343 6662 185 937 1087 2160 2513 2722 6782 2746 3933 6783 6784 6785 467 6786
1211 3224 4008 1087 1653
1212 1087 6788 6789 4727 4308 4309 4310 4311 6200
1213 590 2772 3939 3813 2387 2735 6292 6791 6792 5244 4122 599 4920 6793 6794 3534 1087 5205 1358 4784 1817 3559
1214 1087 201 2924 474 6795 1338 4834 6796 6797 1152 1635 206 2629 3668 5940
1215 1087 1954 202
1216 6799 1642 1044 4015 3809 3469 6800 3410
1217 1965 1988 1087
1218 289 4374 1087 4009
1219 4847 2131 1805 1902 5786 6767 1295 6802 1087
1220 4154 4932 2749 2017 2107 700 242 6612 9 16 1585 2981 2747 5204 4232 6101 2477 28 2351 2287 1598 2283 2666 807 6803 2158 2288 2174 4812 1596 36 2485 2588 2159 99 2488 2487 2290 2291 31 3960 832 5289 2115 1603 1604 2116 33 3961 3962 2117 2668 197 2534 2208 3965 3966 2211 2122 6350 6804 3967 3137 3968 4635 1559 6198 6196
1221 2846 3002 6805 2998 6806 4421
1222 2846 2125 6807 3379
1223 2278 6613 2846 6186 2127 2486 6809 959 6300 2154 4257 1714 2174 4187 4994 2206 1635 4836 4812 2485 3242 5100 6810 3915 2298 6811 3703 6812 6593 1824 6813 3158 6814
1224 6520 1078 6164 786 6706 6754 2846
1225 1964 6817 5224 163 5681 668 4543 557 1962 194 2373 1237 4859 6818 6819 2846 2239 2946 5242 4792 430 6820
1226 796 6821 3296
1227 796 4080 168 310 477 6824 5421 560 6825 6826 2379 6827 3215
1228 434 3916 4943 3651 6829 5591 5080 5016 1314 3473 6830 6831 6832 728 4449 6833 6834 6835 6339 4267 3239 6836 6296 3910 796 4190 6837 3494 3508 6838 1303 2084
1229 796 1187 2950
1230 2652 494 71 4611 4112 6841 796
1231 4046 6657 1138 6842 4836
1232 796 2697 3956 3158
1233 4486 5206 3981
1234 3576 2742 1540
1235 2742 1396 1360 1817 453
1236 1660 1818 3701 2742 6278 2945
1237 2513 5805 2696 6843 6844 2742 1660
1238 2742 4451 6845 6846 6847 6209 3002 6326 703 2100 6848
1239 6294 2742 1513 372
1240 4880 184 170 6183 6849 5972 3834 4169 3491
1241 6850 458 430 2100 6851 5779 6852 6853
1242 6855 474 6856 6857 1007 5269 6683 2621 6858 6859 2188 4482 6860 5007 2691 6861 6862
1243 6863 4405 733
1244 4682 2499 6864
1245 6458 4959 2084 5718 2982 6865 6866
1246 1760 6868 6869 203 2737 6870
1247 6871 6872 1962 6873 6870
1248 5161 6870 1768 6875 825
1249 4235 6876 6877 6878
1250 4405 6879 2148 5095 1424 3690 3759 1706 6880
1251 6303 3690 604 1453 6881 722 1130 725 723
1252 6870 4293 6883 3690
1253 5602 1526 6884 6870
1254 6886 1453 6887 3759 717
1255 6870 6887 719 3690 6888
1256 6870 6059 3424 5279 6891
1257 6870 725 723 6892
1258 5917 6893 4118 1825
1259 4547 6894 1224 6895 6386 6896 3005
1260 6894 5596 474 38
1261 937 6897 799 75 1338 5027 674 1433 671 757 435 6894 6898 2354 1650 1782 6899
1262 1821 4806 2647 2109 1553 2110 4354 6900 2356 6727 2357 249 6901 2105 6894 4993 3482 4355 2322 2482 6902 2525 1861 4190 4995 6178 1613
1263 6849 6894 6903 2147 5299 3703 6904 2040
1264 3841 701 616 618 2078 28 1114 2174 2274 2489 698 3482 2162 2293 2296 3493 845 2164 2262 706 4996 4504 4072 1699
1265 5891 3736 434 1313 5724 3603 6907 6617 5357 2655 2678 4414 1866 734 6123 3348 4069 2258 3488 5035 6021 3770 6812 336 3336 1599 1603 1081 5684 6178 6908 265 2209 5100 1611 2408 1629 3246
1266 3754 402 2469 1295 6438 6909 3347 5226 4689
1267 3039 2424 6910
1268 244 6912 4396 201 5046 6913 6914 659 6915
1269 6917 38 6918 6919 6920 6637 1776 2950
1270 1547 5826 6921 6922 6923 1498 1036
1271 4429 3442 6925 3482 4467 1590 703 2485 1604 3095 3981 2859
1272 3736 2877 2518 2479 2524 2480 2112 2389 2478 6926 2786 2394 2666 2174 36 2588 807 1597 1592 4908 2305 2526 3959 2115 2404 2298 2403 2118 35 3301 3926 6927 47 6350 1619 2121 3967 1610 1616 4635 2313 2314 6928 2315 4728 2213 3520 2860 6929 4309
1273 551 3231 1741 2278 6111 6930 1953
1274 3626 618 2113 2914 6199 2408 6141
1275 3736 403 6931 2143
1276 719 6933 2218 3761 1065 6934 6935 1257 1645 5684 776 4575 3674 3673 1319 6936 6937 6938 5936 6390 2865 1149 554 6384 4393 4683 648 3736 1425 2672 6939 6940 2999 4634 3458 2210 392
1277 701 6189 2876 5058 6851 2110 1137 6942 3736 5942 6147 2693 20 6943 1922 1878 2755 2280 2756 2102 3219 1289 333 4280 5245 1599 1600 4630 831 1169 5480 35 372 2855 142 6944 822 2548 253 5636 3770 2466 869
1278 5779 5513 4547 6945 3736 2451 2353 2839 2840 4718 2413
1279 1435 647 3736
1280 3230 3736 6948 2105 6601 2258 153 1109 2210 6923
1281 1773 4169 4833 3736
1282 6809 4764 5056 3788 1433 6189 1861 4771 4179 4354 2876 6667 1866 3230 5267 4289 477 4265 6950 18 6206 3736 2505 3482 4255 5942 5116 6951 6952 3593 6101 1078 6386 2665 2524 2480 6953 1114 4378 2113 201 616 618 2112 1590 3096 4257 2478 4967 2621 6954 3092 331 2482 480 6955 3262 6902 4124 6139 1597 1593 2399 2486 1600 2487 2290 2488 916 2293 2398 842 2489 2588 5715 2397 4709 99 2115 705 3242 6102 197 6956 2532 1615 1616 4635 2836 1619 4357 1883 1609 1610 1611 3519 1887 3140
1283 1635 4796 5532 3736 578 6958 581 2450
1284 650 2332 6959 2012 6911 6960 6408 6961 3736 6415 4573 3753
1285 5456 2070 3736 6962 5620
1286 3736 6964 545
1287 3736 2524 703 1151
1288 6966 1781 6967
1289 6968 3683 14 4147 2518 20 6969 1749 6101 334 1114 3209 3092 29 6207 2261 6970 4698 4978 2525 2881 6902 99 6971 3243 4251 4997 2263 2168 3968 463 1617 1618 853 852 1886 6651 4981 3139 858 6972 6355 2540 6973 1976 6974
1290 6801 3481 1631 6052 881 2921
1291 2978 3209 913 1183 5433 6975 668
1292 4 5 1820 11 2647 3998 3076 2876 4501 702 2878 1379 4993 6634 6943 1876 2755 1587 1114 2880 2282 2285 2490 4706 2115 3962 2262 668 6976 5992 3507 2411
1293 6977 3988 4182 6978 668 2715 3419 69
1294 767 4887 6980 3789 5088 2615 774 649 4249 6386 6981 529 4607 6982 6983 6984 6985 6986 6987 6988 668 299 6989
1295 2961 668 1133 2181 4529
1296 668 5687 331 1396
1297 6992 668 2258 6631 4257 695 1598 2394 5282 6821
1298 6993 2249 6994 1030 668
1299 3297 6995 374 6675
1300 668 3715 6997
1301 413 6999 668 1231 333 3336 1094 3389 1462 6685 2767
1302 7001 7002 7003 7004 5441 341 7005 7006 2717 98 1658 798
1303 3780 2113 2479 1114 1587 28 2588 1599 2486 1600 3960 1603 1604 33 2115 2116 2117 2529 2208 668 2214 2320 3246 2671 1887
1304 157 5184 743 2227 607 650 232 6062 7008 7009 1661 1279 187 1169 7010 1134 7011 5193 6683 7012 1276 6046 3659 1983 4451 7013 1162 1163 3485 7014 6442 4256 7015 913 7016 898 6299 4166 1779 3578 7017 1238 7018 6361 7019 2600 865 3005 5088 7020 1216 3084
1305 668 1579 3677 1527 869 484
1306 668 435 417 5169
1307 835 7022 7023
1308 616 1879 1587 2113 668 3731 4704 925 4813 4706 32 3493 5188 4893 4996 6976 4251 6825 6178 6292 851 2946 6972 3140
1309 7025 7026 3005
1310 1020 4326 570 564 3531 7028 2349 7029 7030 6627 668
1311 1583 1344 18 668 1328 1453 1401
1312 7032 668 5847 1300 1347
1313 668 69 7034
1314 3588 2749 1982 2872 668 1819 2017 1858 701 1337 477 1876 3482 4069 616 3620 4187 2880 2525 36 4706 4629 2293 2758 2164 1881 7035 5241 227 3140
1315 649 5241 6594 668 7036
1316 4870 649 2147 3054 7038 2341 668
1317 6535 6792 5477 1843 668
1318 705 668 3298 3336 1228 2187 2927 1596
1319 4257 4187 7040 6082 426 7041 7042 7043 143 5414 2912 668 7044 7045 3373 685 4732 1865 2986
1320 7047 5469 7048 2067 7049 668 7050
1321 5241 3497 7051 668 4251 1519 2961
1322 668 1286 2016 633 7053
1323 1988 69 7054 668
1324 667 4991 668 1820 3989 5237 5241 705 3245 3244 3140 2121
1325 7056 7057 3062 7058 6740 1241 668 6722 5237 3535 7059
1326 2258 4257 616 28 2483 2525 3092 4977 7061 2487 2296 2161 668 33 845 5282 2492 2582 4996 197 2760 6103 181 853 1824 2671
1327 7062 7063 2085 2088 2240 668 649 4039 1465 7064 4985
1328 668 7066 356 7067
1329 7069 7070 6406
1330 5734 4673 7071 1366 7072 1489 668
1331 6245 4620 7073 668
1332 423 7075 7076 1693 455 4030 668 3323 743 152 1458 912 1310
1333 1094 7077 7078 7079 3177 7080 5605 7081 1989 4086 55 3707 7082 7083 668 165 2017 7084 1929 5686 7085 2025
1334 2750 2474 1861 12 2110 5 1137
1335 668 5624 2672 5934 7086
1336 4920 4921 6910 7088
1337 1415 7089 7090 3393 1091 5229 7091 1171 7092 7093 4103 4101 3772 668 869
1338 668 1145 2174
1339 7004 668 139 2016
1340 4146 3336 2738 668 7097 565 1162 1163 321 3987 7098 3562 7099 7100 7101 7102
1341 69 6799 4760 7104 7105 1232 17 6869 5337 7106 7107 3928 3052 668 4465 4901 2377 5564 1280 6460 7108 2767 5034 5074 1192 3219 1399 6318 5989 2587
1342 6236 72 7109 7011 550
1343 668 7054 7110 7111 7112 2740 7113 4317
1344 7114 278 7115
1345 6298 3827 3297 293 2254 5028 3559
1346 668 7116 7117
1347 668 5525 7118 7119 7120 7121
1348 668 4991 3299 2946 2862 7115 1147 4018
1349 7123 7124 5743 4828 668 7125 7126 5541 7011
1350 7127 5174 3535 6562 668 6581
1351 6216 668 170 1929 1349 4824 7128 2730 5345 2375 431
1352 649 6112 1464
1353 7130 774 767 668 2008 7131 5475 5721 4100 5904 7132 3866 7081 228
1354 1783 2240 2799 1975 668
1355 7134 668 1369 1326
1356 7136 668 6012
1357 565 1134 352 7137 319 3504 2912 2657 3677 668 2973 702
1358 70 871 668 7138 7139 7099
1359 7141 7142 3572 1936 4899 6630 4059 7143 668 675
1360 2287 5241 2109
1361 1360 668 104
1362 2389 1091 3981 2710 7145 668 2068
1363 7146 7147 4774 3924 668 2713 5185
1364 7149 7150 7151 7152 7153 20 7154 7155 1195 7156 668
1365 898 2955 3531 1434 4115
1366 6245 4284 668 7158 844
1367 668 3999 6303
1368 668 865 1817 5942
1369 2657 5193 902 668 2230 3237
1370 668 2657 7161 7162
1371 4840 5077 668
1372 565 668 333 472
1373 668 4880 2582 2912 7165 7045
1374 7166 6242 668 5324 1972 7141 550
1375 494 2450 166 7167 83 7168 7169 2585 7170 7171 1951 1923 4928 1119 7172 691 42 668 145 7173 48 6313 7174 1337 7175
1376 7178 7179 1496 1249 2513
1377 668 7180 7181 2421 4857
1378 2017 7183 5947 321 7184 1744 931
1379 1737 668 7167
1380 7185 4029 329 5855 5910 668 2219 5023 6173 2811 7186 2385 5441 7187 1115 1621 5570 5765 7188 1518
1381 1142 1693 7190 1011 6591 69 7004 3085 668
1382 6297 3334 4289 2752
1383 1961 6924 4839 5547 1360 4547 97 5580 3350 6178
1384 227 4839 3420 7192 4511 1527
1385 1553 5935 1218 1144 1067 7194 1196 1137 7195 4605 7196 7197 268 2251 609 7198 3336 1403 2971 2922 7199 624 176 7200 7201 4372 72 2007 3691
1386 2433 1583 1238 928
1387 5141 7203 1778 4839 445 1579 3676 7204 1368 1585
1388 1210 4301 4839 4147 3880
1389 6907 1396 2826 4839
1390 4839 5152 70
1391 4527 131 4839 2621
1392 3694 2582 2471 4839 6528
1393 7208 4279 1094 4839 7209
1394 4839 6149 2017 2922
1395 4839 7211 1745
1396 2753 5345 5734 7113 7213 4839 6243 7214
1397 5876 7044 4839 7215 2969 69 3838
1398 5376 7216 7217 7218 3831 4839 5105 7219 176 893 6001 642 4405 4330 1134 7220 133 2464 7185 529 6293 3219 1765 889 1346 2975 1192 6450 800 7221 3379 3469 2445 2383 350 278 871 787
1399 4839 5054 1238 7079 2026
1400 2499 2539 6258 5342 5370 7223 1368 7224
1401 4839 2370 2371 2384 5473 3347
1402 4839 435 4904 6129 1579 1547 1017 3394 7225 7226 2966 2744 5278 3423 190
1403 1660 6915 4015 4253 7227 4839 2994
1404 2628 2630 4839 780 6269
1405 6571 4439 4830
1406 7230 5624 7231 2609 1782 7232 336
1407 7233 4839 893 6490 751 3998
1408 2070 7234 7235 4839 1781 2026 7093
1409 2474 2751 1080 6634 2755 1875 1590 1587 616 4839 2482 6476 166 7236 1595 2174 698 2163 2118 2886 3243 5319 4252 2119 2407 3135 2324 2209 4942 2170
1410 69 4752 3482 3336 3092 458 2274 1598 2163 5648 1881 4552 2122 4839 2559 3931
1411 4839 898 7160 347 3396 6332 1355 1624 1553 7239 2747 2424 4562 2913 2101 3871 706
1412 565 3596 2733 7240 649 4019 1323 317 1326 4782 567 3559 2834 3367 843 3112 2913 2737 3213 779 2587 896 907 2943 7241 1817 2693 5052 3375 1532 4281 3080 5034 3094 1403 6338 7242 4526 6596 4839 6540 7243 3201 40 1738
1413 4868 7245 7246 5182 1288 1294 1396 5422 1783 4805 3545 7247 2154 6722 3857 7248 4839 176 2074 5402
1414 2733 3707 383 4839 4266 5514 571 263 333 7249 6626 6585
1415 4839 7250 7251 2631 724
1416 2460 944 2560 4839 2539 361 4406 362 2445 7253 3165 607 204 321 340 7169 7254 3791 7255 7256 7257 7258 7259 6214 1542 7260 7261 7262 3022 3043 7263 7264 4819 7265 7266 124 240 1474 7267 7268 4199 1481 7269 63 7270 7271 7272 7273 7274 4499 338 7275 5065
1417 7278 2174 7279 1231 2026
1418 4839 7280 1454 2631 2982 2026 4437
1419 774 1541 6097 4839 153 3379 5722 607 5744 7282
1420 4839 7283 2600 2573
1421 2502 3123 2651 4302 6249 1866 6653
1422 1411 1312 5105 557 2747 1943 6259
1423 1312 5908 4842 2646 6237 4093 5697
1424 1312 6068 4118 2646 2660 3847 3473 1376 7286 2013
1425 3813 4782 1312 3627 7287 24 588 3226 6762 5364 3235 4789 4638 2387 2370 590
1426 7130 4675 761 1173 82 5686 7289 7127 4999 7290 55 2574 7291 5511 3789 6680 1854 7292 3127 1192 7293 7294 1200 2607 2987 7295 5985 1274 1211 4232 4462 3215 7296 7297 1057 5863 6629 1311 6543 3933 7298 7299 7300 7301 3927 2445 2551 7302
1427 650 887 2768
1428 887 5727 2068 1088
1429 7306 1183 2417 3383 289
1430 1965 6601 1137 24 874 3611 5446 5195
1431 3123 2383 7307 4175 2921
1432 7308 1070 2834 7309 774 5752 2383
1433 6729 2383 3123 5105 7250
1434 3352 6583 4563 7310 946 18 3485 263 7311 318 4110 6361 72
1435 2388 1239 4050 4048
1436 2876 4530 2383 7313 2112 2389 2482 2206 1592 2394 74 2158 2285 2287 2392 2174 2666 807 1598 2283 1596 2159 2284 36 2485 1594 1597 1593 1595 706 2487 2489 916 1602 2274 2397 2398 2291 2486 2588 1084 4813 31 842 99 832 2293 2882 1599 1600 3959 3960 3493 1601 2296 5289 2491 2163 2115 33 2883 3242 705 1603 1604 2116 2305 6624 2118 35 2403 2404 3961 4071 2117 2298 3962 2582 3508 6221 2306 2308 2888 4196 47 2210 4720 502 2169 2410 3966 2211 2670 2312 7314 2413 394 4715 2414 4723 6354 6197 6194 4075 7315 2840 4726 52 3523 3517 3518 7316 3522 7317 50 2537 4908 2401 4727 4736 4308 4309 4731 4312 2214 1887 2215 3247 7318 7319 4742 7320 4203 4206 4313 7321 1894 1509 53 7322 6790 3548 4744 4315 2761 4127 4745
1437 2383 3123 4048 2387 3254 1229 6891 2960 7325 4531 786 3153 4412 7326
1438 5124 4646 3226 1316 30 3225 39 7327 40 1358 2383 2626 2068 1294 467 2985 1137 4789 4120 2735 3222 2970 6388 6722
1439 3123 1396 2902 3201
1440 7328 2361 4828 3123 893 3559 2084 7329
1441 6114 6915 6429 298 2340 893 297 3653 3123
1442 3123 5101 5701
1443 3123 6722 5416 1775 2832 4898 3361 7029 4498 3871 2052 1360 7331 7332 1933 1294 2032 474 2011 7333
1444 1134 1488 328 7334 5073 893
1445 3123 799 5094 6238 328 5695 5267 3365 40
1446 2651 7336 3737 1249 6434 1970 1773 4084 5478 1086 1931
1447 2651 6299 3369 7337 7338 3984 2964 1590 2524 2480 11 2478 6954 7339 1314 1134 2659 390 896 2291 2756 2283 2159 1595 36 1594 1591 1592 1597 1593 2174 2485 2284 2288 2287 2392 2285 7340 1084 2274 2289 832 5715 74 2501 3959 3960 3493 5289 4682 33 5573 2404 2403 2117 2118 5319 6041 2668 2302 3507 963 3137 2210 1609 1610 1615 2213 3967 1611 2122 2123 6199 4540 6972 2321 4126 3249 7341 2860 3520 2761
1448 821 3920 7342 4380 2651 2459 968 7343 4863 7344 7345 5343 4041 5630 7146 7346 3064 1586 7347 6409 141 2582 7348 7349
1449 6652 2692 2387 2648 7351 477
1450 7354 7355 2797 2645 2721 3352 3343 3901 4061 7356 4115 4896 1605 7357 1425 2876 3012 5120 5614 4257 2478 1955 7358 7359 3224 6368 7360 1254 1275 2206 2291 2292 705 7361 5282
1451 1780 7362 7363 2643 6346 2524 2480 2479 2478 2283 1596 2159 1591 1592 36 2666 1084 2758 2291 3615 2290 2292 2295 2488 1599 1600 2296 2115 33 1603 1604 2117 2118 47
1452 7364 1313 229 7365 1220 2284 2960 3862 7366
1453 10 5696 14 1313 4378 2112 2524 1590 18 2287 2484 2396 2486 706 2295 2488 1594 1595 3242 2117 2208
1454 1313 6442 278
1455 4255 649 7367 1313 877 7368
1456 2647 2107 1313 5012 4445 1840 2464 3474
1457 7369 6799 1313 2721 2689
1458 2645 3826 477 3698 1566 3005 6954 4257 4250 2478 2113 7370 2280 2112 616 2479 1590 2665 1598 2350 2486 2588 2489 2501 2289 5715 1596 2396 5289 3242 6198 6196 7371 6929 4310 4311
1459 1731 2365 6459 2461
1460 422 1731 2809 7374
1461 3348 1731 1422
1462 7377 7378 7379 736 1731 157 3640 7380 2187 3 7381 7382 3723
1463 639 6924 7384
1464 6177 1954 2238
1465 946 185 2979 1979 4672 6299 415 7385 7386 7387 313 178 318 5279 6915 6121 2022 7388 5597 2578 7389 5348 335 7390 7391 928 253 1961 597 1287 3329 3480 2454 655 6261 2386 413 7392 192 4654 487 2001 7393 3334 387 7394 642 2120 811
1466 7396 6149 905 780 4672 3230
1467 253 1553 75
1468 6321 2426 4672 4562 1054 844
1469 2361 4672 1349
1470 4672 467 674
1471 291 4672 3787 2100 253
1472 2751 734 7149 7398 4857 7399 7400 3505 7401 20 6794 4583 1809 5985 4009 7402 3504 4856 7403 1242 4672 788
1473 7404 7405 2246
1474 3205 1876 2158 2116
1475 2005 596 7407 7408 946 944
1476 3662 1939 7410 5552 1519 1092 7411 6249
1477 435 650 4237 7413 7414 1868 7415 7416 4504 1499 2263 3115 5550 2337 3511
1478 6436 2812 2609 2513
1479 3575 486 5331 6436 3112 2768 2621 7417 310 624 1189
1480 7379 871 464 411 6436 3389 2450 6253 3184
1481 1694 5781 6436 3336 352 3554 4916 4552 1355 5925
1482 1011 1020 6436 7420 190 278 3611 6027 3873 474 7421
1483 5285 6436 947 365 3616
1484 5477 7423 6436 75 2851 4807
1485 7425 7362 2349
1486 205 5229 2058 3108 3555 152 3104 6436 1939 7075 3382 7222 1191 5088 6568 6060 2923 2982 4811 4041 6413 2160 913 7427 919 3039 6029 615 7025 2554 5345 4108 3994
1487 6436 1350 3271
1488 5966 5033 2239 7428
1489 6729 6436 2373 5562 7429
1490 6774 3756 5076
1491 7430 4278 7431 6436
1492 193 486 1857 547 2221 133 3989 7433 6436 7434 7435 232 7436 1189 1403 7106 7437 7107 7438 7439 2922 3323 4819 187 7440 3834 7441 477 7442 3209 7443 3336 2823 1191 615
1493 6436 2424 522 6336
1494 7444 7178 70 2766 6169 6740 5409 6149
1495 268 553 6149
1496 1083 2533 6149 2713 2298
1497 351 6362 2559 1855 6882
1498 7447 1473 923 6462 4621 266 321 1487 6149 2044 333
1499 6149 413 7449 7450 7451 310 7452
1500 5557 5942 7453 1989 7454 1507 7455 267 739 6579 5786
1501 3039 448 7456 905 2024
1502 3039 1334 2358 737
1503 7015 3039 7458 571 6318 2928
1504 2599 3039 2713 1070 6865
1505 4431 7460 7165
1506 5508 3039 1333
1507 7462 170 3722 7463
1508 1946 898 1458 5169 3206 3039 7464
1509 2972 3039 6460
1510 3320 5910 3834 3028 3039 2973 780
1511 2444 5176 3700 1338 4503 1878 2755 2588 2399 2485 2262 706 5282 2529 3039 3026 3322 3617 1295 7466 2937 2271 7467 2609 7468 6410 3139
1512 7011 3039 7469
1513 5626 3389 4690 7471 7472 4819 3793 6125
1514 177 1342 2973 6460 1016 1212 2390 1192 352 5878 973 7473 192 2823 6568 6740 2766
1515 4108 317 2264 1720 7129 7474 903 3256 5878 3317 38
1516 6802 413 780 5878
1517 5086 1983 4226 5878 2339 1333 3348 4854 2461 1256
1518 7476 5878 7477 3423 5768
1519 2793 400 3998 5878
1520 6730 3201 7478 2416 3834 7479 4385 3030 7480 774 5091 5878 2969 317
1521 5878 7481 1369
1522 7482 582 5090 5878 4529
1523 4092 3745 7484 4166 5878
1524 7485 5878 5465 3677 3731
1525 5878 2834 6459 615 1537
1526 6907 4104 2972 7488 881 909 5568 2058 6764 1640 7294 331 3219 3485 7489
1527 2972 1246 7490 1301 3318
1528 2834 7492 2260 2972 219 5345
1529 3473 2972 2987
1530 7493 3370 2972 2467 2834 7470 1174 69 7494 2768 4267
1531 1857 7495 1333 2972 4010 7496 3 7497 2426 7498 6261 6441 7499 4547 2196
1532 6546 3909 7502 2972 2268 168 4504
1533 1260 7504 2972
1534 170 391 2747 7338 6761 7505 5109 118 928 1342 2972 551 2187 2971 6920 2513 1238 7214 5269 137 5700 2026 3579 166 7279 4392 3219 1216 5714 3472 2450 913
1535 973 1842 6273 1682 3173 2598 3641 5985 4995 2972 6299 1714 1533 3986 1393 6118 958 7506 646 928 148 2987 1003 428 7507 1836 1674 7508 7509 7510 5986 1388 4841 3761 969 6007 6271 117 4755
1536 72 305 7511 5213
1537 2972 2001 6474
1538 7512 7513 7087 4617 7514
1539 345 617 7515 2972 1484
1540 5985 2594 1341 3601 2025 1016 7516 1204 7517
1541 7449 2972 6299 168 1458
1542 7519 2972 4267 4959 1907 1402 7008 7520 715 4770 4991 494 3361 565 3024 7521
1543 2766 2972 5614 7523 7524 7525 1011
1544 3465 1204 7526 7527 2972
1545 4045 2972 7508 4456 3879
1546 2268 2809 3473 1137 2972 2737
1547 1375 152 1310 5448 2972 1301
1548 2972 172 2944 5404
1549 2070 5370 2619 1204
1550 5880 3629 2972
1551 7058 1970 5930 2967 1680 6059 2818 6460 1899 7532 5158 6493 174 2664 7533 6478 7534 1081 193 1868 3748 7535 5990 3282
1552 7536 2430 4912 101 5421 704 7292 7537 165 7538
1553 4232 58 4245
1554 1332 7542 848 7424 5358 31
1555 2722 3896 5245 6579 7543 3745 7544 7545 5474
1556 7370 1396 4816 7547 3124
1557 7548 378 4849 194 1855 7549 2947 1383 290 2614
1558 7550 6050 7551 323 7520 3795 1542 4819 486 5231
1559 7552 6984 4513 5545 7553 2644 5242 692 2242 7554 7555 7556 7557 6831 7558 61 7559 7560 7561 7562 2415 7563 7564 7565 932 7566 7567 5767 1699 6242 3096 5795 7568 7569 3618 4468 935
1560 1939 133 7571 2451 3198 1212
1561 2464 785 481 7572 888 5812
1562 774 1527 268
1563 2539 1525 1939 7574 7575 6549 335
1564 1939 2001 3060 2500
1565 3796 7578 1939
1566 7579 1939 904 4711 181
1567 7580 1939 5270
1568 1939 317 6568
1569 3545 1095 1241 5419 2594 4269
1570 3336 1939 6084
1571 1939 1531 787
1572 1939 3867 7001 7583
1573 5942 1206 1939
1574 7434 2426 2909
1575 227 913 335 774 7020 1273 7585 1656 1163 472 7586 4406 2467 2139 5600 1527 65 1664 6481 3456 6485 1939 898 7587
1576 7589 9 7590 4552 7222 3259 902 1696 1365
1577 2429 3091 7591 3613 1939 611 7592
1578 3478 1936 1939
1579 5779 133 640 1939 6501 3209 1162 5813 7593 1137 1033
1580 3298 227 2701 1939 2454 1304 413 6476 6266 54 7596 1527 4582 2768 1204
1581 7598 7296 7563 7476
1582 6524 1939 5205 7600 7601
1583 7603 2976 588 477 1939 2865 1832 4689 4255 800 6827 2461 2732 6144 4768 6492 397 3876 6053 3590 4405 168 2074 1829 7604 96 6984
1584 1858 2647 2109 3076 2203 7607 1876 1878 2755 616 618 1939 7498 28 2113 6902 4978 2525 6650 807 706 4698 2483 2283 2159 2588 1599 1600 99 3095 2116 2885
1585 2004 7608 1939
1586 1765 5749 331 516 3005 1137 7609 1939 3086 2722 3310 7610 2422 7611 7070 7612 3821 1162 178 4482 5680 4106 142 3960 7613 1769 6549 3173 52 1527
1587 278 413 1939 1044 5010
1588 1939 7238 6409 5086 1396 3389 2713 1693 1333 2921 70 2426 2722 6460 2963 3336 905
1589 1295 3205 1527 7617 1939 3279
1590 568 2466 1939 2864 1289 7618 1177
1591 4060 2361 4140
1592 5759 7620 5573 1939
1593 877 1939 3012 5048 7621 5198 317 1751 366
1594 1939 7444 7622
1595 1777 1939 7623
1596 1289 3005 3230 3848 1145
1597 4587 5635 5900 4331 6094 394 3234 7625 7626 6706 4976
1598 1124 3179 7415 7628 7629 7630 5621 1253 4984 7570 2991 3194 7631 5202 7575 7632 5994 500 5009 7633 7051 138 5683 2715 5658 5510
1599 2092 6614 2107 7634 5510
1600 7636 3592 4114 7637 1972 5510 1381 4118
1601 4058 7638 5510 2189
1602 2001 4301 7639 387 5064 3480 7640 1144 3612 254 657
1603 7641 898 7642
1604 278 7643 431
1605 7644 6721 1635 3073 3480 2068 2286 2159 4706 74 4705 2395 1596 2666 2393 2484 2397 2486 4813 4709 2293 2588 2398 2399 1602 5715 916 2160 2274 2116 35 4908 2305 2170 7645 6198 6196 2313 6928 2315 4727
1606 6234 1656 7646 5824 6281 2516 6922 2279
1607 7647 7648 2619 894 3933 467 7299 1405 755 5940
1608 236 7647 7649 7650
1609 7647 2722 7652 3612 214 3585 3433 7225
1610 7647 481 7498 1379 7394 7655
1611 7656 6385 423 1238 767 774 5448 4732 7657 7658
1612 3379 2945 4752 1693 7647 7660 6145
1613 7647 1341 4588
1614 7647 3397 946 624 7661 4078
1615 7662 5153 778 5310 7663 5410
1616 1605 3655 5537 224 7665
1617 4804 6222 3126
1618 1096 4490 1082 4544 6222
1619 6222 5871 3352 786
1620 6222 3352 7667 4832 7668
1621 185 4544 6222 3089 3707 7669 476 470 1589
1622 3011 7670 4846 4971 4280
1623 1738 3011 1972 1094 4114
1624 2330 1982 1856
1625 3011 4863 1352 1551 6317
1626 3011 2844 1646 7675 6105 5992
1627 1135 7676 1274 281 5405 4301 2559
1628 711 7677 1063
1629 7678 638 639 7679 1030 630 7680 6684 4364 7681 7682 7683 4632 7684 1254 6860 5007 2745 6699 7685 3369 5727 3575 1661 2050 7686 5558 2362 5432 1841 1844 5579 7687 2722 3094 7688 4088 551 2791 3770 4270 7689 5617 7690 227 6680 3650 3729 931 6974 7691 7692 7693 5097 7694 6562 893 6921 5758 4626 1953 4443 7695 7626
1630 887 480 4789 2377 5591 370 2952
1631 5480 7697 7154 5012 185 7698
1632 7699 7369 7700 2844 3443 1605 178
1633 7444 5467 6138
1634 7701 7702 6495 1307 7345 7703 1952
1635 3259 7705 1367 3338 2461 4380 7706 1756 4523
1636 3863 7707 278 2332 7357 5617 4029
1637 5685 4330 430 1273 7709
1638 2155 2265 7710 3463 7711
1639 3060 1134 5618 7712 4330
1640 4330 3223 3173 3032
1641 1804 516 4330
1642 7714 3707 4273 2022 1349 2221 507 1866 4330 3473 1778 4693 7715 7716 4115 5470 1518 6051 97 194 7717 7501 7532 5286 7718 1962 7719 7720 2985 7721
1643 7722 6276 4000 651
1644 6276 5637 7723
1645 1186 6276 1635
1646 7724 3443 5016 6276
1647 6276 708 1818
1648 6994 6083 799 384 4674 572 1707 4486 4881 6044
1649 7727 86 7728 7291 7729 7730 892 7731 1450 7732 1545 805 878 6781 6780
1650 4676 3331 5818
1651 7071 7733 5262 7734 3209 6374 4619 913 2191 7735 7736 7737 5304 7738 5260 7739 7740 1977 7741 2539 7742
1652 1864 3076 1866 7743 786 2755 4187 36 4705 2758 4709 4706 705 5992 6198 6196
1653 4870 4501 1585 6634 33 2302 3115
1654 3012 1503 3007
1655 4870 1396 2450
1656 7744 2017 1655 7745 3998 7746 54 7667 686 128 3606 136 7139 65 157
1657 2369 2111 2516 3340 7747 1344 5105 3482 304 2080 6857 1718 1590 616 618 2480 2524 2879 3092 4502 1596 2485 1151 706 3493 2393 2392 2395 2274 2882 2290 3095 1602 2489 3960 5289 2491 1601 1604 4071 4870 3967 2123 1609 4814 4126 2321 1614 7720 6964
1658 4877 7748 1126 3324 2795 6656 2791 3897 4870 7749 7750
1659 2056 2454 7752
1660 7753 3126 6136 4870 7754
1661 7356 1363 4870 3775
1662 4870 6817 3833 827
1663 4720 4870 68
1664 6672 281 280 268 7757
1665 774 4870 2185
1666 3575 4870 7759 4597 7760
1667 7731 3745 5103 5844 7762 7545 5474 4870 6043 1286 447
1668 3821 7765 7766 6142 4552 1684 7767 3643 7768 3695 3236 4875 1729 599 7769 2746 4281 1408 5597 3555 6507 5634 1044 7770 3779 7397 3201 7771 3787 657 3827 647 1736 6529 5227 2370 7772
1669 2008 293 1579 290 5773 2730 3151 1811 7773
1670 378 5696 2035 4280 2845 2358
1671 4280 4489 1134 181 1771 1973 5696 2927 4526
1672 1961 2128 4967 4280 2131 7775
1673 4280 2104 1151 7776
1674 4280 736 2359 13 5186 1585 6493 174 7779 7780 6749 2501 2199 2492
1675 4280 4281 6946
1676 157 7255 7783 7784 7053 4280
1677 2613 4280 1351 1169 946 4386 5857 655 1697 4323 4494 4999 7785 2238 7407
1678 4466 7786 4650 3229 4280 3930
1679 7787 5778 3674
1680 2645 2665 618
1681 3622 14 5775 2284 2392
1682 2031 2237 6047 827 4853
1683 662 4853 3754 937 7789 6605 7593 7790 3889 168
1684 7791 7792 4564 4853 7622 3094
1685 1297 1972 1924 4553
1686 4853 1517 545 259 7794 1655 1938 195 5174 430
1687 1075 5218 5325
1688 7795 4840 4853
1689 176 1150 7797
1690 5254 3156 6402 955 3537 5769 6748 7013 1142 654 345 325 128 7799
1691 5154 4853 7800 4748
1692 230 77 4410 78 7802 4853 2015
1693 7397 430 7525 2017 3751 4853 546 7804
1694 5779 4529 7805 4853 3262
1695 7806 4853 1229 7123 2385
1696 7807 1204 4853
1697 4825 3529 3326 384 7808 1180 741 4281 5141 4853 7809 3175 1391 3294 2132
1698 474 5944 1295 7013 205 5562 4853 1134 1955 1093 2351 786 1929
1699 403 3090 4853
1700 5582 6058 7811 488 4569 431
1701 3005 7812 7813
1702 4853 7814 7544 1011 1342 317 310 477 6869 2464 3198 1462 7815 843 1341 413 885 920 7816 1517
1703 7817 4853 5244 6699 4551 469
1704 4853 1020 1454 3534
1705 1433 1284 5013 5164 7571
1706 7819 1284 1333
1707 7820 7821 1284 5164 5072
1708 5825 774 1284 5164 7822 2190
1709 1284 7823 7824
1710 7825 7826 7827
1711 4812 2295 2298 2404 2209 4722
1712 2785 5191 7726 2374 5743
1713 7829 2613 7830
1714 676 4136 2785
1715 5597 2785 3745
1716 2785 2922 3981 5129 5563 774
1717 2785 10 4004
1718 331 2738 3903 1341 7832 3251 2422 340 6549 2785 313 38 560 947 261 3334 2513 7833 209 5048 3401 5346 6835 1160 1191 486 6258 234 7466 2752 2923 2450 6573 7585 7834 3365 7835 122 912 1479 3170 3309 7836 335 7266 7191 3257 4383 5348 3322 6725 519 227 991 1528 4830 551 7837 7838 1506 1984 7311 4328
1719 2785 893 723
1720 7840 1397 384 7469 791
1721 2785 7379 2145
1722 3999 3233 1817 3716 2339 1273 3743 2785
1723 2424 7842 7843 7844 2539 801 7845 831 2204 786 3111 3898 432 3297 4913 907 7846 1206 5884 2785
1724 2785 5426 5250 2893
1725 3223 1273 423 1696 3028 2785 1276 3417 608 2068 2509 624 1938
1726 216 3046 4552 5523
1727 1343 7848 4486 4529 7849 70
1728 258 2016 7850 2785 3933 7851 4944
1729 7852 7853 4139 1137 268 7854 7756 2912 138 2254 5673 6770 2785 1134 4207 7855 3745 7573 7856 4867 6533 869 7857 7511
1730 2785 7860 2655
1731 1249 5438 7804 2785 3933 4543 538
1732 5709 4857 2187 1095 3309 3118 3243 488 2785 3322 3352 5805
1733 7862 7863 250 2785 925
1734 4923 7865 2785 1783
1735 893 5653 1664 7041 6366 7866 6405 7867
1736 7868 7869 2785 3795 786 5105
1737 2690 617 918 2943
1738 4680 2068 2785 7871 5803
1739 7873 7874 2785 2391
1740 4434 2747 2785 7875
1741 1134 2785 826 1636 1776 6431 7876
1742 774 2785 993
1743 7879 757 2358 5910 2785 893 7109 4041 3262 2226 7880
1744 1733 1739 1083 2785 780 6097 7881 1386 1759 2084 5137 4788
1745 2785 365 7882
1746 2785 7291 3933
1747 2785 1044 5565
1748 2785 7884 4824 3795 4454 2621 7495 3320 7885 69
1749 2746 817 3664 2497 3443 4009 2647 2823 617 7154 486
1750 1083 6300 2746
1751 2746 894 2987
1752 5182 5807 669
1753 2746 3334 2110 7149 1188 7889 1095 6164
1754 2746 786 4482 4779 5594 7890
1755 1 2750 10 5914 2111 15 22 4706 4709 1083 7892 4503 3617 3473
1756 6788 7172 7893 4374 6043 1083
1757 2777 5852 1083 3152 815 3848 7464 220
1758 2496 2508 1083
1759 6279 7894 4591 1083 7818 7661 2655 7895 2982 6634 6305
1760 1083 6115 585 2447 773 3453 7896 2017
1761 1083 2986 4542
1762 1083 2981 6438 1079 2559 3990 6165 3804 2342
1763 1083 1787 801 72 7480 3299 3543 6698 7674 4575 516 708 3033
1764 1088 2925 469 1083
1765 1083 1289 3344 1096
1766 3424 2830 783 1083 4168 7886
1767 5052 3880 1083
1768 1083 1078 5052 1378
1769 1083 5958 4976 4106
1770 6249 1862 6427 2384 2339 7900 1516 1083 6051 170 2805 2174 5663 2697 71 7901 3230 558 7902 7903 3077 4080 7904 20 2755
1771 3373 2997 7905 4163 1078 1090 599 5028 3825 3386 3689 2072
1772 1083 7907 6348 5441 5829 1661 157 1295 178 1817 474 222 2735 2952 331 7908 3327 7053 871 5180 3323
1773 1083 4877 781 2680 71 6687
1774 7910 2030 3827 1083
1775 342 7170 7841 1083 5644 4748
1776 4933 734 1585 865 3224 1083
1777 7911 1083 7912
1778 5234 5345 3732 798 1271 805 2976 7915 2375 1083 6334 7916 6714 7917 7918
1779 4875 494 178 3770 551 5765 1276 3720 4301 5275 3860 4676 7703 1273 1083 1817 2804 408 1635 1295 2426 645 5501 10 157 786 384 3953 6307 7919
1780 7920 3242 1603 2117
1781 1830 2013 408 1287
1782 6308 2539 3365 3913 7572 7922 7923 1830 7924 559 7925 6366 2073 6114 7727
1783 1521 1671 2424 7927 7928 1830 6120 1552 6444 5368 2910 101 7929
1784 3685 7930 1830 5247
1785 7931 623 6787 110
1786 1744 2986 5740
1787 5196 7843 2022 219 3691 2025 1830 3421 5787
1788 7933 3379 3332 1830
1789 5182 171 4010 159
1790 2581 5182 3240 2115
1791 7160 5182 4572
1792 5927 4341 4542 7936 5182 6248 2084 918 3754 2945 4017
1793 490 7938 3844
1794 5182 6233 5829 4486
1795 6632 5182 4459 7939 551
1796 5182 6144 7922
1797 5182 178 469
1798 2056 6129 2516 7940 7915 5182
1799 7941 4542 1851 7942 4301 5182 1183 3234 5044 3205 6311 7943
1800 7944 5182 1252
1801 7441 5095 7945 7585 1540 7946 2730 7432 2524 2480 4819 1550 7947 7948 7949 6942 902
1802 5416 7950 18 2772 7951 1727
1803 2006 2772 7954 1797 7955 2368 1791
1804 2772 2773 1252
1805 1050 12 7957 6669 4407 3976 5410 7958 2772 2773 1637 7959 7960 4851 4111 7961 486 7962 20 7963 3468 1587 3203 4804 2205 2280 3859 101 2283 4188 1596 2288 1597 2396 2174 6803 1594 1084 875 3823 2487 2292 2295 2488 2296 2115 2117 2404 2403 3962 3110 2855 5839 197 7964 2582 2534 851 853 5291 2325 3139 3967 3137 2324 2409 3966 1616 858 2123 2215 2213 6253 1626 7965 4633 7966 1627 1892 7967 4505
1806 2772 2773 1118
1807 6188 4405 4862 2772
1808 4489 7971 2772 1310 3025
1809 1972 2074 3542 7973
1810 4431 5836 1772
1811 7975 1254 3843 2626 3709
1812 4767 1254 7976 4688
1813 1333 4547 1553 1366 253 1309 494 1271 2426 1360 1254 2913 734 1845 520 6292 1134 1137 1846 2150 1055 2013 7977
1814 2958 4862 19 7979 6702 474 4892
1815 1575 1254 1262 1033
1816 2520 1254 2945
1817 1254 7981 3639 4301 3770 7187 2747 2238 4654 471 351 3626 1162
1818 4976 3897 1281 6003
1819 7984 7985 1254 1412 6434 4654 1238
1820 7987 1254 2513 535 526
1821 2371 2613 3897
1822 328 3410 7989 2065
1823 1333 186 7990 7535 7991 664 3180 5954 1308 469 2954 1977 2068 7992 525 6898 5969 4890 3605 1518 7993 4163 7994 4532 7995 4415 2560 4829 1254 774 1961 2035 7996 1362 1295 1916 1364 4891 306 6861 6298 5305
1824 7997 6570 2432 4754
1825 1517 752 5721 5482 281 7999 3989 8000 3038 2119 7423 951 4193 6963 8001 5115 3385 2648 4467 3012 209 5564 8002 1211 984 4754 1403 8003 6085 493 5509 1729 6879 2626 4090 4599 670 8004 5173 8005 3398 689 18 3410 8006 1254 892 1741 8007 453 2073 8008 7222 8009 4109 97 8010 536 5655 4177 2799 6601 8011
1826 3076 734 1254 2341 1590 1588 8012 616 1114 4502 6902 2174 2159 3488 2116 845 2163 2501 4356 2164 2296 4893 1499 6976 8013 4997 3245 1823 1611 6109 6972 3246
1827 3814 1254 2012 2011 2259
1828 5251 3223 1254 2187 70 6067 2864 4456 5577 801 1276 494 280 2747
1829 2520 3751 8014
1830 8015 2520 6165 6425
1831 2520 6629 3630 5485 6024
1832 8017 8018 2006 2747 4871 5579 8019 702 3098 786 4337 2258 8020 618 6476 8021 3488 3092 4502 432 1594 4813 2295 2294 1084 5100 3493 8022 8023 5405 2262 623 4071 6543 2804 158 4251 775 3507 197 6178 365 4129 3135 8024 2169 2869 5551 4127
1833 8025 7939 6519 1302 3698
1834 178 5286 7954
1835 6143 1927 907 2716 2992 5810 4324 156 8027 8028 4110 8029 7388 5438 3155 2587 8030 6891 2960 7933 968 7425 6855 8031 8032 5442 2683 4317 3075 1693 5424 453 6755 2376 8033 1942 2513 7182 5147 3862 142 1560 8034 7449 8035 8036 5304 8037
1836 8038 8039 6676
1837 5304 469 6401 425 2295 8041 2919 550 5922 4104 8042 8043 18 4496 5909 8044
1838 1249 8045 293 1279 8046 5304
1839 8047 5304 8048 4949
1840 3314 1151 3126 1207 2931 2655 551 4192 5928 3173
1841 7998 6407 8050 437
1842 431 6564 5303 1929 6067
1843 8053 5298 6800 8054 6916 7056 8055 4182 7227 8056 8057 6618 8058 4372
1844 2876 737 2278 1876 2478 618 703 2157 807 1598 3240 2174 2161 3960 3493 8059 1628
1845 5364 737 7360
1846 4174 5026 7360 2541 8060 7313 1720 7219
1847 4164 8061 1287 5058 3934 2077 8062 2872 8063 7203 4704 3581 4670 650 5911 1255
1848 6342 147 6138 1635 4164
1849 4164 311 550 160 8064 1938
1850 4164 2451 2187
1851 6165 3037 4565
1852 8065 6273 604
1853 602 8066 1678
1854 8067 719 718 716 604 602
1855 602 4575 4238 1453
1856 5413 8069 5150
1857 8069 5935 8070 328 17 7760 8071
1858 7013 1976 8069 6915 5056 5144 7995 8073 5526 2906 267 1729 8074 2626 163 5493 1451 508 8075 8076 3958 8077 2818 1655
1859 8078 8069 8079
1860 8081 1090 4534 1289
1861 3726 5273 628 111
1862 3726 8083 1735 4115
1863 3726 8085 2385 7498 3814 8086 6915 5814 1238 8087 7013 8088 8089 2501 565 871 8090 8091 3265
1864 8092 2109 770 7987 3726 1587 4502 704 4187 2296 4651 2162 2883 2404 3138 3469 5115 3905 6512 3964 5670 1885 4635 5551 1626 3519 8093
1865 5618 3726 2053 5571
1866 3726 893 409
1867 8095 5912 4030
1868 4759 4863 5088 878
1869 3726 6022 3731 1589 42
1870 6067 2783 7616 8096 3787 8097
1871 2787 6718 2359 4975 1672 294 8098 3100 5054 798 634 4593 7958 3593 1124 4005 8099 770 8100 2783 8101 3510 1379 4864 6855
1872 2107 2384 2783
1873 4120 6969 2487 2534
1874 2424 3339 6481 2450 2078 5831 6414 6345 8102 8103 624 3130 1907 3082 571 3327 179 3906 1522
1875 2464 8104 3130 6376
1876 3130 3230 2735 1050
1877 6941 4465 4463 3130 1134 4611
1878 4535 42 5222 3130
1879 1708 1131 1706 757
1880 3109 5999 8107 8108 6986 229 5199 8109 7809 4760 8110 3130 6633
1881 1212 3130 2741 6460 6582 1357 8111 3375 909
1882 3130 2377 3768 3803
1883 2190 3130 2424
1884 3559 7715 7449 8114 3130
1885 7876 1684 3130
1886 3001 8116 8117 3130 5862
1887 3130 2241 2136 3662 3302 7444
1888 1086 2625 83 5027 1112 7185 192 4018 1099 4704 2734 8118 3130 8119 8120 1935 2513 194 3615 8121 6952 8122 2621 3538 7123 2563 8123 8124 8125 6822 7004 6819 1118 6882 5237 3298
1889 201 8126 8127 2646 1635 3612
1890 6029 806 2581 3130
1891 7733 1138 8128 2433 2434 5849 8129 5505 7286 3130
1892 3130 1845 1843 8130 4065 1846
1893 6842 8132 2964
1894 2725 7394 1938
1895 6952 1226 5706 7479 931 3558 1734 868 5088 1185 3130
1896 3130 3837 535 7730 2743 352 3289 2973 2464 1533 615 8133 3606 5662
1897 8134 453 3174 2945 2120 3608 1962 780 430 6559 3130 6553 5884
1898 3227 3008 477 2911 8135 2002 4819 8136 3130 774 8005 7020 3224 6941 3298
1899 232 1776 3130 1783 2922 185 3575 8137
1900 3130 435 2985 4518
1901 201 8139 96 3595 3130 4034 6397 7716 6839 7875 8140 655 6114 4300 310 6055 7783 6499 185 1410 1229 5261 3667 3611 2648 6725 410 271 1134
1902 6996 1964 8141 4450 8142 3312 4367 4397
1903 463 5761 8143 5762
1904 8145 3986 4611
1905 2911 3098 5495 2664 675
1906 2911 2068 8146
1907 4688 8147 2911 1341 783 6386 7579 3581
1908 2020 2911 5077 8149 4009
1909 2911 1375 7587 8150 1311 6469
1910 2911 6705 5066 5753 1519
1911 2911 4825 6608 5090
1912 3772 784 7191 2911 481 8154 6819 896 1655 3259 2221 6411 5345
1913 1238 3604 6109 432 2553 1322 4115 8155 2359
1914 1868 2879 4709 2462 8144 4071
1915 1527 4644 5688 5789
1916 1790 6850 8156 1553
1917 2584 8157 1289 596
1918 5810 786 2466 7508 597 1289 7703
1919 1289 8158 2070 1342 1983 871 5690 420 1724 4392 3827 1241
1920 770 4069 2205 1991 1289 4480 5702 8161 853 1611 1823 5113 860 1186
1921 8162 5495 5565
1922 3999 3297 1289 4825 215 876 8163
1923 1289 1256 1861 4354
1924 7250 2747 6230 1645 1289 1088 4207
1925 7181 1289 4533
1926 723 2068 1289 3581 8110
1927 1249 1967 1289
1928 8166 8167 2067 1289 1256 1137 786 2903 1552 5880 5194 388 387
1929 3100 7012 905 509 2716
1930 646 1289 2974 4341 253
1931 2190 101 7728 551 7083 4824 1138 5680 3325 8170 1289 4523 4301 286 5844 2904 4589 2105 78 8171 7756
1932 1634 8098 2801 1332 2394 2336 693 1289 2655 5357 8172 6059 2212 4878 3348 253
1933 1289 1360 7358 7847 2557 2865 3825 508 261 8046 8173 8174
1934 1289 925 6398 6993 3093 5269 3201 8176 4998 2713 6568 413 4626
1935 1553 1289 3855 0 10 2426 3858 3230 409 3631 616 618 6741 4124 6955 2483 1333 4355 5100 2555 1499 6543 433
1936 2087 3212 1289 5197 3092 8178 1556
1937 2048 6584 4825 1289
1938 2190 1289 8180 1194 6831
1939 8058 1289 309 2564 5020 334 6059 1729 7114 5222 2600 8182 4098
1940 1289 3815 6021 312 485 2560 321 128
1941 2210 1289 4646
1942 1289 3220 3741 1341 871 1458 1204 4142 2390 902 275 227 946 1354 7498 8184 432 83
1943 1289 4551 1967 1360
1944 1289 4168 185
1945 4761 8186 7751 7437 3314 8187 3198 384 8188 1295 3375 8189 607 4136 8190 321 484 1152 8191 1186 190 157 2390 1289 8192
1946 251 1222 5074 937 2466 8193 1289
1947 2425 1553 8194 2775 5508 1289 1256 253 1377 8195
1948 4393 3852 3853 1289
1949 3413 1289 1553
1950 8197 1289 1256 1333 286
1951 1289 253 2798 1256 6654 5763 4688 8198 3082 2738 4011
1952 627 4825 1757 8199 6085 8200 671 4644 3478
1953 7179 4825 2426 1366 477
1954 4825 1310 3787
1955 8202 6155 291 813 1229 3165 2391 8203 54 469 152 1152 123 4825 38
1956 4102 422 72 4825 955 4888 1660 194 1137 1985 102
1957 8204 7561 913 298 3277 1553 4644 3696 3261 7365 8205
1958 4825 8206 6668 1137 191 2973
1959 6495 1030 352 4825 5052 2704
1960 4825 8207 83 8208
1961 4825 4354 4695 3230 4064 2120 1868 2105 6954
1962 9 4825 783 6346
1963 4825 4451 734
1964 4825 1256 1817 4827 5618
1965 1927 8210 4825 1310
1966 4825 3168 3099
1967 8213 4825 8214 8215
1968 4825 3856 3181 8216 1551 1903 2118 2552
1969 7786 486 4401 1521 1520 1688
1970 4825 5923 6996
1971 4825 5844 8218 6543 4411 7436
1972 4401 839 738
1973 1333 1020 5522 5785 435
1974 6261 4825 253 1982
1975 384 6500 1866 8219 4147 4154 5468 7959 4876 4179 1076 1297 8220 799 6431 5824 5161 2100 820 2174 2398 4825 253 5392 2913 1137 2487 2295 2296 2488 433 3511 2311
1976 7991 1308 2190 2917 4825 1256 2268 4065 4627
1977 8222 1183 4054 5431 1483 124 8223 3578 72
1978 8224 4825 8225 5648
1979 786 2747 4825 4060 3869
1980 3844 3493 2957 8226 1086 4825 370
1981 4825 1732 5286 2006
1982 4825 3169 7406
1983 8229 4825 8230 3049 8231 1341
1984 4825 194 7995
1985 253 4547 4825 158 186 8233 734 1311
1986 4825 8030 782 3984
1987 1553 2809 4825 1727 3260 8235 7275
1988 4825 5434 8237
1989 672 6897 4825 4523 3251
1990 4825 4863 582 4067 2466 8238
1991 4825 8239 4406 4192 5025
1992 4825 8242 5446 8194 5831 8243
1993 295 1326 4825 253 1553 1333 1224 8245
1994 1678 8246 4059 68
1995 1301 7311 4825
1996 4825 8247 1878
1997 1866 1585 4825 2914 3336 20 3389 2054 2501 4356 8168 860
1998 4825 2609 8007 3892 7938 8248 5963 578
1999 5237 783 4825 7393
2000 4825 1256 2001 1333 2426 4993 5508 1308
2001 8249 3297 4390
2002 5816 4825 1333 869
2003 6862 8250 1134 8251 8045 4933 2829 2830 1320 286 4825 4547
2004 887 10 4825 1866 4064 22 6191 2203 294 2643 2370 2371 4355 2322 7832 31 913 698 871 1938 6256 3901 2258 2277 3469 8252 869 5273 311 4504 2467 1535 4660 6450
2005 3796 5166 254 4825
2006 1553 494 2220 4825 3233 253
2007 1704 91 4825 1660 5041 1360 268 844 2747 8168
2008 7991 4825 1308 476 8254
2009 2596 3984 4825 192 7960 133 352 2621 4993
2010 5743 4825 8256
2011 527 4825 8257 3032
2012 2384 4825 877 2258 1096 3348 37 4973 494
2013 3665 1516 4413 2131 6259 2104 6449 887 5338 6348 7379 5428 2750 6164 1818 3231 4863 8258 309 2694 2453 4951 3827 2387 3394 20 6943 1876 4372 24 1878 616 28 618 2113 8259 1605 4807 1114 6476 6136 29 3092 6139 4124 2481 2525 4698 6574 5225 4697 2482 4978 6902 6650 5757 911 1276 37 807 2485 1595 2392 2114 3095 2588 3413 2486 842 1599 1600 99 1601 3960 5289 2491 1604 2116 33 2115 3961 3962 2117 4504 2885 2886 4995 2884 4997 3110 4996 433 2552 2668 197 4942 5222 2307 4722 6936 1850 8260 2410 2212 2325 8261 3247 4981 2215 5237 3469 148 4802 2320
2014 2581 2950 8262 4828
2015 887 1982 2872 2017 0 2750 2645 7 3998 9 10 1860 5696 4064
2016 8263 480 5516 1465 535 5607
2017 4829 551 3718 2786 2496 2101 3482 8265
2018 5813 1280 4090 7593 4758 133 7597 1461 6568 2454 6722 7798 2786 6864 3469 5419 6299 1192 6869 7107 4857 474 7434 7279 2741 6318 3959 2735 5662 3082
2019 808 7816 8268 8269 651 297 8270 8271 6590
2020 774 937 529 38 4900 1476 4480 4572 231 6926 5605 5780 4929 1640 7616 8274 122 1465 525
2021 1318 2043 8277 1399 8278 5868 7238 2600 3094
2022 3152 6426 6118 4901 671 738 5365
2023 3540 2051 3390 245 8279 5409
2024 3259 5710 1970 1977 8280 8281 2037
2025 568 8120 2864 5337 17 8282 4582
2026 4547 5651 3485
2027 7313 6080 408 28 1210 2855 2492 1886 2326 3220 6957
2028 186 5598 2775 6724
2029 243 2775 4302 4844
2030 1660 3731 2775
2031 8284 2102 8285 4192 2661 8286 1097 6552 8287 8288 4232 2730 3093 3377 88 50 2314 4727 4309 4310 6200 2673 8289 2413 4733 1891
2032 2385 1324 6272
2033 3412 6644 8292 6431 2017 3324 3550 118 3883 352 5544 8293 1457 3847 8294 4390
2034 331 3105 8296 413 7435 7106 5811 18 3883 3871 8297 738
2035 7164 3883 1334
2036 3883 3834 6493 174 4679
2037 3883 3066 273 8298
2038 8299 5174 3883 622 2725
2039 3883 545 4012
2040 6183 3883 3809 1044 4455 4398 4820
2041 3005 5756 8302 4543 2501 5583 1074 1498 3883
2042 3752 5011 8056 8303 6826 8304 3650
2043 8305 3560 3677
2044 939 8307 3856 6762 4411 8308 853 153
2045 544 4245 233 961
2046 1866 2111 3242
2047 961 2388 8309
2048 961 8310 8311
2049 3195 435 8312 4965 3336 3937 2768 8313 5595 1325 1778 8314 6800 8315 2190 7247 6859 8316 7025 179 5489 3938 8317
2050 6883 604 6273
2051 1769 8319 259 1160 1165 2705 607 1163
2052 2705 5372 8320
2053 2705 1694 596 5638 242 8321 1142 746 8322 3328 3574 319 3370 2722 257 6596 1632 35 6513
2054 5799 2705 782 5007 8324 7031
2055 2705 8325 8326 3234 216
2056 8327 2660 8328 253 8012 8329 2416 2664 3047 2626 4301 5917
2057 4052 116 477
2058 4923 5371 477
2059 5131 4765 6664
2060 8330 2748 1213 207 4650 2713 8331 1391 3503 7293
2061 7468 2272 418
2062 7292 8332 8333 4182 1545 6063 8334
2063 7468 3534 370
2064 8336 3336 617 3317 2730 5717 3238
2065 6445 5325 8337 8171 6599 7468
2066 1668 1415 905 7468
2067 2272 4961 509 5344
2068 2732 4146 4289 6565 5277
2069 8339 6231 2272 2249 8340 4411 2152
2070 4287 2272 1866
2071 7393 1727 4303
2072 493 5917 5237 8342 133 4087 2461
2073 8344 8119 150 1778 2100 7867 8345 8346 113 379 4288 8347 2272 738
2074 2272 8349 1407 5597 3540 6292 8350 3550
2075 2272 5917 3241 6444 8353 2937
2076 6245 8070 4704 72 7578 8354 3192 5607
2077 128 1479 1471 1481 2272
2078 2272 578 5251 1635 4344 8348 2869
2079 8355 1478 8356 8357 2272 3241 157 2894 477 4799 321 1503 7213 6462
2080 1741 4670 1376 1326 71 1737 8358
2081 4301 1295 2017
2082 7500 7398 723 1242
2083 170 774 1541 7482 467 931 8256 157 133
2084 5960 8359 8360 8361 2101 3430
2085 4881 4877 5446
2086 2017 3944 6189 5116 2479 2206
2087 3944 582 8362 6458
2088 3932 427 3944
2089 8365 8366 4847 3944
2090 3944 3230 1868 2878 2258 1114 2157 4705 4706 4978 2114 32 2293 2397 2859 2117 4071 2209 2210 3247 6198
2091 1045 1798 3944
2092 8367 1585 4494 3944 8368 8369
2093 3944 551 218 3670 4577 7310
2094 6494 3944 4912 7469 2813 7749 2433 8370
2095 8371 3944 4438
2096 6183 6660 3944
2097 1585 8315 3012
2098 2565 7760 8373
2099 3596 7392 2626 3443 8317
2100 8376 6206 6423 590 232 5030 3336 128 6522 4560 2187 8377 8378 8379
2101 8379 8380 222
2102 557 8381 1356
2103 8379 8383 3272
2104 1221 4875 905 347
2105 8379 1202 2683
2106 1114 1162 3032 911 8386 2284 8379
2107 8388 8379 2723 3770 5679 1698 2984 4755
2108 2654 1319 192
2109 2354 1422 3487 3447 628 424 1970 1437 3151 5173 7325 8390 170 2001 4885 5452 447 542 4856 2621 8391 3087 1216 3433 899 2221 361 1280
2110 5530 7679 5972
2111 1138 455 8393 6136 1519 8394 2351 205 1922 3612 7508 3514 2142 1540 2828
2112 947 5009 8342 519
2113 519 8095 8395 1655 1976 1989 165 1471
2114 7192 519 7870
2115 1963 4201 519 1981 5273
2116 1660 2737 519 6510 4376
2117 519 4646 409 7608 8397 3955 7757
2118 519 1974 1975
2119 8399 3754 3379 2190
2120 8400 6094 551 8401 519 1961
2121 8402 6345 8403 68 657 519 7047 2829
2122 519 4189 551 194 5465
2123 519 4436 1723 2278
2124 6458 72 6926 2229 519 7959 4790 7626
2125 5907 4552 3635 1218 3453 519 8406
2126 5266 6667 2238 4064 1954 5720 18 8408 4492 2607 1247 21 2851 758 8409 2472 8410 8411 3899 2375 782 5158 317 7457 35 474 3770 4859 8412 44 8413 2304 78 519 6596 5550 2769 4518 3508 3509 2305 4908 860
2127 519 8414 2076 72
2128 275 8415 4686 3206 5771 519 1213
2129 6183 8416 519
2130 519 122 128 1471 1479 8417 123
2131 519 8418 1483 61
2132 6037 7284 519 178 7800 1362 5329 2956 2016 4869 4813 2954 4890 5464 4541 7671 6136 8420 2467 8421 4891 3044 3730 5419 3815 38 4963 1329 8422 1079 2031 5437 4829 4619 551 888
2133 519 6112 8423 7151 7509 333
2134 1932 5947 2908 519
2135 3409 6767 519 2819
2136 519 5437 3167
2137 8426 7545 5524
2138 2749 2107 519 2126
2139 519 664 4115 3691
2140 5274 469 8427
2141 8375 4051 3869 519
2142 519 5416 8428 236 4140 2628
2143 3707 655 5578 1711 519 4890 6915 8429 2557 5429
2144 519 4824 8431 8432
2145 8433 519 365
2146 519 1407 8434 8435
2147 519 8436 6861
2148 8158 8438 7902 4828 8439 519 6618 5824 1554 8440 4412 8441 5759 5848 3215 7815 2359 8442 8443 1295 877 8444 6151 535 6412
2149 519 7668 8446 8447 4511 3043 6530 8448 417 240 8449 8450 4159 1483 8451
2150 1655 519 3399
2151 6247 6491 8453 519
2152 8455 7149 3009 5229 6530 4473 1360 8456 6078 4619 8457 5055 8458 16
2153 8413 4957 6824 453
2154 6367 5904 4512 8460 8461 7271 8462 2613 525 2165 5609
2155 1366 5279 5723 4017 5942 1084 4378 1453 4829 2880 2293 4706 32 2398 6810 3959 4709 2883 2913 35
2156 6187 2913 2186 8463 7488 2947 3613
2157 584 3203 1074 2902 2929 913
2158 8464 4687 4364 8465 4094 5306 20 1868 501 3918 2929 8466 3243 2492 851 8467 1606 1823 3135
2159 2929 525 8468 560 3273
2160 940 2274 2360
2161 1276 5988 6299 2895 8469
2162 242 1295 1972 328
2163 8134 8470 1055 5696 3129 7416 1499 3243 8471 2534 3245 2207 3968
2164 3 4824 887 435 1972 328 637 948 1221 8472 2576 1025 2254 1011 2829 7693
2165 8473 281 7129 5733
2166 5733 2844 4857 3476 948
2167 5733 2217 2262
2168 5733 5446 774 8475 1660 8007 2036
2169 5833 1859 5733 4341 3827 657 5787 4699 6600 3871 1137 1683 8477 179 3638 2513 4009 3880 2394 6452 1135 1922 5218 5587 3815 6043 4958 8144 2921 5308 1938 3579
2170 1932 5192 3368 478 8478 5733
2171 5733 4341 1723 3838 1722 3436 1112 3446
2172 5733 2696 6020 850 1145
2173 5329 7818 426 5090 6291 1568 5733 5808 3541 7483 5088 8479 494
2174 535 5733 1308 7594 8480
2175 2105 28 432 2322 807 2487 705 3960 2489 2304 1884 5104
2176 3867 8482 6721
2177 2590 2474 2369 2666 2482 2483 3242 4698
2178 6458 318 5103 3928 1867 844 2502 8484 8485 4611
2179 7497 3758 237
2180 4056 8487 1113 8250 1118
2181 494 2961 16 7312 2440 8488 2499 2205 2417
2182 2499 3089 3754 3379 8258
2183 480 2499 8489 8490 557 7380 6271 3539 4327
2184 2386 7179 4517 5710
2185 2499 1738 7427
2186 5681 1055 3594 4287
2187 201 467 471 2499 5081 8491 2175 8492 3351 883
2188 8494 3782 3201 2424 2499 411 8495 2598 3729
2189 2499 3420 180 2037
2190 645 470 7772 725
2191 2499 8496 650 8497 2188
2192 2922 2023 2499 612
2193 205 607 204
2194 2499 5653 551 922 176 8498 8499
2195 8500 1519 2499 1554
2196 5092 3351 2499 423 7397 278 8502 2600 869 8503 3419 868 432
2197 2499 6295 5831
2198 2499 8504 6210
2199 4960 2343 2499
2200 2499 2190 2394 4192
2201 2499 2924 4232 7431
2202 2581 2499 291
2203 4154 2554 4340 8509 5424
2204 435 6667 2126 4552 1696 4992 1585 8510 2092 6250 7767 486 571 3088 3482 4951 8511 2477 2113 1525 4502 4994 2292 1599 6543 2302 4251 2668 3511 3139 6972 5849 3140 4220 1890
2205 2030 516 1410 1407 5424 2765 871 1469 3554 8275 8385 152 3484 1743 655 317 278 6662
2206 887 1819 2750 1820 4354 2876 3683 5116 703 30 2116 6902 2258 2552 3115 2532 2209
2207 559 8512 8162 4804 4803 7871 7060 6428 8513 676 8514 481
2208 4282 5662 8252 6376 7736 1929 7871 1638 2765
2209 2978 7871 5230 2985
2210 7871 7291 3344
2211 3350 5914 3126 7871
2212 7871 2188 7763
2213 1581 1633 1634 7871 2257 1866 6283 20 4502 3240
2214 1 2750 1820 4354 13 4501 4064 770 2262 5282
2215 3589 728 1125 3482 6101 4328 838 4502 8019 2485 698 4349 2290 3493 2116 4630 2115 8518 8059 6643 8519 161 834 3728 2671 3249 1614 3002 6709
2216 2895 5020 3487 2949 7885 8520 3972 1192 250 8521 80
2217 355 1751 8522 844 8523 5011
2218 8525 703 432 3493 1643 2118 2210
2219 5653 5508 400 2914
2220 3304 1164 4092 8526 8527
2221 3754 1213 8331 184 1585 8155 6041
2222 4375 268 7214 369 5280 1081 4436
2223 8531 6263 6702 8532 467 2875
2224 5307 5752 4453 6961 4305 2056
2225 4390 4445 6361
2226 893 1955 3453 4586 3897 8535 178 2370 2371 1125 8536 7162
2227 2002 8146 1519 6283 176
2228 8153 6911 2950 1341 103 6469 5275
2229 1513 6567 3811
2230 1094 2780 4497
2231 5360 367 2780
2232 2780 8538 545 8539 411 2189
2233 731 2780 2848 3834
2234 8540 8541 1162
2235 8542 6034 8462
2236 632 2723 4107 3223 118 331 1317 157 1024 6994 7407 2017 7477 2221 1585 3375 2963 3320 72 8543 8544 878 278 5141
2237 786 1396 4341 1145
2238 4341 2445 285
2239 243 2784 6761 551 245 6328
2240 4341 4115 4563 1145 2037 7532 885 5483 8546
2241 2427 2898 596 4341
2242 218 4341 253
2243 8548 1582 6613 467 3020 1271 1845 5315 5554 8549 8550 8551 6992 760 7529 5533 227 947 3428 743 4341 749 7471 8552 1161
2244 2581 7876 339 4341 5295
2245 10 4341 7762
2246 8553 4341 728 2471 3754
2247 1797 4341 2573 2001 2974 5996 253 3934 1339 67
2248 92 8554 2344 4341 8555
2249 2563 4919 4341
2250 7740 4341 8556 8557 8558 3452 8559 64 8532 122 1464 1471 1479 61 8560 4199 126
2251 4341 1173 4078
2252 6500 1334 6617 4857 1134 4341 365
2253 4341 3801 1704 5022 8561 6114 181
2254 4341 2469 2041
2255 8562 2581 4108 8563 2731 8564 1517 3731 4556 1785 3203 1995 8565 4341 1635 8566
2256 4341 4919 4573
2257 8567 1513 4341 1347 865 8568 3505 8569 898 3872 8570 4611 8571 1157 4875 253 5508 4037 1967
2258 4341 4388 6117 1553
2259 639 7247 4341
2260 5901 4341 1113 514
2261 2583 4341 8572 2582 7310 5383 8287
2262 2385 2645 4862 4632 4796 8573 8574 4341
2263 6491 4341 4904 6719 2947 1636 3131 70 1383 8575 3871 3745 8031 3827 8576 5411
2264 5641 4693 2799
2265 170 2001 5214 5157 153 2850 3175 3574 6261 5742 391 6473 6813 4400 7716
2266 2004 2724 4341 1952
2267 7925 3785 2794 8580 1723 8581 4017 8582 5653 7402 4185 192
2268 1816 7360 2404 7695 4828 3741
2269 5752 6917 3804 3440
2270 7402 1304 165 2182 4454 8584 2150
2271 6809 8041 18 618 1114 2487 2588 2859 852 707
2272 2194 8041 72 4380 1162 1163
2273 3838 3020 1955
2274 696 8041 1493 8165 7348
2275 6384 5324 3510 403 8588 8589 6922 8590 2394 731 7898 2003 6931 5879 7656 8591 8592 476 365 6700 4726 4724 3195 7625 1951 5402 55 8593 8041 8594 3308 6985
2276 7216 2801 1574 5432 4405 1633 6717 2374 1497 1433 2791 2793 1634 1297 7355 8595 8596 7369 2749 1818 1819 2872 7142 4052 1762 8597 8041 4 2645 2953 5 1821 9 1405 11 1517 2359 2109 3074 6893 1861 3989 3640 2877 1080 1137 4067 5098 1114 2879 3352 4996 6179
2277 4927 8041 937
2278 8041 3629 1916 8598
2279 5521 5789 7167
2280 8600 2979 747
2281 3594 649 8602
2282 328 3764 2011 2059 4502 178 3015 4118 4326 406 5537 2631 2901 8234 7658 4480 1295 7943 4619 8604 8149 4245 3223 779 1829 3265 2510 551 8605 8606 4591
2283 7150 8607 7878 932 8608 1196 8609 1218 7760 4605 3167 8373 4597 4615
2284 2933 3167 201
2285 3167 2508 1362 4890 1952
2286 3167 8611 1535
2287 8210 7456 3237 3084 2927 477 535 7490 5275 6786 3105 2507 2766 3438 525 7394 2187 5870 6063 1357 607 3167 7309 5074 1233 3600 3487 5088 4343
2288 4871 3677 2903 6505 3167 2910 3174 1341 138 2262 3334 6069 2715 8614 2971 1333 1696 7667 1138 6333 1520 2602
2289 3 311 898 3905 3167 2508 2035 3126 902 3433
2290 3364 204 3167 6172
2291 2655 8239 8615 3167
2292 3167 8616 306 876 8617 8618
2293 3167 8619 3256 526 477 3032
2294 1854 3565 5531 347 3167 869
2295 2747 4248 1134 6054
2296 1248 5536 3230
2297 7531 8621 8622 3167
2298 3167 4436 2192
2299 3731 5915 3167 7134 8623 4707
2300 4377 2048 3167 489 4810 365
2301 1364 8474 3167 1362 4891
2302 6568 6145 3167
2303 3167 7149 1151 3680 8626 6172 227 3473 1211 8179 6942 5524 2508 937
2304 7450 628 865 4757 3559 6046 4649 894 5277 3814 7161 976 3167 8627
2305 3167 2092 467 865 3709 1396
2306 3987 3167 925 923
2307 3336 180 3167 5028 2560 38 646 278 3386
2308 8628 3167 5545 5811 5509
2309 142 2508 2973 1972
2310 1828 8629 3531 486 864 607 570 540 4092 8630 747 8631 1841 655 8632 1269 8633 6888 1364 5363 7250 1749 4691 1355 5254 178 5725 2508 402 6856 8634 1301 3098 612 5193 752 101 1955 6048 1212 8476 6682 5680 4552 2160
2311 4682 2464 6318 898 5564 8636 2026 2834 2508 192 8637 7579 8638 137 204 2454 1535 2221 1216 3111 6224 86 7768 1169 1181 2125 4829 871
2312 7654 2508 6507 624 4251
2313 3173 5591 2508 8342
2314 2508 5548 8640 8064 2074 7864 8641 8315 1937 2713 2461 5096 7492
2315 5328 4008 1151 7465 8643 2508
2316 3675 5205 896
2317 2508 2766 3351
2318 2508 3089 178 2005 2912 157 6940
2319 877 4027 980
2320 1782 2508 8644 6430 1364 6474 1553 3716 947 4552 234 7463 1954 2238
2321 7464 2454 1391 7099 1938 5111 2508 4480
2322 1318 923 1219 1527 3251 634 1780 1094 1142 872 2392 1704 5552 4508 5066 290 8646 3547 3316 1403 1952 1720 2250 1238 116 757 1143 1695 1620 118 871 2136 1188 8444 1765 6549 1841 1676 1533 1530 8647 5704 3871 5699 2508 1817 3089 4891 8648 4920 6052 6349 1301 3906 2175 2176
2323 1248 1162 4343 263 3059 5245 8650 7651 2508 8651 5419 5036
2324 1086 786 7788 8652 2508 5938 10 195 3534 551 3410 469
2325 1779 1213 463 2945 5437 2508
2326 2508 7600 4646 1295 7940 4488 215 175 542
2327 8182 3345 4891 2508 4301
2328 8048 7406 4196
2329 2508 893 356 1396 7737 170 4129 6261 8654 2070 894 2631 7212 6481 2386 8655 3866 3175 391
2330 2508 421 6062 3457
2331 2190 1229 1805
2332 777 2239 7338
2333 7009 39 69 2508
2334 2693 201 941 3019 1238
2335 2656 508 2508 477
2336 2508 8331 6727
2337 2508 551 1151 6109
2338 2508 8658 1215
2339 1817 2508 1095
2340 758 7342 3575 4404
2341 4547 1553 69 7134 5381 2809 2914 1232 1704 3731 3891 1134 774 767 3744 6299 2352 1785
2342 8660 8661 7558 8662 7194
2343 5081 8663 6564 6088 7543 1696 1142 3534 3251 2513 137 8664 160 7189 2614
2344 8665 985 8666
2345 3173 4060 7508 871
2346 4413 2743 6283 434
2347 2873 9 1860 4354 4063 6254 2068 2287 705 706
2348 3746 1515 869 7337 1213 5927 439 477 624 476 8076 8668 6774 8669
2349 3834 1693 2476 1213 6784 7134 201 1317 3366 4411 2154 4390 7463 1342 1897 2357
2350 8670 1318 2986 5779 21 7876 2539 5816 1981 4017 1114 1213 2480 8671 5941 893 1579 2829 3187 6341 8672 1588 2107 392 4698 4978 7842 2626 1598 2283 2158 1597 1593 1591 36 1595 2284 2392 4705 2485 4706 32 2486 2588 2274 4813 2290 2160 916 31 2291 1602 832 1600 2488 7030 2487 842 99 6971 1601 2726 2115 1603 3242 705 33 2116 1604 35 2913 4252 2946 6221 2669 4196 6193 6350 2410 3966 3968 2122 858 8673 860 2212 1613 7316 4728 1629 3140 1627 1626 6355 2671 2215 8674 7320 4203 4206 4737 2310 1509 6202 1890 861
2351 5727 1213 2332
2352 8364 2539 1213 4937
2353 8675 4207 84 2527 8676
2354 1213 799 7729 4916 2221 3585 8677 4115 384 4880 3317
2355 6423 5173 1213
2356 1213 1694 4499
2357 1749 1213 2539
2358 1213 1001 553 4497 5729 5267 6722
2359 2487 2288 2296 2492 7185 5364 291 7469 3224 5242 1213 3168 3964 3245 1883 6270 2589 50 3247 2839 2840 7645 8679 8673 2214 1887 856 4076 47 7321
2360 4458 754 2337 2069 1213
2361 1585 6206 1857 361 698 2406 2492 3631 5319 1716 6885 6193
2362 1768 4051 1213
2363 5532 8680 2027 4907 5440 1724 1213
2364 1213 3886 4747 1669 1134 6522 1782 6496 7450 1160 5825 1163 6740 8681 610 3301
2365 4513 1213 58
2366 5219 2219 4632 8397 3932 6090
2367 2921 3631 2154 2665 1114 1618 2209 3246
2368 8683 1173 4513 8684
2369 8685 1213 61 124 122 1483 2618 3170
2370 1213 551 3012
2371 1213 894 3925 8686 8687 577 184
2372 8029 193 8689 474 7849 4289 3500 5077
2373 3008 1079 6003 1213
2374 4501 6969 3834 2477 2205 8690 4682 39 4439 6540 1213 3615 2758 705 6971 2118 1391 2885 2884 6103 3511 1607 5551 855 2121
2375 2652 8691 1213 7354
2376 600 937 5811
2377 1213 4438 2953 4163 1579 8692 4704 4030 2062 178 1454 8693 1098
2378 1213 480 6979 551 3314 2712 1161
2379 1213 3359 491
2380 184 1213 8695 8696
2381 1360 4704 1192 400 1213 7195
2382 2102 4339 3980 8698 7578 8699 2517 553 269 8700 8609 8701
2383 2877 384 1642 3092 1598 8168 2161 1599 1593 2668 2302 2407
2384 8703 8704 1340 72 2912 3284 3297 3251
2385 1322 5512 5635 4949 3219 4502 5068 6327 2022 2100 8706 3822 2101
2386 5068 1434 738
2387 4163 4287 2431 4222 1207
2388 5068 8707 8708 4178
2389 469 1797 5416
2390 1704 2392 6281 8709 4178 2662 5068 8710 1086 7785
2391 2933 83 5006 8711 5010 8037
2392 5006 6915 7283 5501
2393 5006 5899 5058
2394 2801 8713 7951 8714
2395 3892 8715 2070 8716 8652 5917 8717 4646 7710 5357 8718
2396 4453 2068 4057 477 2486 4356 2588
2397 490 1909 1955 491 8030 5556 4301 2974
2398 490 6224 694
2399 6067 7702 5853 490 8721 1955
2400 8428 7950 8722 8723 8724 7149 3592 8145 490 8725 7687 2912 7424 2737 6774 5720 3332 2572 8726
2401 490 2702 1955 4245
2402 1646 5852 490
2403 2442 655 597 1660 490 2056 6816 6259 7702
2404 6895 8727 1530 490
2405 1256 2174 616 490 491
2406 8728 6636 4769 2167 409 486 2056 8729 5837 8730 2496 2793 8731 6796 6299 4065 3327 2895 8061 3407 490 2187 3389
2407 6819 2922 7284 1540 1349
2408 3804 894 490 2988 72 3973 4966 4611 2017
2409 490 8224 6915 694 8732 5514
2410 490 5727 1909
2411 490 6549 913 7035 655 3486 5386
2412 8733 4882 6713 6306
2413 4896 490 3015
2414 5727 4704 1702
2415 1055 2189 5727
2416 8736 6733 6739 5727
2417 8738 4060 8225 5727 2136 7134 7309 8739
2418 408 1093 8740 5727 6917 5143 4906 3396
2419 8742 4395 5727
2420 5727 4783 4765 8744 5752 8745 6259 6334 6419 3713
2421 7239 1134 5562 5727
2422 2755 5727 4664
2423 5388 201 4475 2448
2424 1914 5852 770 5727 4271 1022 8747
2425 3732 4376 8748 1953
2426 430 2464 1204 5727 408 8300
2427 597 1954 6816 2958
2428 793 8751 8752 6633 6025 8753 8754 5785 6045 7167 3845 243 8755 2130 789 929 8756 8 261 4579 535 1736 482 525 5727
2429 940 5727 5537 7358 8757 398 2189 1126 3481 2017
2430 4867 5408 5727 8758
2431 3732 1806 5727 2012 494 8759 8760
2432 5727 194 8762 4130
2433 4483 469 2848 3943 5727 2645 1820 2110 2876 4064 1585 671 4067 477 3088 6101 1588 1589 2113 597 8763 807 2283 2392 36 4705 4706 2114 2485 1594 1593 1591 2484 1595 32 2666 2396 2395 2293 2397 2882 2398 842 99 2758 1602 2400 31 4709 2290 3095 3961
2434 5908 5999 1916 5727
2435 5727 3379 1955
2436 4324 1599 898 8764 481
2437 2933 5652 5488
2438 1185 4804 2933
2439 596 4819 8357 5604 2933 5754 1133 3611 1393 1149 923
2440 4782 8118 8765 7747 834 8766 7056 2734 5071 4162 8053 8767
2441 871 413 3362
2442 3027 3487 6384 7747 5279 3069 2872 743
2443 2080 2017 253 5424 7747 7239
2444 7747 8770 4147
2445 7747 6123 3981 4828 7501 202 2830
2446 1326 7747 5518
2447 3180 786 2737 2813 6577
2448 8718 8771 8353
2449 8772 551 4301 3423 2496 7543 8391 654
2450 1134 2006 8772
2451 1081 4530 3366
2452 1374 8772 4080 384 4880 8773 8774 8775 3008 8776 7558 8777 6174 8778 7173 1554 1194 8779 8780 2002 8781 8782 8783 8784 8661 7554 8785 4878 8658 1632 5611 8157 4818 8144 8786 8787
2453 8772 2048 4301
2454 8772 3683 1596 2286 2159 2174
2455 2876 1868 4187 2971 4355 3240 2487 706 4285 2296 1499 1881 4251 5634 8789 2919 7500 1677 4843 6386 1046 2842
2456 1194 1195 8772 6294 1137 5951 8790 582 3996
2457 75 2749 4190 1499 3115 1823 3139 855
2458 8791 980 5036 5095 4405 6879 1711 3255 8792
2459 5120 1844 6437 3084 70 905 6312 8794 1155 8795 7728 596 7279 4912 2598 4866 3112 5473 6513 2747 3633 281 8796 1507 8797 1625 4529 4907 7031 2569 7244
2460 2070 169 2730 955
2461 480 8798 169
2462 1952 1953 8799 169 2405 7018
2463 8233 2190 4369 8800 7961 8801 3044 4707 6312 8046 237 4406 181 5041 5156 6466 8802 2636 301 7936 1770 2057 8803 831 8804 169 4888 8805 7420 7187 7740 628 3481 8806 3716 6936 7241 5806 627 271 2197 6986 213
2464 68 169 5125
2465 4462 4003 3737 1063 3201 4228 7685 5268 8808 1295 169
2466 169 2646 6658 624 8809 899 2130 896 6573
2467 8811 8812 7451 7580 169 7824 8813 8078 5839
2468 7414 6519 2426 2986
2469 2092 2095 1660 3297 4800 7784 8816 8817
2470 3351 8571 8818 2146 3233 3682 3920 4501
2471 2279 5012 786
2472 2512 4149 3233 8819 8820 8821
2473 4300 3233 10
2474 138 431 101 488 7408 8822 3233 5653 5038 3362
2475 3005 8064 8823 8824 357
2476 3233 5761 1366
2477 3233 985 1295
2478 8825 3703 3233
2479 3592 6662 113 6169
2480 633 2700 6662 6084
2481 7972 3881 6662
2482 6377 5130 1022 4566 3046 5235 7389 4636 4688 6662 1783 5003 7436 8826 8827 8828 6936 8805 7523 827 3275 617
2483 5585 7649 3652 5482 7110 1513 3259 6672 8829 1994 8830
2484 1579 3230 5085 6229
2485 6662 3623 20 5229
2486 3705 6786 8834 5762 3347 8045
2487 4289 1660 8538 8835 3594 5416 6699 6847 4436 5462 4166 7944 7090 2722 6662 2278 7714 4875
2488 6662 1011 8837 8838 1131
2489 6579 3469 871 470 7691 3470 8751 5910 6662 2975 6043 1855 2254 6680 204
2490 6662 352 2793 6334 595
2491 6662 331 8842
2492 3501 3100 7001
2493 874 3100 204
2494 1137 624 6063 874 3587 5382 3100
2495 3100 1342 3323 905
2496 8844 3100 66
2497 88 2724 551 4700 6710 3100
2498 8596 210 3090 3100 3184
2499 278 3100 866
2500 1718 8846 2730
2501 3100 1221 1129
2502 3737 8848 8571 1552 1765 7729 888 1635
2503 844 3100 1696 1204
2504 8536 6065 1909 3216 694 4765 639 713 325 8001 5240 4713
2505 8849 2876 1866 6205 16 2220 4067 1878 2204 2665 2113 1589 6955 2487 2290 2292 8850 851 8851 3249 1559 1890 6181 3146 862 4505
2506 8353 2937 7615 2222
2507 551 3329 1835 8714 16 8852
2508 204 899 484 874 3989 3671 3012 2022 474 1044
2509 173 1054 258 253 6029
2510 7414 201 1101 8853
2511 7414 237 8854
2512 2974 2804 7414 2975 453 4550
2513 2107 7414 6897 2987 3092 2174 2160 1599 2406 2115
2514 2343 111 5239 7414 3504 3505 1365
2515 7414 4034 7183 8858 3503
2516 3998 8724 4354 7414 2476 2113 1114 4697 1084 807 2284 3240 2588 3242 705 4630 2262 8859 2582 5319 2302 2323 6804 4357 474 7428
2517 5653 7414 1769 3420 6366 5696 4187 5116 1596 8024 2487 2881 705 3046 4996 5550 1883 1887 1886 25 2326 2214 858 1628 6957 861
2518 8861 1841 7414
2519 2107 7414 4496 5322 96 688 227 3951 1967 6641 4262 5614 3884 8863 3041 108 3379 8864 2521 3129 148 3871 1137 8865 5289 1028
2520 8866 8867 8868 4231 8869 416 6601 7414 466 469 2471 3646 2573 2141 3871
2521 1125 7414 2107
2522 466 4758 4273 6592 3284 5088 413 166 7375 8871 8179 7937
2523 1396 5224 2864
2524 6117 28 2205 2524 2480 2851 2113 1635 4187 1084 2174 2482 6902 1591 807 2392 2400 3669 755 5021 5421 35 1885 50 4125 5738 3139 7645
2525 3235 3238 4879 8872 4876 4139 738 3981 3453 2820 930 1415
2526 384 550 655 83 1396
2527 1396 722 719 8873
2528 4095 4537 1396
2529 2275 4255 1396 5242 1321 6993 4163 1407 4397
2530 1396 481 6110
2531 2030 3610 5200 3334 604 1287 5901 2017 2068
2532 4543 8875 8876 6581 5213 1396 4824 255 624 263 3220 487
2533 252 4904 1396 2351 8027
2534 8877 1396 5838
2535 5050 4086 1396 486
2536 1396 3951 6620 3047 7870 4240 8878
2537 1396 4611 3804
2538 1396 1299 1028
2539 893 1396 7593 8882
2540 1308 5425 2495 3012 278 479 6481 1232 843 1396 3473 2631 441 1360 6026
2541 1396 3759 2333 374 3862 3971
2542 6996 8884 5958
2543 268 8885 1788 3631
2544 7699 3089 3630 48
2545 7788 5624 3728 133 1281 3951
2546 3550 1396 1960
2547 1396 8887 2553 783
2548 1396 2809 1137 4829
2549 2877 1396 3754 7327 5585 5720
2550 925 6683 1396 217 8888 3189 3180 6268 4467 617 1328 8171 156
2551 3503 4552 8889 5256 8890 1536 157 2337 946 8891 7449 5658 1445 7470 1238 5789 1098
2552 1206 2748 1396
2553 201 5435 1929 1396
2554 2074 5279 1407 7573 5595 5451 5328 3559 1727 6331 3114 7605 2190 4795 2239 4265 1608 83
2555 925 893 3415 1396
2556 1396 1784 432
2557 6186 3359 8892
2558 7367 5281 1396
2559 391 6328 1396
2560 4168 2017 1396 3754 866 5329 3180
2561 3230 3487 8843 2539 1396 5446 5642 3366 865 6037 3096 8893 2070 5060 1741 10 2192 6031
2562 5803 8511 1396
2563 1396 6209 1873 1015 6767
2564 1396 3173 690 1694 1307 430 2978 1232 8345 2022 1123 493 2804 1119 8564
2565 2932 1396 8895
2566 3950 1396 5063 5148 4255 2694 7890 6386 493 4828
2567 6495 3323 6951 1396 8896 6687 2384
2568 2026 1396 1958
2569 774 3789 3268 8897 525 937 535 5891 2563 8753 884 7080 6786 789 3178 5031 810 3215 3309 7988 7816 1854 7646 8898 5416 7011 8899 2945 7149 4464 2457 6695 1817 826 1396 4017 387 4300 2607
2570 2066 1821 2257 1876 1396 1596 20 4696 6207 3964
2571 1994 1553 1129 1396 1126 5077 1232
2572 5811 2713 1396
2573 8708 1396 5229
2574 4882 3558 7176 2120
2575 1396 893 7483 2431 3998
2576 1396 2722 1365 8902 6059 4973 7474 8814 1228 2579
2577 481 8903 687 8904 8905 2654 474 2646 1094 8906 6258 5436 8503 3560 3547 2720 4451 431 1396
2578 3689 486 8907 423 3219 931 3797 1396 925 8908 8909
2579 1396 7634 71 1741
2580 1396 3415 8911
2581 1396 1635 1226
2582 1396 227 6310
2583 865 8667 3608
2584 242 8912 2203 8913
2585 1396 3723 8914
2586 1396 6048 101
2587 6328 1396 469 1797 2607
2588 8029 1396 1134
2589 3230 779 1396
2590 6786 101 1396
2591 1266 8402 783 4302 1630 2454 2445 1134 2017 5516 1137 484 1396 2070 5002 3482
2592 5200 8916 1396 4302 8342 1096
2593 3816 702 3607 1396
2594 2100 807 1396 7500
2595 3407 1396 6361 7436
2596 8917 4943 3398 1396 2498 6338
2597 548 6491 328 1519 1396 980 5467 3334
2598 3066 472 2640
2599 3025 1396 8859 3545
2600 4497 6732 551 1396 8919 23 3897 1977 5214 3103 5865 2140
2601 4061 8921 4953
2602 1821 6214 1542 8922 1544 8923 6483 4819 481 1360 8924 811 5154 8925 1214 7151 8926 4605 7239 1341 31 1599 1781 3095 1396 925 2296 2118 4630 827 4515 2532 2492 3110 2885 2884 2886 4251 4997 2263 852 2168 6109 3139 2171 5699 2671 2215 6972 2212 3586 937 8927 8586 2327 7237
2603 1396 5516 4757
2604 8928 8929 5992 2828 1655 1396 4695 8930 1195 8931 8932 8933 7153 8934 1214
2605 3729 3224 1396 7149 3917 1635 3415 1922
2606 1396 8936 937
2607 5105 2274 1396 1635
2608 8821 1396 4267 5986
2609 657 3787 1396
2610 5295 8937 3579 3032 3756 4799 5412 5606 3309 8938 1482 6034 5607 6707 1396 3397 7218 8939 8940 7235 2594 4265
2611 3619 5883 1228 1396 4540 8941
2612 178 3737 1977 2637 545 1396 2497 8740 212 5851 659
2613 5090 1798 5318 8942 1138
2614 194 2607 3205 1396 8943 3012
2615 1396 887 2238 1345 8944
2616 8946 5539 8947
2617 1396 384 157
2618 4890 1396 8937 1926 8949 6627 7758
2619 2070 5384 1396 1635 4390
2620 1396 8950 3220 477 6460 8090
2621 1396 1345 2389 4803
2622 2351 3746 2070 8951 7171 3347 2021
2623 6476 157 3354 1396 2626 1457
2624 7204 535 560 5831 1396 6019 1918 1273
2625 3220 4515 7153 1396 2582
2626 8953 1396 1838 6167 227 4326 747 2219 45 2100 5048
2627 1396 5749 1655 97
2628 1396 1295 3262
2629 1396 791 2480 2524 7339 2481 1600
2630 1396 1751 580
2631 1970 1396 2478 1596 2205 31 2488 2122 4126
2632 2586 2445 8956 1396 4857 3352 1781 3158 822 1338 2339 4273 111 3126 6120 2963 2176 6954 2479 8240 1599 4981 8957 278
2633 8959 1876 3482 2113 3604 6476 1396 6631 3964 5551 855 8960
2634 6157 952 5955
2635 786 2878 8493 6206 8724 20 3481 1922 7388 3936 1316 4012 807 2159 2697 2524 2154 3092 6303 4187 432 1597 2289 4812 2487 7354 7325 4706 2296 842 5383 8962 5020 6327 3242 2117 2859 2526 2401 2116 2299 2297 706 2301 5319 2582 2302 2668 2300 4908 1707 197 3115 3508 3509 3644 7131 3245 3244 2532 908 6221 853 2316 2213 2310 50 1612 2309 2318 3247 7317 8963 2319 2313 6928 2315 2537 2674 2677 8601
2636 8964 387 290 4246 2679 4405 6298 5250 4702 8965 8966 690 6963 4591 1017 1566 3690 6053 6307 4227 6087 7951
2637 2148 2866 4039
2638 7248 5614 3153 1091 6700 3963 1407 3604 8968 5482 8054 2632
2639 8970 5744 5838 8971
2640 6685 1304 931 588 1391 5266 101 7311
2641 205 211 4331 8972 2015 7361
2642 6187 1958 2007 8782 553 1296 6425 4785
2643 435 1134 545 937 5274 8742 7843 3009 4405 1017 1137 268 6187 5901 8621 798 86 7957 6168 8973 5211
2644 8653 6187 18
2645 6187 8830 1857
2646 8974 6853 3079 8903 4256 6187 8975 1288 281 5582 8976
2647 5629 8978 38 1045 8979 6187 1865 937 8980 8981 8982 3065 272 8983 1509
2648 8984 6187 5295
2649 7278 6083 5810 8985 6187 8986 2359 4251 2820 8987 5597 582
2650 5812 1428 6187 1845
2651 6187 4932 494 767 3600
2652 4118 294 5140 4865 5537 2174 1635
2653 5855 6187 7499 4136 5052 3697 6861 937 5823 2922 6904 3723 5278 6980 8990
2654 1858 10 2109 12 1864 6187 1459
2655 4119 4815 865 5144 588 5958 4790 8149 7673 1806 3012 4788 6187 2231 1736 2387 8992
2656 6187 2200 7899 5413 3186 205 3187 2426
2657 6187 4551 7703 2978
2658 2441 6187 8994
2659 8995 325 5652 1216 361 6187 905 4809 7457
2660 537 8996 3629 361 406
2661 6187 8997 481
2662 4151 4881 5026 1783 8998
2663 2190 4659 4406 6692
2664 8999 294 2374
2665 1194 9000 6174 8779 5735 1124 6187 5626 9001 70 1338 4828 8783 1424 1941 3928 6698 5491 4515 9002 9003 7465
2666 3971 6187 9004 9005
2667 6321 4454 2578 6187 1704 467 2453
2668 331 2607 9006 3151 6187
2669 7649 7689 6187 3002 4570 3001 3020
2670 2189 491 6187
2671 2874 83 3804 1295 5682 545 367 6187 178 5205 8641 1216 1217 114 774 7117 4619
2672 4 3076 18 6677 6187 3753
2673 6187 2588 2836
2674 9 6187 4552 2755 1588 2477 4257 30 6139 4502 1599
2675 3333 6187 1732 4707 8999
2676 7701 5925 1115 4008
2677 2444 5817 877 5707
2678 2444 8368 1688 8486 7868 9009
2679 2444 494 4353 5150
2680 3336 4504 432 2424 8503 3485 913 2444 1398 1191 5566 2461 7063 5094 3716 3319 4161 2550 2187 3094 5088 9010 6445 1499 6365 919 6716 488 626 4190 6520 6253 133 3107 4631 5290 3091
2681 4491 1953 4443 481 9011 2444 5759 9012 6310 7943
2682 9013 7379 1861 4354 2751 2111 2877 3129 616 618 6393 7405 9014 1596 9015 31 5289 2491 1603 1604 2116 3961 3962 197 6103 4718 5061 2309 2318 50 7934 2946 7602 7318 52
2683 1572 3588 1775 9016 9013 774 3259 230 2717
2684 3588 2369 3587
2685 1820 3588 3074 2126 6205 1585 20 4123 2234 5099 6352 2258 2154 2665 2477 1114 3092 2488 2206 5715 2757 7236 2666 1596 1591 1592 2287 4697 4356 4355 3095 698 2398 2294 99 2283 2159 2397 2164 2116 706 4997 1607 1606 707 6213 2209 2168
2686 5094 735 9017 8778
2687 642 411 2922 3694 4769 561 3309 2004 5482 3203 9018 5806
2688 4573 5708 3195 2496 3694 9019 289 8437
2689 2005 4704 9021 7723 3265 7161 7475 3694
2690 582 469 8029 3833 2360 3396
2691 3694 2722 4233 4873 2513
2692 934 9022 3310 4260 8841 3495 3426 937 3158 3862 9023 2415 381 9024 3789 1656 8899 228 7256 819 820 774 4043 6508 9025 818 9026 7662 9027 5782 8850 6053 5544 1220 6898 9028 1663 7037 9029 9030 9031 9032 9033 3044 4953 9034 9035 7350 871 3492 3050 7418 9036 2916 9037 9038 526 6364 7816 6138 3600 1482 4421 6137 9039 219 1446 3314 1381 957 7193 9040 4104 2988 3178 5516 6453 9041 7373 7983 1438 3924 9042 9043 581 8447 6417 6958 3362 9044 1480 3694 9045 6983 6861 8547 3971 272
2693 664 1268 3694 2513 8214 7581 9048
2694 3694 6524 588
2695 347 3694 5077
2696 5982 1955 153
2697 9051 3356 272 4704 9052 1519 7044 9053 7388 448 8998
2698 15 4709 5188 44 4635 2121
2699 2749 887 1819 2017 4354 734 1137 2813 5942 2479 2480 4124 2481 2757 4696 6650 6902 2525 4697 1591 36 3467 2616 1595 37 2392 2485 2758 2397 8263 2744 1216 6106 5168 4859 3110 9054 122 4999 6462 9055 124 9056 5440 611 8448 3304 6661 8560 8059 5626 1478 126 417 899 3434 3395 8390 2940 9057 1464 4526 4656 844 6095 2492 8446 3966 3965 6198
2700 194 869 331 9058 1304
2701 11 3129 8148 1080 786 1875 22 703 29 2164 4630 4843
2702 3730 2626 597 453 6288 3366 3772 374 628 5918 5358 819 7388
2703 387 6558 6432 6431 3730 2701 4581 8308 6033
2704 3730 1844 9059 7644 2977
2705 8852 6682 3999 2956 5464 9060 3730 9061
2706 1435 9062 260
2707 421 3273 9063 3730 23 8139 6360
2708 3730 3259 1520
2709 3730 8004 9065 6698 9066 9067 309 3707
2710 3730 6288 4804 461 4300 5918 218 1378 4803
2711 846 178 3730
2712 1940 3718 3 2721 8655 3730 212 1632
2713 281 5910 1775 1267
2714 2586 4983 2180 4929 7104 5441 2425 9069
2715 5041 1360 6037 1655 210 5368 5634 7539 2424 9070
2716 2541 2259 7539
2717 408 3328 6959
2718 8285 8622 8407 178 845
2719 9072 4571 8760 6326 8622
2720 8622 4115 9074
2721 719 5044 1954 8408 8622 2238 7987 3205
2722 8622 8770 5587 7062 9076 5872 5437 2730 4589 3770 3948 6021 9077 9078 1194 5476 9079 1210 9080 2626 8569 9081 9082 9083 2416 9084 9085 2726 8949 6629 336 4816 6096 1217 3008 2135 3260 1558 4828 2194 9086 6573 4158 9087 6531 3678 9088 9089 9090 6024 1725 4649 5035 1926 9091 9092 6167 3772 358 8040 7981 9093 9094 7611 7030 2405 6599 9095 9096 4888 3668 9097 5274
2723 8622 4167 70 413 5582 3803
2724 2865 1474 1663
2725 3504 3206 7011 7109 3298 7125 8622 5816 9098
2726 9100 793 1568 9101 9102 1961
2727 4476 4318 7713 7479
2728 1675 8019 9103 1544 9104 3338 227 1588 4463 9105 2879 5651 2174 6954 18 2117 3644 2532 6221 6104 2213 2315 6957
2729 4553 9106 599 5623 2074 7615 2734
2730 5116 4123 9107 3900 2522 4048 8408
2731 1125 1519 5059
2732 9108 7680 1028 6994 7683
2733 3999 2926 4847 2496 2190 1486 9108
2734 5710 1433 7180 4060
2735 596 6746 9108 7479
2736 486 5769 9108 2378 6444 9111 1295
2737 2777 1866 2258 2399
2738 2777 5914 2017 0 4 700 9112 2110 8873 5902 1931 357 1086 2879 6970 2102 2305 2526 2401 4908 9113 6178 2211 50 2860 52 3524
2739 2777 655 1322 9114 1045 9115 4001
2740 9116 4951 9117 2777 9118
2741 3763 925 301 3984 1520
2742 629 1784 925 1021 3835
2743 1691 8278 926 925
2744 925 2722 7434
2745 9120 959 5914 2730 3195 9052 6910 8137 7824 925 3227 617
2746 2340 4904 5538 2912 2798 925 147
2747 869 1447 925
2748 7351 2343 905 9122
2749 431 9123 185 278 89 607 7622 783 6639 4904 7972 411 106 9124 905 2753 4027 1589 3195 4913 9125 9126 925 4763 9127 70 5686 193 1873 5020 3603 4591 3025 9128 61 481 9129 3626 6802 8616 9055 4581 2594 279
2750 634 431 5597
2751 925 8962 9132 2464 2074 5564 684 176 2456 5606 1923 350 7453 6869 5417 4732 4096 7770 1806 7059 1972 1987 8644 937 1704 5279 1363 2525 321 5476 8795 9133 5051 9134 2578 992 9135 213 5422
2752 925 9004 232 2939
2753 9136 1074 2657 6910 2241 5052 6232 3677 8123 5268
2754 925 1635 786 3453
2755 1551 822 122 9137 925
2756 451 925 5831
2757 7123 516 1341 925 1311 3433 185
2758 925 2621 5222 1369
2759 925 3201 365 1770 195 2038 9138 1803 155
2760 7995 4917 925 1151 2573 469 2342 2280 35 2755 5523
2761 5927 1785 7839 4061 9139 6923 2914 5043 5544 9140 6901 576 925 1458 9141 8901 4080 6900 9142 5702 8161 5745 6052
2762 5345 8566 9143
2763 6899 3585 925 7619 3336
2764 3178 925 2210 2446 7805
2765 925 6321 3860 391 5523 2762 1365 9144 8108 4685 7649 4765 2351 9145 8060 474 9146 2237 5999 212
2766 925 5914 1081
2767 2569 925 9148 201 5021
2768 5730 9150 1020 2100 925 6107 9151 9152 3974 7909 736 3534
2769 1696 8911 925
2770 4413 925 7208
2771 5914 5018 9131
2772 227 5235 9155 3215 9156 1137 925 2953 913 2596 871
2773 4772 3788 795 185 9157 9158 2633 3371 925 8070 4051 5501 5654 1822 832 4805 9159 1334 5720 216 1979 1641 1727 5476 707
2774 2326 7548 8798 18 6048 925 3764
2775 7388 6119 925 2259 2609 2426
2776 925 1817 1044 2429
2777 2424 6943 7377 2203 5116 2479 2157 6207 925 7061 2288 4978 2880 4697 2885 2884 2886 3243 3507
2778 5530 2563 6493
2779 8932 7364 7096 925
2780 925 8574 5990 7620 295
2781 1095 334 1983 925
2782 9161 1464 925 420 8804 3032 4761 7923 3593 1907
2783 8335 3974 3827 6206 925 2626
2784 1554 1218 9164 925
2785 925 1635 5750 1585 4120 1787 28 6334 3835 2607 2481 2522 7236
2786 3732 1806 2788
2787 2788 3379 474 2679
2788 2788 3379 171 4001
2789 2788 2784 8692 3684
2790 1967 9170 657 8799 1955 7018 1696
2791 7854 7639 221 2369 9171 9172 6083
2792 2784 1045 2564 2707
2793 6659 1304 4305 2784 1295 2023 6452
2794 6225 8517 2255 178 5617 9174 198 2784 6011 4911 1732 5645 4926 4790
2795 2784 4163 469
2796 2784 9175 7170 355 7167
2797 510 466 5009 4034 546 205
2798 2384 4186 3038 8518
2799 650 4123 1589 4057 3092 21 2322 8168 31 2284 1597 1602 2399 3262 1601 2404 181 1884 4635 2084 2213 4633 4814
2800 4057 9177 3768 5391 6314 4291 8304 5987 6472
2801 5937 9178 4057
2802 8296 6588 4172
2803 8368 1210 4958
2804 4854 7578 8368
2805 1798 1513 6638 8368
2806 291 2539 1353 9179 8152 9180 4863 7199 3582 4778 4403 2284 773
2807 655 3575 7342 948 2228 1238 45 291
2808 9182 242 291 4522
2809 6588 2098 291
2810 3066 2090 7576 3250
2811 9184 291 9185
2812 801 9186 893 5673 291
2813 7971 291 4804
2814 1797 9187 4327 2913 3871
2815 118 537 291 317 9088 9188 413 4135
2816 4474 9096 1828 5585 2539 291
2817 8728 1134 481 291 2858 2175 1369
2818 2921 291 4049 9190 6700 4478 2944 3886 6923
2819 7295 3323 1094 7167 580 291
2820 948 7949 2648 358
2821 291 1635 185 6855 297
2822 165 305 291 9193 6845
2823 8611 5711 291 9194 378
2824 6045 9195 3554 435 210
2825 291 2702 2416
2826 291 6571 7616 9197 2600
2827 291 9198 3027
2828 291 318 194 18 1238 5946 9199 333 3800 9200
2829 1801 6565 2471 1864 2257 291 6927 1613
2830 185 291 6725
2831 1134 291 4816
2832 5010 6471 374 6621 2006 2449 1977 7576 4753 325 3170 142 8173 2184 321
2833 4098 4232 4405 4515 9202 2917 9 9203 349
2834 7018 3334 291 5573 7886
2835 2100 291 5838 383 4859 9204 9205
2836 5696 2154 21 4355 291 847 2426
2837 4504 2573 4409 2141
2838 9015 2697 291 4282
2839 1134 68 291 1072 4828 9207 5102
2840 5264 1833 9124 291
2841 9208 5884 1769 6374 5400 8208 9209 291 9210 203 71 2922 4040 9211 8080
2842 8389 5206 7866 7211
2843 18 1134 291 6172
2844 5785 9212 5382
2845 291 7133 1922
2846 291 373 7095 9213 9214 9215
2847 9216 291 7919
2848 1415 291 2248 5214
2849 5509 291 3206 6931 4938 9217 8556 9218 6826 89 9219 5316 5345 1551 2575 5195 1554 7465
2850 334 4405 9221 7298 291 2496 9222 2068 551 865 1334
2851 785 5939 9223
2852 184 2741 2605 9225 1189 291
2853 664 109 294
2854 9227 8064 317 9228 413
2855 6172 1137 2648
2856 9230 2751 6172 8324 2284 5992 4995
2857 6172 219 5120 6842 3807 5615 4405 455
2858 1644 786 1519 353 6172 5812 2921 9231 9232 9233 6481 2367 9234 996 1866 4405 289 7317
2859 6172 1210 5916
2860 8653 3536 6172
2861 650 9237 317 9238 7972 8621 5633 930 702 6172
2862 9239 1955 7622 1727 6855 6172 7346 3064 4223 3390 2899 5807
2863 3048 2799 1137 5637
2864 9240 3953 544 9241 469
2865 1778 1361 6172 1079 9242 2007 1097 448 6407 9243 1976
2866 4815 5938 3599 6380 5844 1488 838 265
2867 6172 8907 3681 3915 1663
2868 242 466 6172 7740 1655 2017 2513
2869 6172 1055 3748 4067
2870 2698 6172 7529
2871 6172 2813 4993 7875 3482 6954 3092 4696 308 8690 6970 698 705 1881 3243 9245 2534 3244 3139
2872 6172 55 5626 8027
2873 4063 5267 1194 4991 4020 9246 8783 6112 9247 4509 9248 9249 7194 3572
2874 6172 827 550 905 1377 7597 8822
2875 2359 6172 2219
2876 9252 9 2712
2877 6172 5443 2967 5626 7650 1844
2878 4035 467 2706 7185 6495 2084 4807 4451 266 2005 868 3401 278 4630 6857 2410
2879 3743 1916 1001
2880 5992 2132 9255 4275 7141 1311 2573
2881 3492 7963 253 6852 8623 3731
2882 3731 5755 7112 9257
2883 3731 2946 1519 6571 9258 4103 2709 8197
2884 2495 5321 3731
2885 3731 2068 8950 9260 874 4824
2886 3731 4104 6452 9261 1517 8916 3084
2887 3731 3111 42 2830 5990 1704 1994
2888 1778 6329 111 7134 9262 3959 3960 3493 266 3265 2554 2374 3505 427 2709 7125 3731 6755 9263 6157 920 6058
2889 1469 435 9264 5218
2890 2041 7219 4080 9265 1727 3075 3731 8303 4519 5847 7388 8029 5564 5337 2201 9266 4432 2923 1189 4451 2730 5898 8645 3677 7050 6317 1734
2891 3583 3731 4673 5072
2892 1025 1024 4286 9267 9268 917 9269 3971 8321 384 4929 7590 3937 4072 2445 5441 9270 2747 4151 4479 586 7073 7144 3999 2260 1028 5689 799 7962 4999 9271 9272 6671 4407 822 185 4182 5412 1558 3862 9273 5138 3731 3613 5784 4674 1978 946 9274 394
2893 1401 6495 755 594 1569 1566 1695 1716 5094 1675 6143 9276 5467 636 3731 2631
2894 2260 9278 2199 5623 3964 1391 3731
2895 3731 1341 3317 3323 871 908 488
2896 9280 27 866 557 8165 315 4287 6443 1210 197 1152
2897 2796 3597 3504 3731 3401 2923 7587
2898 3731 9281 4575 9282 1149 7115 5103 8769 7043 4743
2899 170 4451 2971 3731 894
2900 3129 4378 4250 2555 2883 705 3242 3731 3965
2901 5076 8308 480 3731
2902 3493 698 153 1185 4699 9284 2299 2300 6500 1896 1929 1763 6764 3135 2467 3731 1553 4843
2903 1097 9285 7039 767
2904 674 1199 1761 567 9286 7002 671 9287 794 9288 3731 8627
2905 4529 9291 871 873 5618 7901 1723 7450
2906 565 871 1159 3731 3539 2706
2907 3129 4002 3731 444 4807 1135 2261 1151 4071
2908 2946 3731 253
2909 3731 2721 6209 3415 1635
2910 3731 9294 321
2911 69 70 3731
2912 2006 2070 1045 2426 5578 4482 5222
2913 6374 2946 611 3731
2914 1124 7203 542
2915 6120 3731 2747
2916 5623 4045 7312
2917 7134 290 3731
2918 4619 3731 3541
2919 3731 2600 7011
2920 152 3731 242
2921 7850 4112 9297 38 6259 1256 1553
2922 1256 3868 4562 253 9298
2923 2001 2978 1256 3999 10
2924 2552 433 2913 3424 5766 9299 3115 1256 3871 6543 1885 9300 4138 9301 9302 6336 9303 1784 7204
2925 1256 4523 5166 1553 5534 4168 5020
2926 5618 7738 4147 4816 1256 8664 285 8885 5772 4347 447 9304
2927 283 1256 1295 5682
2928 2562 6297 1256 6116 8256 557
2929 3158 2052 7962 8856 8114 1295 5402
2930 1256 9305 4993
2931 5453 1256 253 3336 7620 286 1366 1098 523 270 5810 203 5651 5020 2809 1108 4562 3075 3930 2713 1696 9120 782 2506 786 4908 1081
2932 7310 5696 1943 2100 774 1256 1969 5824 5110 3723 298
2933 402 1256 3825 2830 7389
2934 1256 3184 3129 2426 1186
2935 1256 2283 2722 4630 6039 5992 275 2945
2936 4696 4355 3240 2296 6976 1256
2937 6074 3664 580 9307 5720 9308
2938 82 1142 1256 170
2939 9309 369 3027 9310 1256 8571
2940 1256 6859 4523 5450 4163 5166 5476 4482 3974 9311 5578 4514
2941 6654 19 2922 3906 1256 4020
2942 1256 3320 9313 3085 3395 1062 649
2943 1256 3476 1333 7619
2944 1256 4523 5637
2945 1256 2006 3251 8213 1660 5987
2946 7134 9315 6225 3563 17 1458
2947 893 4344 4067 1256
2948 1256 1333 4998 8398 7725 7038 1783 8641 2986 6685 5416 2821 4975 4789 9316 2467 3433 1170 4785 1736 2179 1975 590 1309 9317 683
2949 4881 6176 657 431 4352 1256 1967 138 786 9319 8166 391 175
2950 3297 2196 1511 872 1256
2951 1256 170 2001
2952 1186 4811 8642
2953 1197 1256 5315 1542 9207 8608 9320 126 5604
2954 1256 3230 2449 7824 9321 1693 7527 7478 9322 1137 9323 6531 2242 9324 9325 6728
2955 1794 1266 1785 1256
2956 2322 2114 2669 2836
2957 2875 4156 20 3151 4294 6101 1587 2851 7253 18 7144 28 29 4124 6650 6705 4629 2525 2482 6139 3489 2392 32 4705 1591 2395 7340 1602 99 2397 4709 842 2882 9326 1601 1604 2116 33 3961 847 3962 2884 2886 455 4251 4357 2311 5551 2320 1628
2958 3369 4050 2274 6721
2959 6721 8125 2398 2882 2400 2293 2397
2960 5345 1817 38 6721
2961 1999 0 6807 2129 8483 8259 2162 6721 9327 9328 8474
2962 2127 6721 9329 6300 2102 786 2486
2963 1251 6721 5776 722 4050
2964 6721 3880 2809 1783
2965 4048 3854 9330 9331
2966 9332 9333 9334 6269 5090
2967 980 5096 1305 525 4072
2968 8633 1749 5096 4110 1741 3081 8618
2969 5096 8651 2466 7717 181
2970 3273 3723 3350 657 1553 3262 6409 155 8597 5464 7147 1700 7492 6446 2344
2971 393 7492 1798 5206
2972 7492 9336 57 7861 4273
2973 2496 2059 114
2974 5299 8794 9337 6924 9338 937 9293 4864 3254 9100 3640 9339 2030 9340 2593 6582 5571 6474 6375 9341 7899 1389 7881 6672 4708 5291
2975 1134 3745 9342
2976 5028 9345 8826
2977 639 3280 2001 6157 9347 8403 654 1137 641 3809 1655 7144 9348
2978 8075 2125 5242 1433 3737 3077 5054 3981 930 4542 4806 2486
2979 5097 5193 1183 5697 8656 7942 1071 6450 3750 5858 7752 5094 4306 8430
2980 3205 3809 3893
2981 1108 5952 656 1553
2982 7353 9350 5786
2983 1532 8861 4575 7392 634 594 642 1695 1434 635 1716 9352 116 1717 5463 1765 981 1766 1400 661
2984 1393 1566 4238
2985 9354 6775 7906 9355 2255 1697 2254 3768 9356
2986 2017 1356 4500 2901
2987 435 1 1857 6 1820 3998 9 2110 3076 2257 2876 6667 13 6101 2154 2478 6665 3489 6902 32 2522 36 698 2115 2331 2293 2397 2116 3961 2855 197 8795 5551 6198 6196 2411 2325
2988 2219 6906 3316 5710 102 550 185
2989 3877 365 9358
2990 4457 435 1113
2991 7661 2768 6385 2007 4498 5195 4323 1005 9360 3469 4710 7459 6060 6229 5469 45 1205 3270 9361 3239 8705 5088 8385 5245 3338 8276 1111 1272
2992 1111 3719 2648 1112
2993 1112 9362 1111 6356 5233
2994 1111 9363 8227
2995 1111 6425 1099 2609 6691 566 6635
2996 5322 5523 7737 1111 8885
2997 701 8771 20 28 6139 4124 3092 3489 7061 2284 3095 842 2488 3666 3312 2296 2291 1733 705 7673 9365 9366 4630 2492 4997 3243 2760 3137 1610 2407
2998 8455 4847 1585 702 2232 3488 6207 4187 911 2288 2284 6971 5997 8741 8462 2122
2999 3060 9368 4958 782 165
3000 3785 7834 1464
3001 3807 5299 9370 8142 1051 3785
3002 9371 1063 8402 3785 9372
3003 5151 2429 3603 5211 4303 8178 2013 2513 8196 6615 3785 4555 3712
3004 3785 8781 7558
3005 3785 4965 4435
3006 3785 822 2794 3818 3386 3648 5909
3007 408 9374 9375
3008 3785 5961 20 21 4349
3009 3785 3482 22 3092 2283 2291 2290 2292 698 2118 4071 6102 2311 2327
3010 1776 8260 1828
3011 2745 8137 2706
3012 650 9376 194 5855 3531 7543 2160 4087 5022 674 3129 594 6764 1248 4289 1828 6798 4834 4855 4937 5946 2568 541 6991 2136
3013 2107 1828 2581 7 1821 3230 2877 1137 5942 2113 2851 2482 6902 2159 2158 1594 1595 2485 1599 2666 36 807 1591 1592 2293 2397 7416 6193 1609 1610 1615 1616 1883 3967 3966 6141 2409 1626
3014 1828 946 1769 137 870
3015 1828 9179 1055 9378 9379 7416
3016 1828 9380 3067
3017 5062 1828 1425 5184
3018 1828 6470 8386 905
3019 3649 4496 2979
3020 1828 6101 2851 7416 9326 4997 2534
3021 1828 175 6038 5424 9381 2946 278 1277 9382
3022 1828 1777 2563 5991 5990
3023 3917 8333 1828 6526 1134 1285 3261 7847 1216 7556
3024 243 3689 8679 1828 8098 1798
3025 1828 9385 1551 2453 5752
3026 843 9387 1828
3027 8651 3324 2376 3234 1864 2257 7778 9389 5120 5942 5098 3482 1589 1587 1114 2113 2157 4124 3092 2482 4698 4502 7340 1599 1597 1593 1598 2522 2285 2396 2395 2174 74 1591 1592 2162 807 2159 4697 3095 2666 2287 2397 4709 1594 1595 4705 2114 32 37 3493 2484 2286 2284 36 1596 2296 2164 33 706 2118 2885 2884 2886 9390 3966 1823 3135 3967 7941 2836 6972 1559 1613 4126 2842 2761
3028 9391 4405 2219 8791 8651 891 1937 7549 425 6869
3029 8651 2731 54 8342 5792 7102
3030 9392 3594 9043 1583 2373 4102 8534 6526 7020 5267 874 5585 7223 4103 888 5132 650 7427 9393 4555 3607 1206 4857 2546 7141 265 9394 9395 493 19 6958 1704 1709 4663
3031 2844 2876 4363 3476 5242 5518 1295 9396
3032 1798 455 133 2844 2712
3033 9397 3926 9398 8712 516 48 6376 3739 8768 314 2844
3034 1924 9376 1960 2844 5353
3035 2125 5057 7107
3036 6958 6840 2844 4080 3258
3037 4020 9400 6932 8055 414 5295 2581 5307 3153 268 1286 8814
3038 2749 1819 2017 4 2750 5 9 10 11 1860 4154 1821 1861 6205 1585 20 477 6969 2851 4008 2068 2289 2489 5810 2295 2488 705 1603 1604 3242 2117 3243 4251 3964 4997 853 3139 6461 2860 9402 6355 2671
3039 9403 4862 10 2110
3040 0 2107 2750 6 7 9 6631 11 10 701 4542 3074 6189 1861 4354 4063 4501 2877 3129 4064 1585 4067 2518 5285 9403 477 5098 2203 2755 6101 2477 2481 4698 2482 4978 6650 2483 2206 2666 1597 807 1596 2159 6902 2174 2394 2283 2158 36 4706 7483 74 1594 1595 1591 1592 2286 7340 2525 2288 2484 32 2287 2285 4705 2392 2114 2395 2396 4812 2485 2486 2501 2588 2399 1084 2274 2289 842 832 2758 4709 4813 5715 2160 2295 2487 706 2488 916 2293 2397 2294 31 2527 2882 2398 2400 2489 1602 1599 1600 99 2290 2291 2292 3095 3959 2296 2491 3960 3493 1601 5289 6235 7281 2100 2115 33 1603 2116 2883 3242 705 2163 1604 2404 2117 2118 3961 2298 2403 1326 3962 3110 2885 2884 2886 2299 2300 2301 2297 1882 2303 35 43 4196 2410 3967 3965 502 4635 1883 1619 1611 1615 1616 2409 1617 1618 3137 1609 1610 852 3966 3968 2324 2121 2211 2122 2325 8261 6198 6196 2411 4722 1626 1627 3519 6208 2213 2214 1887 2860 3247 2215 1889 50 2414 4203
3041 9404 9403 2702 1954
3042 9403 0 2129 2645 1820 10 2126 734 865 7339 2831 7325 445 4698 1151 1591 2397 8426 7872
3043 3251 9403 6678
3044 9403 9 3442 2393 2400 2294 9405 6343 6342
3045 9403 6308 3946
3046 9403 430 7292 1956 577
3047 9403 9329 6883 1945 3388 3857 4296 2268 3201 5102 8119 2904 3173
3048 937 1379 8333
3049 469 551 655 317 7713 1800 2237
3050 1817 178 551 325 9407 3170 3051 9129
3051 937 8785 8180 251 1817 178
3052 2426 1967 786
3053 157 1817 3080 516
3054 1817 3071 1769 901 1017 3116 1219 3106 9410 9411 3273 1336 9412 9413 7474 6317 5382 5441 9414 9415 5246 5592 1771 1485 9180 278
3055 1817 899 923
3056 9418 1817 3089 275 2426 7085 3350 1308 1741 1137 3057 4611
3057 3124 7495 3334 1817 2068 5414 2232 1022 8055 6841 6346
3058 3379 2496 4108 1817 1328
3059 1817 9420 649 4326
3060 1817 178 865
3061 1817 9421 9422 3595 1643 8274
3062 946 1817 5152 1695 738 9423 1169 1984 3277 774 2609 6317 5579 6107 937 133 111 3834 6698 3212 4100 749 4804 3703 361 6590 5052 1238 5849 4809 5717 4026 484 3386 3352 9424
3063 1817 9426 201 5757 6018
3064 1263 1817 1338 1085 6730 6634
3065 1723 243 3426
3066 1817 1972 4861 18 3647
3067 5184 1817 545
3068 1817 551 3668
3069 3259 423 3465 5642 571 352 9428 1817 321 3478 5231
3070 1817 4804 8493 3834 872 4619
3071 6175 937 431 83 2949
3072 1817 760 3897
3073 1817 3151 2250 4159
3074 665 1817 178
3075 551 1817 4281
3076 1137 5214 6290 4594 3111 1817 4857 9315 1781 4763 2192 8526 3224 2655 3080 1322 5495 2621 388 9431 4284 6837 6944 5361 2105 4515 5132 9432 2551 8358 7508 2230 352 905 2737 783 1212 2450 624 3463 3558 7501 4631
3077 1817 2741 2723
3078 1817 5419 5725
3079 1817 253 4456 3223 5051 4849 1295
3080 902 1817 178 453
3081 1465 7642 1817 9435 324 2044 3983
3082 4020 9436 1817 2006 209 2945 3174 8728
3083 1817 212 6260 3089 1364
3084 7604 2824 1817 9438 5194 9439 871
3085 1655 198 1817 4963
3086 3323 6376 3981 5801 8124 5326 9440 5419 1817 7768
3087 5643 4811 1817 6588
3088 9131 1732 3559 9441 1817 9442 5208 1980
3089 9443 6509 9444 9423 4679 38 4674 1185 1817 9445 1276 2431 9446
3090 661 1817 3089 463 4881 1364 2218
3091 2196 1972 3961 1817 551 7496 7908 3627 1407
3092 8789 541 3797 1684 1817
3093 9449 1817 310 83 4256
3094 9259 5602 6431 1817 5379 2702 2792 9450 4804 9451 2269 4538 1149 2519 6839 4246 1854 4836 5952 2192
3095 1817 1267 3559 70
3096 4963 3230 4400 7585 1817 2453 2449 873
3097 2017 5807 477 913 3919 2913 937 5939
3098 907 2105 7244 6485 1817 9047 946
3099 3334 6458 1817 6575 937
3100 1972 9452 590 487 1817 4642 2068
3101 869 1817 3105 1536 1461 1179 2747 6169 905 2594 1212 2596
3102 5446 8134 3439 1869 2938 1153 1135 1817 4717 9454
3103 178 3316 162 5719 157 1817 1162
3104 1295 2954 3126
3105 1817 2357 2376 290 9455
3106 9456 1273 1817 2834
3107 3649 2143 9156 1817 4891 8193 5552 1694 1259 3344 5319
3108 9457 639 9275 1817 6568 2640 7803 5085 9458 7749 7987 3584 7576 5807 3087 9123 2741 9139 7160 1654
3109 1272 2920 2751 1749 1817 5648 2576 9459 1706 1131 4267 1797 3646 1585 2731 9460 6969 786 28 2481 4977 2282 2115 2114 7061 2262 2532
3110 1817 253 494 3981 178 2232 54 8203
3111 3334 1817 1360
3112 7377 5419 8053 905 7375 1558 1295 3815 1267 3809
3113 695 6944 1134 3492 6931 5686 9461 3615 3067 4463 1483 4465 878 1238 8286 5721 2724 5419 9462 1596 2462 6548 2238
3114 7240 4058 1135 2416 9463 6380 1236 5419 1137 6174 6082 4513
3115 9464 1680 1783 1682 9465 1006
3116 5419 4593 5720 5768 8199 1080 2059 3574 4579 6262
3117 2033 5591 5419
3118 5419 5234 1328 7379 1135 6057 9467 3112 2713 3090 4686 3059 3377 326
3119 2451 6376 3089 1816
3120 8448 7274 869 6592 3032 1928 2242 3089 4819 122
3121 494 3329 3012 3089 9470 4875 1094 4676 3472 178
3122 1780 1977 4543 83 2987
3123 3089 2821 431 1071
3124 1977 3089 1696
3125 2153 3815 5434 3868 9472 6560 7629 3089
3126 9473 5261 3089 3329
3127 3089 2717 8351 1972
3128 4543 6205 217 4134 3554 338 1181 7886
3129 301 3764 551 3089
3130 6127 9474 1641 3089
3131 5404 3089 5405 1873 453 2945
3132 3024 5372 1266 8
3133 2766 8140 4896
3134 1126 5394 9475
3135 8514 8957 3572 5771 4748 366
3136 1727 939 4452 7657 1990 4881 7248 2689 4464 3169 1150 6359
3137 9476 3222 939 8307
3138 1675 2384 4628 5965 939
3139 2803 2454 1518 9477 86 3541 1975 9478 3764 5655 1129 9187 4065
3140 2388 2293 2084
3141 3748 356 9480
3142 770 2877 786 3323 1741
3143 9481 5961 7699 3242 705 2118
3144 133 893 4790
3145 2248 1904 6110 566 2195 3619 4778 893
3146 893 3015 3004 3017
3147 3942 486 893
3148 7962 893 2125 3324 2976 5456 2564
3149 2351 893 1635 4344 3848 2921
3150 1868 2258 6207 1513 9482 2159 704 3376 3240 2292 1602 3959 1601 2164 2116 2855 2885 2886 893 10 1618 2122 1613 1614 2214 4126
3151 285 5963 6938 893 4009
3152 893 4646 1145 1579
3153 6397 4344 893 1219 6097 4317 3600 2643
3154 893 4436 5823 2631
3155 4834 8970 893 9484
3156 9486 3942 1302 893 1044
3157 8046 5734 893 3459
3158 2471 1211 7471
3159 1453 42 893 5891 9487 2603
3160 6672 9488 1137 1908 1288 2567 4991 1791 1063 893 1635 2254
3161 1668 1128 893 9490 9491 133
3162 5392 893 3356
3163 4227 5228 893 739 3446 1558 1552
3164 9493 2768 6299 4895 259 2732 421 210 3317 352 2973 8861 893 1635 5330 2445 3320 2823 4552 2864 3552 9494 2971 2390
3165 5533 5428 893 2262
3166 9495 9496 2085 7094 3301 893 1635
3167 289 893 1232 9497
3168 2652 1513 18 3481 893 2849 3744 1879 3870 432 2487 2488 2290 520 7403 2342 2117 2118 2855 433 3507 2668 3511 7435 3871 6193 853 1609 952 2123 2637 3413 3957
3169 328 2721 893
3170 4576 893 3581
3171 5416 5488 9498 1098 1776 893 9345 5594 5938 7436
3172 7700 4685 1585 5366 2745 893
3173 4462 286 3424
3174 2351 578 7529
3175 2113 2174 3240 4171 893 197 2030 1628
3176 893 1338 1605
3177 9499 4407 893
3178 9501 8148 893 5917 6808
3179 4965 1040 2727
3180 893 1259 9334
3181 9503 9504 893
3182 6010 5852 2975 6011 5385 1635 6444 5726 893
3183 9507 9508 4765 893
3184 893 4772 5914
3185 893 8389 5206 3075 9509 3236 1552
3186 3442 2351 893 4301
3187 7325 3631 5085 893 3319 878 2377
3188 3696 5490 3963 2351 1739
3189 1834 893 1151
3190 3613 893 1122 8248 6653 3156
3191 1523 3728 893 9512 1238 3023
3192 9513 6629 3824
3193 2064 6567 3813 2693
3194 5678 5677 5383 9514 3240 1922 1631 3027 9177 1079 6392 4306 4301 6296 2944 2694 4352 3919 3010 2426 2598 9515 3554 5446 2747 2914 4972 1751 774 582 4017 2979 7213 2425 8084 4520 9516 2614 2522 8800 2401 2526 4908 42 2394 2305 3427 6841 2301 2297 2300 2299 6871 2833 3150 4196 6354
3195 2445 5266 5383 9517 9120 1151 7761 9518 7587 4381
3196 278 3744 5383
3197 5105 5383 1864 9520 2516 2876 6717 5957 2126 9521 2878 2524 2154 9522 21 2295 2292 3135 5104 853 2215
3198 3180 8634 7174 6445 4222 9304
3199 5383 1342 4654 253 6387 3334
3200 1079 5383 3427
3201 1660 9523 5215 202 6450 4660
3202 5383 3881 100 8367 1460 5455 4899
3203 4511 2862 3852
3204 71 1741 2084 5383
3205 55 9524 2916 7583 7441 8333 937 774 7290 3157 531 7758 3195 878 4005 5383 3259 8021 8990 9036 8268 38 6627
3206 5383 3427 9525
3207 1775 5383 4219 4247 738
3208 5383 1935 222 8075 2976
3209 9526 9527 5424 3001
3210 6458 5856 9115 3541 14 2006 2041 5912 2989 4993 9528 2154 8684 8321 2160 3415 4943 3964 2168
3211 1514 253 5367 266 3834 9529 122 123 5254 767 9473 9530 1661
3212 4939 5184 1228 1694 3270 178 5871 3662 4006 2974 844 9531 3422
3213 481 1833 3662 8099 4005
3214 1734 3662 9534
3215 6849 779 6493 3662 2513 1237
3216 3662 4451 3323 3153
3217 913 3662 2834 391 5818 7032 2708 9536
3218 317 5810 5917
3219 3688 3379 7762 9538 3220 3662 207 1383 871 1451 1938 337 413 5206
3220 2350 7627 9539 2455 3662 462
3221 3085 1778 5888
3222 4937 1134 5736 2219 738 1424 874 227 4328
3223 8401 9541 3754 1954 3334 5268 1922
3224 6923 9542 3754
3225 1134 9543 2501 3754 5969 7210 9544 1780 8638 9545 3329
3226 3754 694 5179 2105
3227 3754 9546 2221 133 801 2394
3228 5969 1295 5736
3229 4378 3754 4581 1113
3230 3754 9547 5914 4418 1735 5319
3231 3754 783 9548
3232 2690 3754 2016
3233 3592 9551 4107 91 5683 3754
3234 3754 231 2
3235 3754 9552 3447 8327 3804
3236 3754 5553 551
3237 9122 6507 3754 4436
3238 9554 3754 8326 2507
3239 1228 3754 4364 1801
3240 5455 5944 9555
3241 281 2730 7756 9556 253 1248 102 3067
3242 3234 3754 5687 179 2593
3243 2878 5116 3754 2286 5939 807 2285 2666 2287 2882 2293 2398 2399 2294 4709 5179 2492 6199
3244 3754 3869 2647 3796 5657 4501
3245 3754 2012 4674 2061
3246 9501 3094 3436 4752 7450 5556 2926 8719 1350 7181 2948
3247 3754 1553 2914 8563
3248 8653 7724 184
3249 2647 5058 4499 2517 4522 1110 3754 6940
3250 3024 9559 3613 4531 780
3251 3754 387 205
3252 3230 13 9561 2111 1080 3754 1100 2105 2813 6634 1875 1876 2755 1589 1587 2478 2479 2524 1590 2665 28 616 2113 4812 2174 807 1598 2114 2485 2285 1597 2392 2484 1593 2284 1594 1595 2286 74 2393 2287 1591 1592 2396 2395 2397 2882 2293 2400 31 2291 2489 916 2398 2294 99 1602 2486 2588 2399 2274 4813 832 842 2487 2488 1600 2290 1601 2115 3961 3137 6355 7934 3140
3253 3754 7104 4171
3254 3585 6299 2973 3230 3108 432 1192 913 3 7381 8713 3080 317 783 2058 2971 6984 6986 7439 133 7972 5032 2737 2422 2450 1295 8109 7751 7326 2424 866 937 624 753
3255 5686 5022 435 6376 2424 204
3256 3362 6774 8033 1423 4104 1553 7536 874 1242 2025 7326 2424 7920 83
3257 3292 5910 2424
3258 4389 3184 1232 2143 5508 2424
3259 9563 5432 3536 3505 5927 9564 2424 1907 1012 5252 1169 1020 6132 743 5278 809 4149 628 178 799 1279 227 5376
3260 2424 9566 478 9567
3261 2424 9568 1226 5393
3262 4554 9569 6120 2424 6787 2141 7826
3263 4784 2424 2721 2747 2740 5357 9570 447 9073
3264 6085 9571 9572 2424 1544
3265 1775 2562 3060
3266 2424 1864 4064 9573 4124 4696 2295
3267 2424 1333 2426
3268 2987 2424 1238 5690 1273 8488 6545 2293 6295 3318 1205 1247 7805 2210 844
3269 9385 4905 6437 5084 2430 8312 2424 913 525 2070 3005 4828 1326 1938 5990 5991 7063 5421
3270 894 6730 40 807 2424 6568 7399
3271 690 5638 2326 2424 582 6502 823 9049 7535 9574 8255
3272 4951 1644 2424 7111 9576 4732
3273 8950 3857 2424
3274 2424 225 222 9578
3275 2424 6968 551 3058
3276 9579 2563 2424
3277 7536 1420 97
3278 2424 6085 3191 9580
3279 4991 7714 2424 1341
3280 8782 2416 6367 3453 9528 3473 9581 95 9582 3168 3722 3837
3281 9583 133 7585 2454 1192 5088 1738 261 7710 4797 6440 2221 9458 871 3837 203 3290 4326 59 2483
3282 3837 7008 1398
3283 2834 4902 1983
3284 2834 896 317
3285 2834 3101 8511
3286 9586 2834 3289 3097
3287 2834 2971 9483 2798 8358
3288 4122 8655 6067 7979 3195 6376 2834 9587
3289 2834 203 9588
3290 2834 6084 8503 7466 9294 472
3291 9590 650 4933 3098 4949 9273
3292 3221 3346 2175 3919 2834 7710 1922 5357 3289 6852
3293 378 2834 3833
3294 352 898 4392 3104 2450 874 6394 9591 6827 2657 2713 2390 7651 486 3491 9054 106 4999 8893 6767 7478 7207 7795 913 909 2834
3295 3515 3251 2834 3989 5193 2923
3296 9208 2834 4523 3484
3297 3601 9593 6374 321 9594 5022 9595
3298 9268 3009 8604 1945 4770 3849 5475 5555 475 9596 9597 9598 2834 2713 1518
3299 477 3290 3499 3243 2834 3080 7060 6299 2342
3300 7068 5280 2834
3301 481 2834 1021
3302 9600 5019 3503 9200 5804 9601 2790 483 9602 9603 937 610 1654 2834
3303 2834 481 624 6318
3304 253 6287 1734 2094 2834
3305 1275 1783 5873 9605 1070 5103 8815 9606 178 4544 9466 4279 2834 887 3915 34
3306 2834 2765 1212
3307 5448 2834 9608 9609 8804 3843
3308 2546 7844 2834 58 1584 1964 413
3309 1089 9198 2006
3310 4060 192 7431 1232 7736
3311 690 4358 5669 4040 9069 6672 8437 2332 1558 8598 2993 7231 9611 2331 4060
3312 4060 9612 2047 3745 5686
3313 4806 4632 9613 1404 3732
3314 6854 4060 9240
3315 3440 1296 4060 1183
3316 4060 9615 9033
3317 2581 1862 4060
3318 6654 786 9616 5923 9617 9618
3319 2022 9186 9619 9520 8761 9168 8016 9620 8962 1346 6001 8224 2745 8083 4060 4704 1953 4443 9621 1943 9622 6714 2881 7926 6016 706 6327 2159 4788 9623 9624 8186 9625 2323 5323 2836 9626 4865 9627
3320 2878 1114 4011 9404 9628 2174
3321 532 4060 4390
3322 4543 4060 3842 3347
3323 7338 6910 2068
3324 6817 743 874 6910
3325 6910 227 9629
3326 7389 1395 2718 281 8232 6513 6910 5546 1134 1536 8354 2717
3327 6910 6299 1212
3328 143 551 1694 430 8912 350 1356 1815 6910
3329 6910 3201 1295 1276 1577
3330 9452 6910 898 6627 7422
3331 3379 6702 6701 9239 2645 6205 1775 2203 6191 1879 2501 3182 6651
3332 9322 9631 266 6578 70 4342 3771 4746 9632 508 1132 3772 9618 72 165 1248 9633 6583 6924 5441 413 1151 278 871 3354 3108 4278 157 872 1442 1355 1162 128 2467 3434 7409 5959 5871 2730 937 1757 4326 913 638 6869 8681 7437
3333 2510 874 2100 1163 321 7576
3334 2569 1624 2634
3335 1034 9636 2129 2873 6 2109 3667 15 722 4250 6273 2202
3336 13 1585 2878 7875 5116 6969 2137 2323
3337 2146 2278 2147
3338 3348 4547 253
3339 3348 1967 4547 253 1553
3340 186 8233 7990 2913 3796 1861 9095 696 1553 4993 3348 2426 3413 9637 3880 5565 6029 253 1137 734 2113 2665 28 1967 251 4187 5973 9638 1089 9120 2946 3850 3048 254 2212 2820 2914 6181 7828
3341 871 4547 3348 427 253
3342 3348 1553 1248
3343 253 3348 1553
3344 8691 3348 6340 4936 3796 243
3345 3348 4270 5927
3346 3348 9641 1553
3347 3348 6904 2270 4765
3348 3348 2913 2914
3349 1260 6073 5205 9361 4120
3350 3348 2454 871
3351 8315 9642 5623 2334 3492 3348
3352 1809 310 1483 8560 3348 9644 9495 9645 6379 9646
3353 3348 866 1222 1232 1204
3354 3348 253 1553 4769 83 1686 8644 542 6038
3355 7535 2913 4820 8225 1637 1798 1333 2426
3356 3348 1137 9649 6096 6250
3357 3348 5744 435 1553 5587 4815 7916 9650 1783 5002 1849 5134 9651 8742 1623
3358 2594 624 6740 333 3348 1685 1836
3359 7307 5338 9654 3796 3348 253
3360 1082 3348 5547 2603 3260 9638 1089
3361 2359 7957 3348 4354
3362 9655 3348 486 127 5882 9656
3363 6254 3348 1553 1333
3364 3348 3158 4451 1186 4939
3365 5749 9658 2186 8463 3348
3366 1698 962 1309 2957 8670 9659 1967
3367 1967 8229 2957 5956 9660
3368 588 1967 1794
3369 9280 5689 9661 6709 7066 3838 2371 3350 9662 1967
3370 2125 1967 5166 1700 5203
3371 24 2609 1967 1360 2238 2120 253 5508 2426
3372 5020 4547 1967 1553
3373 1957 1955 4095 1967
3374 8239 297 1967 7627 937
3375 9663 1967 3367 7329
3376 2500 453 350 1967 1553
3377 1967 2945 2546 82 2041 7056
3378 1967 6446 2726 618 28 616 5166 6902 704 911 4188 4355 6698 4529 2098 2296 3865 2163 6543 4995 4997 197 3244 3137 2410 1609 5551 1824 2589 1612
3379 1967 4547 170 1360 6656 1320
3380 1660 20 1553 1967 1813 457 494 6486
3381 4422 1538 2001 170 4421 8034 583 9418 453 9351 8463 742 4426 8881 9526 9664 3467 412 8193 2186 8260
3382 1014 3154 9665 9666 6014 3170 3887 3398 913 1967 38 152 1450 3032 7394 7181 3989 3981 486 5175
3383 1967 253 1553
3384 1967 1503 9667 1169 321 142 157 946 7459 2770 9668 3082 317
3385 1967 4147 8165
3386 9669 4547 432 3296 1145
3387 1333 2110 253
3388 2006 8018 5720 4547 1333
3389 4486 1516 4183 4547 3224 2126 918 5185
3390 3770 9672 1670 253 412 4547 5345 5412 549 5180
3391 8687 3306 4547 6631 8909 192 738 7765 5720
3392 4547 9673 4438 9674 435 4496
3393 4547 253 1292
3394 331 2241 4547 9676 1086 4515 1451
3395 4547 947 1688 7404 2196 9678 4440 700 5 8062 2647 11 701 1861 3224 1874 8255 236 9679 9680 3129 3142 9681 2813 6093 756 8043 1359 8333 5694 9682 2258
3396 4547 1553 469 494 2609
3397 4547 1553 1360
3398 1928 5547 1285 4547 5200
3399 4547 1338 4414 5274 7730 5857 5432 7117 756 4298 3482 1878 8333 2258 227 2068 5717 3135
3400 1360 4547 1333 6278 2795 8691 5677 5858 9207
3401 9189 5441 2830 964 912 4547
3402 4547 1333 4034 1360 11 2068
3403 2260 2365 253 1436 6657 7400 2808 1095 4281
3404 9684 8878 727
3405 1132 75 9686 9684 958 9687 9688
3406 2377 1142 9690
3407 9684 9691 1301
3408 184 8040 9684
3409 10 1861 4354 3427 2727 5098 2113 2280 28 911 6650 1597 2294 2262
3410 7202 9692 3427 4817 243
3411 9693 544 7307 2683
3412 578 2747 6438 6811 8294 7895 2275 6762 6727 4945 2040 2075
3413 2736 871 5348 4192 8387 336 3278 335 1509 261 3277 4323 551
3414 9436 294 4089 168 9695 2736 4428
3415 5602 4181 7583 481 2736
3416 7767 2016 2736
3417 2736 6292 6476 212 5999 6633 3417 7809 6468 181
3418 2736 6317 289
3419 651 1114 937 8381 7242 481 2736 7030 1996 4406 2448
3420 9376 2736 525 9698 4518 1132
3421 2736 1169 3415
3422 2723 6475 4863 3536 6283 7105 7884 2915 7571 3487 5573 5088 9699 8370 6704 8131 6537 3 2603
3423 6210 6693 2736 1154 2365 1341 783 8650 5382 6842 266 4816 72 1216
3424 6426 2066 3933 4646
3425 4094 2066 9701
3426 2066 2375 2877
3427 2066 1906 4390 1137
3428 6447 1138 5673 2066 4509 999 8781 8784 8994 9002 8447 8643
3429 7748 9702 1677 2344 425 9581
3430 3002 1820 8437 2647 2110 4936 3076 3476 7149 959 2126 4697 1049 3654
3431 2359 6944 6921 9703 1767 5241 9704
3432 9581 5883 453 3495 3312 6144 1094 1407
3433 3622 5700 2143 3462
3434 383 419 3462 1173 9706 3226 5708 2394 5707 9230 8585
3435 2074 3462 1806
3436 4394 6727 6900 7178 9508 9186 6481
3437 1737 8400 5105 5837 9707 738 4882 545 2679 1406 5942 2016 771 9445 1137 5983 7684 1952 9708
3438 9709 9710 4905 1922
3439 2730 3601 2969 317 7219 3814 3379
3440 9710 6714 9711 4002
3441 453 48 8755 8347 9619 9710 6918 9712 1718 5649
3442 3809 9710 7461
3443 9710 3768 1551
3444 9710 8037 9265 3195 205 6855 5346 1415 8114 5328 8079 5246 5909 194 4173
3445 8434 9710 8034 8143 4006
3446 9713 9710 3831 4904
3447 9714 3295 2708 21 2939
3448 7341 1695 1529 3942 4222 185 5048 118
3449 8298 9495 1464 1465
3450 4061 7 3998 9715 9 10 11 4186 2751 4094 4067 5116 2755 2174 4998 2295 1499 1617
3451 1437 865 3126 2877 9716 3028 2158 4760
3452 2068 3604 9717
3453 9718 2738 331 8151 551
3454 548 3591 9129 7137 655 9719 8903
3455 2219 1946 621 9500
3456 227 4438 7858 2575
3457 1587 4977 3493
3458 9686 9720 3628 9721
3459 7508 1211 4425 3181 3628 9177
3460 3628 9722 2087
3461 184 5720 69
3462 1199 3628 9336
3463 2126 4757 2280 3628
3464 8906 9725 819 9310 3628 5086 9726 454 9727
3465 9729 9730 297
3466 3628 1078 6495
3467 477 3628 774 1513 3469 872 2450 896 3574 8891
3468 9502 3628 3367
3469 558 3302 2067 7731 6091 3772
3470 9733 1238 3628 494 9734 5955 329 4924 9735
3471 3628 2513 1655
3472 6432 175 786 181 4372 3628 5602
3473 3628 4698 6650 6902 2392 2116 35 2527 1883 858 2321
3474 3628 2464 3629 3219
3475 9739 4824 1 5447 3628
3476 2730 9741 9742 6312 6882 8759 9743 7625 9512 4077 3877 8060 6015
3477 5914 1702 3628 5980 3928 5805
3478 5106 3611 5850
3479 596 1870 2680 6677 7831 9744
3480 2351 474 1049
3481 10 202 4405 7285 2556
3482 7710 3963 3386 5044 2420 8334
3483 1194 6174 5712 3963 9745
3484 3919 2721 6907 69 2723 2446 8980
3485 1553 1655 4543 2721
3486 2721 4881 7250 9747 4269
3487 2721 9748 3505 8283 774 937 4080 9142
3488 7955 4301 2486 6562 4391 1585 2105 3088 7875 22 4530 2013 1635 2721 1589 2524 618 2478 28 3240 31 2116 5992 6179 2532 4843
3489 2084 5821 5754
3490 8179 5614 2901
3491 1624 38 4966 278 1400 2721 467 3425 2083 1697 3802 3362 7545 1536 624 2970
3492 4155 9750 5 3998 9 10 3074 4094 6189 13 4501 2721 2877 1238 1587 1590 4378 616 28 6665 1595 7325 2395 2291 2290 4709 1600 31 3959 2296 99 3493 1601 33 1603 1604 2116 2115 3242 705 6103 197 1614
3493 6008 2721 4058 4390 1635
3494 4286 2125 5053 3465
3495 9752 4519 2721 774 2490
3496 2721 4482 4449 9188 9753
3497 2721 4008 9754
3498 2721 559 8996
3499 9699 7020 2721
3500 6878 4051 2721
3501 1597 1148 4799 4264 2721
3502 2721 1108 2049
3503 4695 2721 1379 9755 6493 5260
3504 2721 55 5824
3505 2721 3317 317 1179 9756 506 9757
3506 3631 4000 2721
3507 7105 1769 3601 5785 1163 3485 1694 1228
3508 7105 3579 128 413 361
3509 3868 819 9759
3510 13 2479 1587 4124 6139 2525 31 1601 33 853 8261
3511 3589 597 4245 7202 4192
3512 2058 1011 6594 2845 7266 6057 5074 4224 9761 6990 1233
3513 1689 2845 6879 4769
3514 1862 525 6915 2845 6646 3713 4222
3515 9762 1704 5698 9763 2845 1720
3516 3946 7999 4948
3517 2656 7228 2459 2905 7329 1094 9764 3058 8882 2845 3652 237 2079 2970 9765 2339 2556 4623 9766 9767 37 1690 18 2100 4480 4820 9118 4263 8818 551 2128 7325
3518 894 202 785
3519 2750 2108 1864 7236 6803 9326 44 4251
3520 0 10 2647 12 1861 4354 1866 1878 9769 2113 2393 5715 2487 31 33 43 5928
3521 9770 1960 4496
3522 1857 700 5 6 2474 9 3074 1860 1875 1879 1114
3523 3655 1818 1982 7900 4 2750 2873 12 8 2110
3524 7580 6232 1605 5917
3525 6184 5619 663
3526 1134 285 550 6540 3724 3723 9236 2710 494 1500 1935
3527 1632 9499 4453 2068 2501 2129 2203 6954 2112 2280 616 4378 4250 2478 2479 1590 2113 2665 2524 2480 2880 1591 1592 2666 1598 2158 807 74 2285 2174 1596 2393 2286 2287 2283 2159 2396 2206 2397 2484 4813 706 2114 2294 2289 2288 2293 2398 2400 832 2489 2395 2295 2488 31 1599 2290 2292 2491 2485 9771 5289 3960 2406 2115 3242 705 2117 2404 50 1617 2324 2211 3967 3966 2122 3965 1615 1616 1619 3968 2305 6213 2169 6199 4722 9772 7317 8261 52 502 2325 3520 2215 3519 2838 8963 4075 2675 6200 2673 4310 1888 4727 4308 4311 4312 4309 6929 4737 7319 4736 7315 4734 4196 1891 2310 6927 2670 2413 1893
3528 6495 4229 3442 2512 604 1453 5939 1741 2864 4378 8065 8067 2396
3529 2426 5618 1451 3399 7500 3397 4650 6085 5269 3166 985 4901 1682 165 5563 1663 9019 1927
3530 6470 738 8906 9774 8554 1928 754 1744 195 9775
3531 9775 5805 4924
3532 1433 671 1494 9775 3690
3533 9777 4112 5026 3583 9775 5426
3534 9775 7044 3067 4268
3535 9778 8262 9779 3127 3030
3536 770 9780 194 657 7608 7267 9747 9781 9145 1275 2607
3537 1169 9782 5382 1829 535 1454 7608 4034 6930 4636
3538 7608 3810 2983 5814 2018 4887 1703 628 4062 8188
3539 9783 9784 967 9059 2997 1076 4954 2730 7608
3540 4141 4867 111 7608 3012 2022 8724 524 3878 730
3541 7608 2793 8699 6098 7113
3542 1716 1717 1710
3543 5779 7608 6670
3544 7608 9786 9787 7603 5307
3545 494 5092 7608 1112 4684
3546 4782 599 1740 6761 481 3740 3226
3547 5229 7608 9210 5076 6645 4578
3548 5195 3346 5562 5370 2195 1972 6041 9063 1739 4670 7608
3549 5850 453 48 1951 8755 7608 9708 4700
3550 8992 6942 2597 7136 7608
3551 7608 105 9791 9792 6420 8169
3552 7345 7344 4442
3553 7608 3262 1551
3554 6052 1297 7608 1361 6907 5081
3555 2998 965 767 9319 1464 1541 937 4837 1691 9794 6984 9795 9416 5606 7608
3556 1668 8422 5053 9796 4694 7179 6365 5747 937 7608
3557 869 486 5448
3558 16 4552 8835 4112 1427 3592 2030 4708 4911 9798 1655 440 3381 1696 97 4399 5482 70 551 2575 1119 4859 7931 9799 9692 9800 5523 9077 1917 741 8577 5875 821 5391 627 111 9801 913 3818 2181 6374 5234 1968 5353 669
3559 178 3515 7632
3560 9239 4223 2517 2799
3561 9803 9804 338 2789 9504 477 6660 1304 2130
3562 2789 8579 1953
3563 9805 5841 2789 9806
3564 2789 9808 4371
3565 186 3329 9239 9809 5535 7092 3092 1553 798 8168 2523 99 2501 2789 1822 2262 272 9810 50 1559 2212 52 9724 3516
3566 2789 6249 2627 1580 2913 2102 2199 628 8 2360 4783 6714 222 9811 9578 3755 9812 3893 834 2571 1416 8631 491 9813 3705
3567 1910 2789 3235
3568 2789 5046 4809 9815 4331 1513 3205 551 6729 1741 2186 4443 5707 104 2626
3569 7219 2789 5271
3570 2789 7395 9406
3571 2789 1317 467
3572 9337 4914 1333
3573 3075 2979 3154 3262
3574 3420 8548 6722 5416 4951 2725
3575 5103 5744 5895 7731
3576 9239 253 1360 6310
3577 2692 6749 253 7236 9818
3578 1831 9478 1977 253 2006 9708
3579 253 9820 8229
3580 253 1360 2110 1554
3581 7471 9447 4516 4487 9821 253
3582 6590 8821 5552 253 5561
3583 1836 761 1818 887 6449 75 1821 11 253 1585 18 30 2290 31 6803 4629 2317 2308 2410 855 4980 2318 4728
3584 4354 2111 16 4502 1598 253 4349 3493 1602 4630 4504 4251 4997 1610 853 2311 4633
3585 1722 253 734
3586 6249 734 1333 788
3587 1516 253 4687 4360 551
3588 5750 253 2142 432 2725 2804 9193 888
3589 8038 333 8276 7452 4188
3590 5810 3060 3699 1985 9824 2658 9825 5240
3591 9826 4438 253
3592 253 9066 9248
3593 1338 423 4268 6256 253
3594 1617 5551 2589 3140 2171 6972 253
3595 1483 8103 2738 4770
3596 2141 251 253 1553 4923
3597 267 4924 253 45 2238 4502
3598 1340 253 9829
3599 253 9830 1965 9831 97
3600 253 2426 2913 1137 7401 1290 2445 16 8798 844 5424
3601 253 7038 4568 2451
3602 9678 144 186 1829 8233 254 4650 1010 9834 9714 2426 340 9835 136 9836 629 8426
3603 253 9391 1821
3604 286 3473 253 3641 170
3605 3871 1137 1445 253
3606 6743 253 2913
3607 9838 1360 7764 5219 4898 253 5530
3608 253 894 1782 1125
3609 298 9839 253
3610 4234 477 3989 2017 153 9832 3185 8863 253 1142 9840 561 1137 786 9841
3611 253 1553 6809 6617
3612 8174 8319 253 5508 9424 2466
3613 253 1553 1333 5597 4917 2385 10 7450 1115 7650
3614 9843 1820 1513 9 11 2647 2269 253 2110 3076 3683 757 477 5088 6762 2278 5027 3804 387 4611 656 2912 1878 1743 70 2258 2477 3951 3488 5204 5337 2158 6552 5765 2118 9844 2973 433 3877 6094 1660 1216 2669 1607 3248 9845 2327 9367
3615 3827 657 293 8046 5610 253 8213 1372 9046 2426 4065 7182 5960 4283
3616 656 4646 8980 7848 5508 253
3617 253 6693 5876 8911
3618 6302 5810 253 2655
3619 3710 16 9248 8609
3620 1960 9678 1333
3621 1333 285 3796 253
3622 253 254 3919 1601 2401 2526 4908 1186 2305 4166 5308 728 2964 3369 5702 1553 2809 4076
3623 4552 1333 253
3624 5345 9232 6848 5683 253
3625 727 7650 253
3626 5824 253 3804
3627 3151 2534 253
3628 4411 253 2262 9847
3629 253 8140 9850
3630 253 8981 2922 551
3631 495 8218 2041 88
3632 1553 3336 9851 6739 1151 243 7827 253
3633 4841 2343 826 7662 1334 657
3634 253 1333 1341 737
3635 4493 9792 9852 253
3636 9264 9661 5830 4190 6997 9853 2670 253 2135 8253
3637 4376 253 3691 193 5652
3638 253 4363 8538
3639 4577 2607 4907
3640 550 253 8177 88 272 5074 9448 6815 2025 5166
3641 253 3552 1301
3642 869 253 1836 4450 6376 2231 9185 5662 8453 1352 4332 2445 204 3492 737 3475 272 755
3643 253 1134 285 4703 391
3644 319 298 253 2426
3645 253 4636 3917 3770 786 4914 42 6536
3646 5498 1273 7886 253 3897
3647 4146 8771 5115 4065 297
3648 3998 253 4501 702 2258 1114 2163 1601 2117 4504 2887 4997 3249 4633 4076
3649 5750 253 1310 6062 1696
3650 294 278 7950 2005 6101 3415 2987 7501 253 2757 6970 2115 1881 4251 2302 1519 4635 2208 860
3651 1094 9005 9855 9406 9824 253
3652 1320 1829 3230 253 2110 4018 3129 4354 3804 2476 175 5090 6762 6075 3482 1696 6101 7072 1162 5914 138 2524 2480 2665 2281 3488 6207 8168 2322 3631 4629 2159 1594 2395 2286 2392 2400 99 2293 2882 2398 3983 2526 2305 3959 3493 2296 3494 4908 33 4682 2117 3508 1499 2833 2582 4997 255 2534 1429 6221 50 2309 855 502 394 1128 860 52 2214 1626 1627 2537 5505 2675 2676 4310 6200 1509 4340 2677 4740 4741
3653 2017 4551 9856 253 3748
3654 4337 2189 6776
3655 5855 7954 377 3745
3656 13 4700 5074 2476 8408 4859 2480 4562 2666 1596 2159 2287 1592 2400 2485 2174 2298 2393 2286 74 2285 2484 2395 2321 4981 7127 2327 1614 3246 1626 2215 2860 1627
3657 6308 4166 1959 2130 5323 1343 738 6361 3834 549 5784 5061 9704
3658 434 548 383 1326 2730 3229 779 9857 2081 8149 7617 912 3005 6229 9858 3057 4018 4499 8889 7879 3737 5984 1108 9859 1964 2504 3236
3659 3587 281 7875 6323 7979 2205 30 4629 1592 1591 1596 74 2284 4813 2487 842 2491 1603 1604 2115 2117 2118 3110 433 43 2760 853 9861 858 1883 3248 855 2211 2122 8261 2411 3143
3660 8268 3587 5193
3661 477 2863 4450
3662 1878 74 2399 3960 352 6103 2311 4722 6972 4478
3663 13 1588 2258 1598 2756 5827 9862 9863 126 1599 9864 1465 2290 5100 4356 2293 3959 6971 5626 9865 1881 4996 6178 35 6179 3203 2304 853 9866 6214 9185 9867 1473 9868 6972
3664 9869 1773 9701
3665 1126 507 8286
3666 2210 3880 9701 2201 9190 2098 6775 2249
3667 9870 9568 607 2287 2280 124
3668 9701 4287 4751 1483 4147 1465 1479 1663 508
3669 7233 4048 1079
3670 5493 1639 1644 9374 9871 3749 553 9872 9491 9016
3671 8176 5838 7312
3672 6 10 11 4064 6495 2105 2203 1119 9873 7136
3673 9566 9874 2188
3674 9857 6008 2271
3675 2749 1819 2872 2017 2645 1858 10 2109 3076 2257 2878 616 618 4994 4502 4908 2526 2394 2305 2401 2308 6221
3676 6566 1464 3272
3677 3787 9877 7378 8096 8431 8348 3556 7216 7913 2565 391 7483 1016
3678 2257 6969 2302 2887 4981 2320
3679 9878 3565 63 9281 7807 9879 1458 135 125 4985 9880 9881
3680 2726 4017 5939 3254 6150
3681 6702 3226 9882
3682 4862 7 1864 3076 3230 4065 2204 4257 2478 2293 36 8168 6902 8059 43 6103 2307 853 858
3683 1969 5646 7589 8473 9883 8605 9884
3684 474 9886 8192 9887 5744 8760
3685 5744 2008 1326
3686 9888 5744 2011
3687 5744 5022 328
3688 9890 2056 2135
3689 4884 5799 4593 9891 5744
3690 2154 5744 6543 3244 4252 2407 2410 860 6198 6196
3691 5744 6347 6769 7982 1137 9223 1839 8916
3692 5744 1062 6215 4819
3693 5744 793 435
3694 1982 2751 702 9892 5744 642 6140 706 2209
3695 1358 9893 3813 4305 888 3607 1391 1407 9675 4788 6068 2387 1173 1737 398 4790 8947 588
3696 1218 2723 9895 9571 7426 9185 9896 8333 6831 8181 9897 7760 2625 1757 4515 1556 1214 8609 2039 8560 123 9898 9899
3697 8078 9523 5257
3698 5481 1704 9232 5270 8984 5474 4232 9902 2959 9523 3428 9700
3699 236 1013 9903 3717 3219 2100 3612 4658 7799 9523
3700 9523 5295 4809 2698 5716
3701 3001 3448 3451 9523 3015 3017 9322 6529 2998 6681 9904
3702 2656 1584 965 1782 9523 7278
3703 9523 4847 655
3704 9523 525 3563 9906 9907 5948
3705 8038 1137 1055
3706 9523 774 7370 7330 7363
3707 955 9523 7144 9909
3708 1071 4027 9523
3709 1922 2274 8 3772
3710 18 1977 8 2243 4402 72
3711 3324 3885 6012 8 3492 2977 8377 2405 7791 5896 2322 8570 6942
3712 8 1195 8931
3713 553 2331 4486 8
3714 9912 3006 8
3715 2550 3652 553 8 6855 1835 9913
3716 7819 9914 9915 2251 2248
3717 664 4405 9037 2922 4591 6328 2607 4473 697 9916 8 1162
3718 8437 8748 8 5073 8749 649
3719 8 4876 2262 8601 7305 1882
3720 178 2691 2565
3721 3181 8 2360
3722 2331 7243 1661 6664
3723 9751 1635 1864 2126 1866 2581 786 2360 4993 1046 4378 618 2154 8809 3240 2396 2293 1912
3724 8 2475 3074
3725 8872 8 1095
3726 535 3212 878 9917 767 6982
3727 1495 8 9918
3728 210 3090 4803
3729 9919 4591 5281
3730 985 8 6392 2245
3731 212 4702 8 6556 5448
3732 3683 1868 1137 2258 2154 8 4187 4977 2288 6650 2296 845 2163 4190 4251 3964 6178 3137 1886 3249 5716
3733 7791 8 9450 6802
3734 93 1660 2449 487
3735 9920 8 6283 3951 10
3736 8464 2681 4405 2360 4936
3737 1727 5657 5839
3738 8 1744 9922
3739 9923 2706 8 5173 8966 4
3740 2953 878 1445 4032 2328 8 7617 8831
3741 3374 469 9924 8 535 937
3742 5116 8 2360 3181 9762 2284 6395 1597 3115 4981 3246
3743 9502 2360 3990 3687 4404 7993 873
3744 6639 9928 9854 2456 2538 9389 179
3745 7633 3537 6069 2360
3746 4936 1870 15 477 4120 2813 6943 7197 2360 4925 7278 5116 2113 2229 4978 6803 1151 433 8928 1197 9419 9929 197 6178 9930 9931 4722 2215
3747 6754 1095 596 1134 3951 508 8268 2360 3352
3748 5203 3 928 4306 5487 647 6735 7050 9934 2360 5463
3749 1866 16 1868 1274 9265 6449 655 6206 6744 9935 3919 5153 5250 2360 4849 9106 774 9936 2280 4378 2479 2112 2524 2480 1590 2665 616 618 2113 153 28 7522 3324 4698 2525 2985 5717 1594 1595 2174 2287 74 2285 2396 2485 1597 1593 2392 2114 842 1600 916 4813 2882 2290 2489 1602 2400 2487 2291 31 5289 2491 3960 1601 2115 1603 1604 2116 1365 2117 2118 2404 2298 2403 3962 863 179 6543 1499 433 2552 5851 6468 3964 9937 2307 2836 2409 858 2842 1626 3519 2214 3247 2320 1887 6944
3750 27 3195 1069 1768 2000 9688
3751 7479 3189 6732 5353 2685 2360 3861 6679 4949 6504 7182 9938 4830
3752 3151 6660 2360 2627 2631 8524 2435
3753 242 2360 2377 2693 396
3754 1862 1585 477 616 28 2159 2158 1593 2501 2289 3959 2115 2116 2298 2117 2118 2360 2885 3507 315 2534 1610 2211 2121 1617 1618 1616 2122 1615 3966 1611 3137 1619 1609 2316 2309 2208 852 6213 4722 8261 2325 3140 1627 1300 2328
3755 3378 2068 4865 3103 2359 2254
3756 1994 3530 5865 6289 8523
3757 774 8752 2360
3758 694 2876 1638 2360 2518 27 5920 2961 3088 9319 2851
3759 5988 4563 2727 1501
3760 7393 2360 5086 1093 9940
3761 2819 3805 7370 2360 7701 1831 9942 3870
3762 1320 319 2360
3763 2360 122 3297
3764 869 4535 2617 1434 9943 9576 4974 6001 2360 7947 5943 1070 3839 9944 2613
3765 2360 178 7857 7160 743 3362 2545 204
3766 1749 2360 9502 5090 3900 6260 8741 5588 5993 6633
3767 3330 266 2360 7114
3768 2107 2518 7313 2116 2360 9299 3249
3769 259 1050 4923
3770 6639 1146 2405 7791 6502 9520 2360 2585 6959
3771 9946 8064 4051 2339 5080 1922 455 2946
3772 6622 8262 4485 357 1237 2249
3773 2360 951 8674 9199 3368
3774 2203 2360 3019
3775 1364 3919 2238 8735 261 2360 7525 3407 3038 7548 7370 4188 5095 3876 9947 8224 3532 6816
3776 5442 70 3534 1922
3777 6218 4436 2278 1635
3778 6164 6218 1405 2626
3779 6218 2001 1706
3780 8908 3158 6218 2797 7355 5051 3205 5279 3699 7220 9172 5482 9951
3781 4583 6444 4187
3782 6218 7650 8264 6255 2922
3783 618 2157 2174 706 4697 2274 2161 2118 2298 2884 2885 2302 1617 3967 6141
3784 5775 9952 1928 3170
3785 4318 2036 887 6378 5404
3786 1798 3231 5568 328 1341 1058
3787 153 3720 3904 8907 9893
3788 7182 1974 9832 2618 7742 2715 142 696 551 7408 4574 1977 3138 3012 5021 194 9954 9955 1094 369 2057 2454 1536 1660 3871 3032
3789 1297 5559 1341 7546 193 3201 266 844 2006 9869 2602 2496 7452 3362 5528 761 664
3790 7452 1425 9957
3791 9031 4699 2190 5598 1798 7452
3792 7452 5526 3191 5995 4863 156 8575 7825 2036 272 9652 9958 1769 6259
3793 1214 8492 7452
3794 7452 2930 8868 480
3795 9959 9960 7452 2177 1643 1783 5831 2546 5526 2985 9734 329 2373 3370 560 561 525 8904 774 526 322 2702 2385 9961 3339 1199 1433
3796 7452 484 2987 786
3797 7452 3036 9208 96 5834
3798 227 8047 9962 4187 8130 9963 161
3799 4687 1134 4440 6243 3376 494 3858
3800 5204 4687 5064 7760 9964 4675
3801 5913 2188 2022 3751
3802 317 2722 2104 551 3290 3094
3803 611 6115 3038 2104
3804 5652 7306 2104
3805 2104 4557 3205 1737 4788 1406 631 590 3876 398 9438 71 2238 2036 1747 1972 9967 9968 6477 9969 2192 9970 3122 5226 3126 9971 9972 4613 6820 9973 5230 4452 7056 5155 9974 8057 810 9017
3806 2104 1769 9793 3098
3807 1743 8109 2104 3768
3808 3090 2625 2104 2036 5180 3834 486 5382
3809 2104 1295 4301 1134 5770 937
3810 2104 1588 2162 2161 2262 2208 2888
3811 2104 2453 4467
3812 8342 9977 4503 1379
3813 3259 5389 1783 9650 4820 4281
3814 2053 3124 3755
3815 2053 6165 4008 1133 2102
3816 9979 1075 2053
3817 8577 5927 4086 2053 84 5660 453 8708 8056 432 738 617
3818 9980 4780 4305
3819 2053 2813 20 6101 4978 6650 4697 4698 2483 6902 4705 2666 1594 2392 36 1593 1595 1591 2485 2649
3820 551 1095 809
3821 1095 9981 9526 9982
3822 8876 1095 218 5065
3823 1095 5620 2903
3824 266 9983 486 2738 1938 9984 1095 8782
3825 1095 8580 4129 6964
3826 6091 3036 582 223 4096 1095 1867
3827 6631 1095 4518 4233
3828 3941 1095 5150 1123
3829 1095 5370 5855 1177 3769 9986
3830 1095 9988 9725 3699 6495
3831 774 9829 1095
3832 1095 4320 9989 6756
3833 3294 1349 1096 1095 2496 630
3834 1095 2008 1734 2391
3835 1775 9991 71 9992 2697 1450 3804 8013 597 9993 6766 937 4132 5911 695 1501
3836 8013 2599 1229
3837 8013 7819 2092 477 9995 8193 9996
3838 8013 3157 2219 9578 1077 9997 9172 937 194 5610
3839 3841 7760 2002
3840 1857 71 905
3841 6757 9999 2347 10000 7364 8610 10001
3842 178 1970 5446
3843 2107 4352 1125 5064 226 9206 10003 10004 4206
3844 8098 1143 2204
3845 2017 8333 631 7445 7134 412 2815 5272 2994 5957 13 9561 4461 5680 2543
3846 4121 4780 1549
3847 3932 4928 8998 1162 10005
3848 5041 9741 9454
3849 3932 4880 4360 410
3850 1125 3932 5041 10008 10009
3851 5801 642 9287 3453
3852 8970 2203 5041 90 3482 5040 1114 2304 2532 2492 1824
3853 3932 1996 5714
3854 3932 6770 1112 5173 10011 1127
3855 3932 5041 10012
3856 447 3932 5064 10009 3356 4192 10006 5041 3774
3857 5533 10013 3932 5151
3858 3932 1954 2238
3859 7228 3932 525 4089
3860 1848 3453 9004 4993 328 4367 5579 3932 10015 8765 8075 9317 3376 6328 5871 1382 10016 2679 6311 9764 1937 8464 176 1134 10017 7896 1113 5799
3861 3932 435 5041
3862 8708 3932 5041 10012 1440 5713 3814
3863 3932 5041 2103 8100 4201 2519 5572 9748
3864 3932 10018 5035 1295 10008
3865 9358 1783 7436 6026 5509
3866 4154 3932 194 3877 3453 7466 2029 10020 6672 6020
3867 7023 3932 5041
3868 628 4372 685 7756 268
3869 3932 2238 551
3870 9000 5431 9745 8038 3932 269 7756 4804 1489
3871 3932 10008 10009
3872 3932 4658 5064 6745 3958 4752 1991 10018
3873 7664 10009 4565 3932
3874 3932 447 5749
3875 10021 1727 1806 4475 3932
3876 484 3254 798 3932
3877 10024 3214 4732 3746 3032 1994 5729 1082
3878 285 7792 5984 535 5708 10025 3735
3879 9774 3872 4834
3880 3872 3844 1949
3881 10028 2190 1723 5718 2002 9249 3872 2686 3844 1101 3446 2609 8776 8774
3882 494 2190 5322 4129 2100 7674 3872 268 7222 1137 1238 10029 525 10030 3664 2336
3883 8469 1112 10031
3884 3872 3838 3844 3842
3885 3668 817 3917 7178 5805
3886 1854 5686 866 9991
3887 10033 1854 664
3888 1854 1809 8381 9590 1195 8931
3889 9925 2992 10035 1854 5686 8124
3890 6659 105 301 5686 9193 4619
3891 1854 10036 8939 486
3892 8691 2735 9121
3893 8216 8876 317
3894 6458 2361 4227 10037 8952
3895 3410 2765 5074 7191 5444 8090 7978 2464 1954 6458 894 317 1535 178 7179 278 6050 7270 10038 551 493 3043 263 5597
3896 5521 9193 827 6458
3897 3169 285 1347 6458 2254
3898 1834 5285 1453 2625 9471 1374 10040 9214 86 6458 486 2615
3899 10041 8230 10042 3792 10043 6458 10044
3900 6458 4115 3223 1639 724 304 4496
3901 6458 3007 1055 8547
3902 10045 9717 3362 9378 9128 9876 577
3903 3482 543 4807 6527 2287 3960 5289 2163 2116 3242 33 2298 2403 2118 2117 8471 2582 2492 2210 1609 2211 2208 2311 2171 6972 7645
3904 9885 6458 7397 9853
3905 9871 657 2973 5921 6458 4462 5231 266 3170 1517 318 4145 2637 3286 1654 10046 6774 4504 3792 10047 1700 2916 10048 10049 486 3059 405 3769 48 3491 7501
3906 4847 8023 6458 551 10050
3907 6458 3197 9502 5324 10051 8102 8070 1551 8066 5110 5412 1108 5345
3908 3412 628 4222
3909 2971 6475 650 2694 3126 10052 10053 3299 2619 8506 6458 545 10054 6819 2262 421 905 3351 3419 3902 872 4682 4067 8601 3552 4891 3171 1142 65
3910 10055 8282 72 361 621
3911 0 9542 2697 4830 3724 705
3912 653 4017 3287 9074 4904
3913 2495 1969 1968 2712 7043 1247 695 9060 1365 9151 10056 10057 1993 5073
3914 1032 3185 1882 1968
3915 2199 7504 1968
3916 4105 1968 3223 9170
3917 2539 6706 1274 5855 4253 1727 8856 10060 8114 4037 7068
3918 10061 7703 10 5229
3919 5316 5037 10062 8556 10063
3920 2190 477 4107 5600 7367 5254 204 4925 10064
3921 1260 10065 10066
3922 1260 535 5252 1351 8796 809 6453 4278
3923 1260 2001 630 278 2862 8012
3924 5546 10069 6050 129 1260
3925 1260 1810 5446 10070
3926 1234 6336 1260
3927 4835 1260 3481
3928 9685 170 1260 387 7371 4795 5434 5092 9611 5986
3929 6462 309 111
3930 1987 10072 1990 2708 4140 10073 309 6823 7032 10074 7864 7110 6315 6316 7514 9302 10075 3690 10076 10077 8235 4617
3931 309 1959 10079 7953 5070 7288 487 10080 5244 4163
3932 10033 309 607
3933 309 8058 8695 6958
3934 309 178 8046 4436
3935 143 10081 10082 1044 3372 309
3936 309 7082 864 5278 7788
3937 8931 1196 10083 6112 1195 7194 7153 10084 10085 2934 6320 7138 6028 8423 10086 10087 5905 309 3835 4609
3938 3422 1238 3272 1465 4381 6706 10088 309 3227
3939 5089 7328 6325 8055 6361 8834 8438 9090 10089 6808 309
3940 1729 309 6884 2570
3941 309 4647 9032 3295
3942 869 3942 10092 234 309 4090 6776 3978 5910
3943 309 7395 610 10093 7412
3944 309 2655 317 3354
3945 2228 3411 10095 309 2442 3973 2040 3195 1228
3946 10096 2632 8050 5046 8464 4253 2609 1723 3436 8792 1711 5036 7605 309 6443
3947 309 10097 8818 9457 7987 641 3584 869 10098 8491 54
3948 9074 6337 1062 309
3949 309 4481 6492
3950 5089 309 3102
3951 338 5074 452
3952 477 1164 7267
3953 7252 9255 309 2541 4889 9919 5959
3954 309 1304 3224 10100 3948 5088
3955 2897 6686 398 3226 1987 1720
3956 29 1325 4789 8118 888
3957 309 2626 1959 6288 7903
3958 309 8102 5482 760 2416 7521 8784 4509 7769 9970
3959 10101 1084 2188 4905 7083 10102 5558 4357 309 3073 2632 683
3960 10104 8389 8339 6080 7635
3961 7905 227 4923 3362 2955 10106 111 872 5378 1162 3032 2715 773 7615 8728 8585 2718 923 18 309 3636 7433 1976
3962 9865 9474 69 10107 1408 309
3963 2959 1134 1098 309 8148 8195 7798 7769 9970 1107 10108 8074 10109 111 2343 1729 6553 5489 2704 622 4114 1488 7195 5135 8431 9346 997 10110 3611 4456 9781 5128 176 1730 10111 10112 7433 3460 5614
3964 3853 7274 309 237 3295 54
3965 309 3241 590
3966 2339 309 6640
3967 1982 309 6993 5921 6206 6634 4257 2478 704 2161 2116 2403 2262 2164 2298 2117 3962 2404 2118 3961 6699 5282 2885 2884 2886 3110 2302 3507 1183 1617 3967 2410 1619 8261 3966 2121 2122
3968 1798 398 309 3001 3205
3969 4575 735 767 1842 9463 5463 952 10116 1676 673 5515 804 45 1171 309 1160
3970 309 7361 2626 1970 10117 1729
3971 531 1215 9031
3972 309 7846 4015 1737
3973 309 10118 9385 10119 7770 6001 7411 4785 5912 10120 10121 6879 633 7849 3813 8947 9968 6762 4784 1346 1729 4482 278 4511 622 2026 2734 10122 538
3974 309 9967 1736
3975 309 8054 1987 7227 590 8349 5958 5225 8970 10123 3410
3976 309 10126 6492 7605 3301 279
3977 309 10128 3252 3592 261 5211
3978 593 419 309
3979 8330 9043 4819 6372 581
3980 9896 328 8330 774 8126 2600 8922 6541 1201 195 10129 10130 10131 5521 3012 1338 5891 2375 1542 7185 9086 10132 6215 8556
3981 3272 1465 1483 123
3982 8330 5295 413 3763 1360 9056
3983 4118 7819 5805 8330 5674
3984 5409 1478 610 8330
3985 5106 3701 6993 3445 2040 1472 10100 2188 474 3611 4114 1407 5381 3999 10134 5615 5732
3986 3999 6958 9043 581 10135
3987 2934 10136 3921 8779 2002 4513 2416 8781 3999
3988 3999 2513 3594 2141
3989 3999 83 2356 2190
3990 5408 5895 3786 3764 3999 1566 8713 4619 156
3991 6792 184 607 1160 9216 622 4605 2632 2074 128 6853 6404 3912 3551 2454 9321 888 413 2879 5349 3999 3085
3992 8764 878 1170 3999
3993 2056 540 5993 5994 217 3999 1197 1218 8449 10139 486 624
3994 4459 236 3999 5389
3995 3999 10134 770 1871 2278 6954 43 6670 2127 2513
3996 607 5077 10140
3997 6431 3999 328
3998 2873 2474 1320 3999 4554 6760 786 2913 650 6128 2258 1587 1589 29 2287 2881 2288 842 2161 916 2490 706 2532 3243 197 3511 3140
3999 3999 10141 18 6450 5989
4000 1798 9781 10143 290
4001 3999 3834 4704 1221 507 6180 10072 10144
4002 3999 5848 595 8508
4003 1820 3999 2876 3230 5696 1585 7313 20 5116 1589 2288 8168
4004 3999 1137 2274
4005 38 1092 3999
4006 3999 8855 8839
4007 1391 3999 4832 1779
4008 3999 1874 4108 3393
4009 2609 3999 352 2923
4010 2656 5391 3999
4011 3999 1367 10148 4289 3448 6931 3713
4012 10134 10149 3999 7239 1994 5195
4013 1857 3999 3826 4634 3230 2751 2100 3631
4014 3999 3054 888 6209
4015 10150 1209 3999 9233 2416 8448 122
4016 3999 5240 3629 3440
4017 1721 3999 887 4 5 2750 3998 6612 6 701 6372 5116 10151 3092 2481 2666 166 2118 3243
4018 10113 3999 3334 3809 724 4222
4019 3999 10152 5391
4020 3999 4999 9016 509
4021 3999 4474 10153 3500 4028
4022 2394 2003 5402
4023 3999 878 3992
4024 10154 8066 9798 4069 4047 294 704 4187 2291 3999 3095 1778 5319 3115
4025 3999 113 1818 2697
4026 3999 1194 6112
4027 8883 3212 10038 10157 6922
4028 5313 1001 1417 3999 178
4029 3999 10134 2068
4030 6216 3103 6100 781 6648 3999 799 3572
4031 3999 10159 3604 5174 2262 1326 2068 3605
4032 10160 2084 5384 2274 3999 10161
4033 1775 2359 869 1453 4975 2216 1076 1096
4034 3546 3301 8560
4035 69 5136 3973
4036 8135 8783 8774 6174 2935 6904 4430 3181 6861 7398 7860 4837 10162 2416 10163 1479 597 10164 6034
4037 9542 5252 965 3192
4038 10166 9389 1059 3349 10011
4039 2011 4147 10167
4040 8475 4888 3605 10168 6433 3043
4041 10109 1292 2997 5416 3594 7288 4782 8045
4042 8010 1292 1471
4043 10169 2453 3547 2631
4044 6492 9675 6820 7770 1292 4119
4045 10172 9127 1422 2922 5704 3323 5808
4046 4864 2516 734 4167 5710 10173 328 3907
4047 486 184 2747 2445 8789 6062
4048 4398 2017 10173 285
4049 10173 5468 1134 5840 7767 7536 9016 639 2463 557 8428 7760
4050 3685 3705 5572 10173 9993 3877 8892 2687 1360
4051 3801 2159 9458 3650
4052 2426 3801 5351 5506 8028 3126 6284 1975 136 272 9958 2609
4053 3801 5277 5380 4611 1119
4054 5481 2073 8008
4055 4260 10175 3801 3312 8140 10176
4056 3801 468 8169
4057 2662 3801 469 865
4058 2102 3801 5022
4059 4058 10178 275 10179 3801
4060 1142 2989 2679 8327 3801 4511
4061 2600 3801 1655 10180 8009
4062 878 7341 9376 1134
4063 1268 1269 1723
4064 1798 243 6154 1723 5669 5838 10181 9396
4065 7397 1227 3432 6058 5022 10182 7964 1722 1723 2686 3446 2331 7225 5133
4066 3856 1694 1228 210
4067 6010 7791 6354 1723
4068 7001 7896 1723 3379 6680 7999 6209 6026
4069 1723 3838 3436
4070 3600 7664 2572
4071 10183 8435 3737 2609 6757 1723 7764 5244
4072 3842 1723 1722 2686 3446 3444 2811 5963 2609 6136
4073 5299 1727 3838 10184 384 3564 2416 3534 827 5909 6777
4074 3838 6336 2686 10186
4075 3838 10187 406 5922 10188
4076 3234 3838 2686 3444 2445
4077 1861 8745 2686
4078 3838 4092 2609
4079 4564 3838 1722
4080 8800 4486 10190
4081 3838 3012 224 1741 4216
4082 980 3838 3844 387 8248 7818 569 9993 3684 9956 222 767 1274 9811
4083 2582 3631 5552
4084 328 2697 1994 607 5202 7231 7098 4507 8675 6376 7550
4085 7231 2614 6105 484 2417 9745
4086 22 5173 7230 937 8627 9721 8207 2102 1809 6154 8377 4526
4087 4405 414 6879 8921 9601 10191
4088 2986 4405 5095 761 10192
4089 1772 10195 1328 3547 182 4668 4405 18 3980 4748 6416
4090 9224 5035 1440 10196 4405 2239 3656
4091 4840 730 4405 6776 8512
4092 8572 7924 3593 9021 9332 6046 4467 45 2562 4405
4093 4568 6973 178
4094 946 1470 4404 178 3169 8535 4456 4713 1853 4405 660 414 7945 694 2416 1554 266 6620 1527
4095 10197 5074 4543 3723 3303 1716 973 554 4405
4096 242 7545 3894 5207 8910
4097 4150 8333 8287 4405 4515
4098 4405 7178 1137
4099 7450 2025 272 440
4100 258 913 9388
4101 4405 6879 1126 6330
4102 4405 10201 2088 3165 3301 4689 10202 3828
4103 4405 435 2566 599 1294 5794
4104 88 4405 4700 4555
4105 3853 3334 4405 5536
4106 4405 417 61 1209 7263 5740 123 3044 3295
4107 7179 2335 6317 508
4108 4405 2354 8538 6157
4109 8262 3194 2648 7352 1049 7631 4405 7535 8199 1147
4110 7689 10193 10204 8628 8793 1711 414 4405 10205 598 10206 1183
4111 655 414 4405 7385
4112 6697 8014 414 4405 1046 9327
4113 8058 4405 6879
4114 3708 4405 3058
4115 7851 10016 4405 5954 5040 7921 5614 737
4116 10193 6879 4405 1045 3410
4117 4405 10194 9012 7342 3597 598
4118 3667 5279 9579 4405 10209 948 378
4119 4405 10193 9708 4700
4120 4405 545 8637 9899 3128 1137 2493 312 872 8521 8847 3395 907 6210 7972
4121 2248 4405 4962 10194 432
4122 9520 4405 4767 176
4123 10211 6683 7076 525 8792 8067 2165 4405 10212 8382 1234
4124 6602 7689 10214
4125 8525 4405 10205 4804
4126 4405 3935 10215
4127 4405 7619 7695 4911
4128 4405 3751 7867 1702 4785 3631 5234 9544 1989 10216 1711 5036 10217 4016 1713 3745
4129 3942 4896 6321 607 4405 3223 1955 232
4130 550 170 1410 4405
4131 227 4561 10218 2730 5626 484 4405
4132 9106 4405 598 3041 4134
4133 4405 3542 912 5792 10220
4134 4405 1960 6536 821 5140 5106 10175
4135 1128 724 4780 4522 7690
4136 2475 4405 414 9952 8804
4137 2533 4405 2612 551 639 10098 3044
4138 4501 4993 1876 4405 4502 2283 1596 2284 807 2159 2392 698 705 8261 3968
4139 1760 57 6671
4140 8064 4619 4405 5295 3691 10225 3438 8246 624 1518 2799 1520 9560 4875
4141 4405 3534 28 2205 1680 1880
4142 10206 4405 4704 3385
4143 10227 3741 8055
4144 3370 4405 5866 6823 10074 4772 508
4145 4405 1535 6879 414 1161 6886
4146 631 4405 1106 1806 4090 5900 8792 1711 8558 7714 10217 2277 3295
4147 6284 414 4405 1806 8022 161 97 1212 10230 5076 8704 5864 8528 2384
4148 4405 1954 8408
4149 6656 3989 2913 4405
4150 10231 5703 10194
4151 5725 484 6879 4224 8188 9448 1394 2874 10233 928 8486 9785 2127
4152 3542 4561 331 6879 1248 629 9026 8477 6445 1389
4153 3412 6879 1094 2618 5402 9941 7767
4154 551 1684 5818 8188
4155 1125 1711 1712 10217 6879
4156 6879 7641 7783
4157 6879 3542 10217 10194 1711
4158 3955 6879 4456 9922
4159 6879 10193 414
4160 5686 194 1655 2375 352 9212 6879 6039 3648
4161 1704 6879 2454 3469 8895 6262 5036 3558 5659
4162 4677 6879 4770 3745
4163 1287 5833 8542
4164 2044 7173 101 877
4165 3657 6068 6682 1549 1704 267 9891 41 9090 5669
4166 7899 28 2526 2670 2413
4167 10236 3301 1165
4168 9750 4478 328 1571 313 8159 5440 9534 4246 5351
4169 3419 7457 7515 8704 2024 313 7431 5088
4170 1305 8849 4483 1459 5416 3365
4171 3827 657 2748 9882 2816 1903 10238
4172 4997 9882 2609 2394
4173 9882 4842 1238 8059 4268
4174 9882 8611 799 1814 1060 6706 5647 9085 3012 8985
4175 3593 5597 8136 7948 10239 10240 2513 4819 4619 7257 102 6336 10241 6831 8424 10242 1464 7080 2148 5091 1465 1483 1479 10243 9290 5501 7263 10244 7732 10245 4515 3309 6984 3049 10246 5606 9413 6525 9841 9286 8374 10247 8607 10248 10249 10250 10251 10252 3177 10253 6738 7443 8558
4176 10100 49 4842 2558
4177 4842 2858 7288 113 5124 8977
4178 4375 3864 4842 2730
4179 4842 5766 5269
4180 1419 223 6845 4816
4181 5469 4842 5051 1954 5173 2238 697 2103 1290 10254
4182 3768 7692 6053 767 2017 3241 5052
4183 283 9914 4842 1809 5805 7684 7149 1660 5521 2633 3990 2648 3379 3038 2730 1970 10255 3862 3559 2975 111 2074 3835 813 3617 7178 2568 5474 498 7595
4184 4842 2359 7280
4185 6562 8156 4120 4123 2258 8479 3195 698 3240
4186 4582 8038 2541 383 4027 6267 8369 1919 774 4522 2389 892
4187 9878 1451 872 3880 3990
4188 3695 3688 3834 2706 9471 8070 1194 8135 8781 3921 6174 3922 1055
4189 122 1471 1478 123 3695 525 10051 3988 55 937 4182 3163 10258 3600 4969
4190 2380 1464 774 10259 6188 2916 878 2416 1483 2515 8653 8924 4819 8136 9133 10260 7443 9571 8937 10261 5162 8221 8936 9579 3695 7306 6677
4191 878 5734 4172 535 4565 178 2554 3559 5871 1055
4192 525 535 4009 789 8273 7988 576 8268 9016 1134 1829 5831 4270 10263 10264 10265 4473 3817 469 1058 4255 2135 9311 8116 2040 2632 7288 5476 4476 479 10266
4193 9830 1519 6035 6183
4194 1640 5789 5436
4195 10241 1479 8263
4196 10267 4229 9481 8561 2730
4197 655 70 486 5840
4198 6817 8511 7297 9296 5792 3749 2587 261 5442 909 7519 774 4818 1519
4199 1721 1862 819
4200 386 7888 8917 657 494 266
4201 128 7919 5169 132 142 10269
4202 10081 1425 3951 2361 774 2471 596 4975 1776 4273 8888 967 6294 5554 4570 10154 5144 5797 7251 5520 10271 6685 5819 1318 6673 760 3018 579 6672 5479 4451 1212 1729 2578 6031
4203 10272 1814 2873 6 7
4204 463 9366 6061
4205 463 8780 9844 4157 10152 1996
4206 4619 8165 9912 6124 10273 9073 10274 9322 463
4207 9485 10275 5599
4208 10276 178 7193 5363 2296 10056 10277 6416
4209 10278 8340 10279
4210 5809 463 4464 6258
4211 303 122 10280 10281 63 1875
4212 9582 4287 10011 3453 463 7137
4213 1741 3012 2562 7326 10282
4214 3505 467 463
4215 7020 8045 1983 1504 4287 9173
4216 2513 1059 4428
4217 4301 1417 7962 8395 639 8856 641 3546 6763 463
4218 10283 463 2070 2241 6009
4219 463 1659 2190 9139
4220 7939 627 6632 1775 9450 4232 2571 7397 7884 644 4542 2254 463 7011 2600 10284 4302 9855 9441 628 7134 8435 6642 1835 4406
4221 351 10285 278 2738 6336 463 2613
4222 5449 2795 4933 5535 7357 8584 20 1114 6207 2292 2487 2290 3493 2164 10193 463 2302
4223 5752 10286 7529 3881 230 1162 3852 463 8583 4611 8329 3768 10287
4224 5270 6984 463 3224 1922 5340 6798 2580 5654 1082 3753 2629 5860 6841 434 5562 1238 3622 10288 2565
4225 774 8257 9201 3450 1589 463 4943
4226 463 10006 5040 6949 8764
4227 392 6948 5555 6386 9076 9097 7888
4228 3927 4858 9838 1783 463
4229 463 8430 1069
4230 6367 3737 2725 8039 2442 2518 1210 4863 7132 5809 1879 1589 616 28 1596 2485 2392 1601 1597 1593 1594 1595 1599 1602 705 2116 33 2403 481 2532 4071 2334 8821 4997 851 4635
4231 1210 3660 9365
4232 12 10292 1210 7910 641 4328
4233 2359 7101 508 3774 4450 2103 3629 6950
4234 1210 508 3044 10293 2708 7032
4235 1210 290 2990 194 7518
4236 1210 779 2607
4237 219 9077 336
4238 9379 8884 9271
4239 6295 5409 10294
4240 6711 4446 2322 1743 664 1086 6434 6295 7231
4241 7987 242 9184 331 1032
4242 6295 10267 4033
4243 1928 6295 8116 10296 3304
4244 885 5008 6295 406 3482 7179 5409 10098 290
4245 2730 2189 10298
4246 9297 6295 9164 2090 1195 8931 1214 7151 1218 102 6696 4159
4247 8843 1234 239
4248 967 20 111 16 3534 8396 342 10300
4249 1973 1137 5446 5195
4250 7216 9083 4301 2199 5446 10301 1635
4251 650 5446 3393 2085 1464 2087 1194 1197 2090 1272 8359
4252 6612 10 2647 4337 3076 2257 14 4064 733 3129 10303 7134 5940 786 7488 10244 1924 1778 9734 5955 1788 329 551 8572 5306 237 2334 2423 5446 8504 22 4257 2205 2113 1114 2157 3092 704 4187 2472 911 2287 31 2484 2485 42 74 2285 2288 2758 2397 2555 2286 2293 2118 3243 3771 433 6102 3964 6179 3182 2324 4942 10304 5104 3968 1886 3140 858 2212 1824 6355 1612 10305
4253 8824 7588 8736 7868 9796
4254 5446 2730 10306
4255 5446 7901 4287
4256 5446 1961 2513 10307
4257 5446 9808 6505 1125 5385 737
4258 2849 5446 6992 2702
4259 5446 3612 5482 7476 10309 9297 3219 6772 3032 372
4260 5446 242 2196
4261 9808 5446 5451 3742 2995 6697
4262 5078 5446 5224 624 321
4263 421 656 7313
4264 2078 10310 3920 10 685 1230 1304 3169 268 1783 4137 5003 5446 2007
4265 5446 10311 10312
4266 97 194 5446
4267 5022 10315 101 8367
4268 9620 1982 4991
4269 10316 7187 7198 10152
4270 6573 4714 3101 8934 69 10318 1342 8932 7194 9248 8447 10319 4471 1134 10152
4271 5618 1641 2219
4272 5998 10152 10218 10321
4273 1171 347 557 10152 2704 3103 278 1328 9547 794 783 905 1175 5932 929 4041 1527
4274 10323 435 10259 5824 10324 10325 10152 494 2233 1258 3600
4275 7619 9423 1979 4363 10328 536 8728 9810 4573 5395 551 10329
4276 8728 1464 2242 1481 123 7935 124
4277 900 8278 477 481
4278 9549 5352 321
4279 774 1183 5817 1450 6491
4280 5029 5864 6496 3814
4281 5900 3205 1864 7817 7179 3939 774 176
4282 9 6297 1321 1441
4283 1079 455 8038 3782 6011 1873 3262 3263 4911 6010 2974 2975 4529 2905 878 1896 774 2917 8545 7583 10333 1861 4907 5061 3513 186 7189 266 7404 1698 3236 1309 6550 8239 2275
4284 4907 1379 2190 384
4285 7153 7151 10334 2519 1519 8931 10335 8012 2216 8175 10336 4590 1798 8329 10337 628 4338 1816 8406 4907 4446 2917 4515 8703 9266 10319 4597 6732 7157 8855 5421 436 7494 1227 2040 6058 1196 8064 7194 7196 9929 3219 10338 7878 10339 4964 9833 10340 8224 3802 844
4286 4774 4907 9195
4287 10341 3698 8798 5801 9114 628 2189 7358 2138 670 7374 5983 7880 6964 6733 8484 2389 5219 9944 10342 5960 10343 5403 6362 5504 10096 10344 1050 6677 10345 6674 7888 2353 10346 10347 10348 8591 4907 2343 5374 5818 482 10110 7798 10349 10287 5789 3364 10350 5795 5804 6163 2704 4928 9288 7349 6619 1778 1282 10185 6177 2679
4288 4393 4821 930 3424 10351 4442 4907 4586
4289 7031 6500 3505 3465 8511 2353 9636
4290 481 7031 6039
4291 7031 435 10352 8609 1170 331 1163 1537 486 874 413 10353 1348 571 2355 871 872 624 181 7588 6740 3277 3442 252 4037
4292 3545 3230 8055 10274 3352 667 5976 8767 7031 5524 3611
4293 2353 9985 1183
4294 3476 3334 4993 2109 8742 387 6543 391 10355 3390 7931 1786 4406 2353 4095
4295 4574 8195 7134 7859 9657 2353 7819
4296 8798 9177 6631 3065 2353
4297 1688 2017 5369
4298 6101 2274 2582
4299 3772 457 8963 3716 6520 7501 6736 4075
4300 3946 4034 3352
4301 2778 1933 690 3476 6101 2113 1588 2154 2478 2665 21 704 4994 2485 2501 4356 705 2298 4077 7696 9861
4302 2873 2778 2374 1858 2126 703 2484 2114 2888
4303 6188 1625 2778 4970 2654 1857 5
4304 2778 10140 4005
4305 2778 2394 1882 2303 346
4306 596 3421 2426 194 5026 8255 8783 8777 10060 10358 570 6174 5662 5398 5813 5706 8466 3169 1349 5735 871
4307 6816 2189 383 1588 1590 1960 4095 3961 3962 4251 197
4308 6717 4865 5404 111 5405 4520
4309 6717 9031 9904
4310 8098 6301 6717 2115 2582 5319
4311 6717 2254 5467
4312 4664 6717 1827 7355 7748 2077 8745 9921 10360 6915 3870 7626 1844 38 6509 3623 6001 913
4313 1027 398 6717
4314 4550 3324 2793
4315 6011 3324 6010 738 4551 1407 10361 176
4316 471 4017 759 3324
4317 486 3324 4867 294
4318 7369 3324 4691 5685 2793 543 2813 2258 1114 3318 1884 4843
4319 799 2804 1655 3057 3324 8865 484 7078
4320 1575 7302 3324 877 7137 10362 6780 8544
4321 672 4093 3324
4322 3324 7933 4862 1858 9591 3076 1182 1080 3489 2756 2288 842 99 4252 851 853 2207 1617 852
4323 6234 1953 3324 38 3931 5993
4324 3324 7687 5853
4325 5696 1080 702 477 1114 698 5282 2006 3324
4326 3324 4543 9120
4327 5606 9823 4520 3324
4328 8850 8626 10364 5048 3177 1895
4329 7369 2974 5852
4330 4551 6011 3947 4520 7369 7684 5645
4331 7940 9107 6714 7369 8741 6633 4551 1952
4332 8985 8866 4273 7369 5938
4333 7369 2975 4550 8738
4334 7369 2001 1182
4335 1743 55 1540 7369
4336 10244 477 1137
4337 2190 7369 268
4338 1311 1579 6855 2190 3467
4339 1305 1433 3076 1332 1587 3715 1589 10366 2204 8690 2288 2116 10367 10368 3082 7005 5992 2453 3772 5647 4953 2865 10075 2492 2308 773 8165 4192 2887 7963 10369 9429 855 9626 2122 5551 1559 3140 3968 4170 1888 52 9772 10370 3516 1887 3249 3519 2215 2674 6353 3247 4573 2838 2839 2840 4313 9377
4340 7761 7507 1732
4341 10371 1638 7641 6428 6715 6805 1159 10372 2332 268 10373 1685 2248
4342 7756 1194 10326 97 5606 10374
4343 8075 1768 9916 1569 1668 4426 1676 1648 4297 4295 10375 10356
4344 3718 1066 4978 6650
4345 3615 3339 4448
4346 3718 2001 5880 9242
4347 89 2609 3718
4348 1551 8111 419 4301 417
4349 185 10377 774 1541 9268
4350 1969 469 551 2513
4351 3668 5211 1969 486 10153 5523 7761 219 5651 2707 4174 2449 361 4192 5805 7576
4352 1969 6098 10378 285 7200 3835 10379 1704 8819 4273 6848
4353 1969 4953 6602
4354 1969 1665 7205 4303 869 6491
4355 1086 1969 5533
4356 7589 4939 2417 4490
4357 10380 4872 5999 1969 7915 254 6605 7692 3900 2706 1287 10381 2486 6723 4552 1954 2356 4088 3804 10382 5710 10383 6836 9243 926 1637 1183 486
4358 1693 4406 1969
4359 4902 453 3951 2945 4169 1589 4187 1969
4360 4156 7617 4636 8919 2374
4361 2374 1553 1425
4362 2374 3865 937
4363 6428 2374 4360 5432 4880 5573 3834 8549 10384 10154
4364 1194 8360 8783 4509 8780 9746 2002 2374
4365 649 10385 7020 1159 1316 590 1716 1672 5907 5416 481 5780 4305 2190 1696 8314 1691 1173 3205 3309 2374 5824 3696
4366 9569 4796 3396 4017 1338 5754 4002 2374
4367 2804 10386 10387 10388 9746 6275 10389 6214 5626 8937 5717 2085 3301 1465 10328 774 8547 6454 7441 2374 7398 1542 10390 10025 8732 10391 3793 7196 10392 8933 6112 10393 4603 9929 8423 6174 10083 1754 10394 2087 9006 8154 9918 4495 600 8653 878 8844 3834 3723 10395 2242 10396 9161 10397 10337 1173 10398 5048 10241 10399 5499 1556 9948 9380 6410 5545
4368 5171 7727 3574
4369 7434 9099 9290 10400
4370 2374 5717 124
4371 10401 9912 2374 2416 9863 3451 6083 3017 10154 6770 6020 1486
4372 4819 5197 5198 5514 122 1465 1483 6282 5093 10402 2374
4373 2374 2057 10403 3116 7809
4374 2374 10394 1173 5251 5095 379 10404 2088 1483 1479 8341
4375 1364 6334 3605
4376 1879 847 3961 10405 1943
4377 2374 9359 8252 1228
4378 1820 9 2374 3074 2109 1093 4824 1866 3230 2877 3088 4356 2291 2302 4843
4379 5835 2374 2804 799 384 4936 4440 4429 6167 9649 3000 7901 4042 9521 7391 4495 8051 56 8004 8102 922
4380 2374 3273 6977 5514 9587 3807 4819 9290 10408 5516
4381 2445 9091 10128 8782 1343 4453 1797 1816 1954 2238 2496 4552 1134 6601 2374 2920 4923 5746 2547 7100 2512 3724 7311 10411 5662 607 5582 5633 10412 2373 10218 3792 10413 3334
4382 3195 4290 2417 10132 4819 2148 10415
4383 1582 2374 68 6896 9851 5717 529
4384 8448 2374 1479 122 1483 8356
4385 3843 5513 1735 2394
4386 4704 3843 2747
4387 4458 6695 3843 8717 3938
4388 480 7267 1479 125 126 3843 3299
4389 10095 4769 3843
4390 5825 7713 1525 4752 2718 3843 1295 185 3082 1161 1163
4391 7018 6326 8549 7396 3004 4570 4095 7358 9322 10416 964 3015 4970 4130 4767 7062 3943 7046 1079 4225 590 9243
4392 8224 6129 2017 6128
4393 583 365 6770 6452 3533 7215 10417 6916 900 595 787 976 606 142 1177 6778 1419 111 567 366 6153 279 2136 10418
4394 8738 3112 10250 2971 9586 252
4395 7748 4871 8738 4863 1295 1933 70
4396 8675 799 4145 913 157 8738 6011
4397 4098 10419 10033
4398 7091 7089 8481 6158 2235 10421 5239
4399 6761 1020 3025 739 1211 3622 10278
4400 1193 10 9632 3066 7517 2735 10423
4401 486 10423 10424 2496 1151 4411 8827 10425 2463 5884 10426 10427 2416 2618
4402 10429 8195 1661 10430 2447 655 413 6557 7654 9412 384 10119 1018 7420 3352 1403 261 9720 7699 1045 6304 10431 10359
4403 3745 2100 1359
4404 8871 7019 2359 10432
4405 10433 283 7738 319
4406 1219 8581 6464 6540
4407 2818 562 542 7575 10011
4408 7144 562 3297 3469
4409 5109 1556 4407 7158 1658 3601 9156 5804 1133 4480
4410 5559 1658 328 913
4411 5421 1579 3108 551 5359 423 865 1403 1658 1230 946 1355 3327 38 3322 649 203 7586 896 204 1995 3107 8323 9130
4412 4900 2454 1994 1658
4413 462 1658 10434 9650 9498
4414 1360 70 10435 387 6674 10008
4415 5899 3771 5931 1658 4649 6252 10437
4416 174 1658 7858 4165
4417 157 2600 1658 1538 5069 1707 2464 2136 5550 10438
4418 1459 1658 2453 551 4482
4419 1658 8464 1659 7822
4420 3840 1658 3958
4421 10122 2906 551 3809 6920 10180
4422 412 3552 1658 2461
4423 1658 7807 122 3301 3296
4424 1252 9747 1658
4425 1658 9040 10338 9929 6264
4426 1702 5985 6859 4962 1658
4427 1658 4287 9525
4428 1464 1478 2461 1481 124 230 7271 1658 157 743 1300 1535 1162
4429 10299 8447 7563 9091 5270
4430 3104 2971 799 384 6476 1446 10441 7582 3157 1480 9002 5345 1476 7373 10442 10312 9064 10443 1471 1481 4199 10444 10445 7935 4040 9647 6903 3043 124 3280 65 10313 10314 7277 10446 10447 9016 125 6663 9044 937
4431 2625 9984 9880
4432 6601 2679 4949 7025 5701 158 4663 2512
4433 4192 568 782
4434 6982 878 774 884 9286 1632
4435 3541 2022 1980 1501
4436 4480 1669 6317 7044 4486
4437 3708 8740 4906 8025 10450 6415
4438 7598 10451 1458 8418 324 310 1479 6057 8937 10452 7562 3985 8417
4439 2750 8597 1749 7829 1159 3286 779 10453 350 1720 1192 8358 1718 2070 2600 10223 389 432 4819
4440 1836 2873 1820 1861 9916 6188 469 2126 1320 4064 6737 1673 2576 2942 1708 1585 1137 1688 3072 4643 762 4575 6421 1674 1695 75 841 953 4045 68 9491 1677 1678 735 1401 10454 1706 1670 7413 970 1834 636 1567 10455 4755 6511 1681 1666 18 7444 5846 846 7875 6101 352 615 4623 2258 1632 9522 6539 6508 1941 6871 6907 5421 8059 433 3507 7063 2534
4441 1295 1242 306
4442 423 4398 5335
4443 4587 5621 9616 5086 4104
4444 8548 10456 2896
4445 45 3096 1985 5137 7008 331 6897 185
4446 8661 8777 639 10457 3239
4447 9736 10457 8760 4571
4448 10457 9638 1089
4449 10457 10381 6900 5765 68
4450 1433 6615 6495 1263 258 9100 2370 10458 3855 10285 5917 7331 10457 8480 7957
4451 1156 391 5229 525 569 4577 55
4452 525 887 5099 9334 3208 6896 3218 3290
4453 767 525 10460
4454 5207 525 1318 5831
4455 535 525 5626 5346 1656 3309 8087 789 8468 6214
4456 525 535 9643 3636 3218 527 526 111 3212 10352 5050 789 3159 774 5805
4457 525 5831 10213 7988
4458 5952 3218 525 122 10462
4459 774 525 6898 3268 9637
4460 985 8879 7358 12 4354 3505 186 3129 3336 20 1877 8130 7034 10464 704 4994 6665 6902 2525 8165 2483 2482 4978 4698 1020 7416 2398 4705 4706 842 2489 99 2967 1601 3962 2117 9850 433 4997 3723 2917 2307 525 3139 860 1612 2426 1626
4461 525 1732 5653 7843
4462 946 525 535 560 929 3218 10465 10466 5405
4463 525 527 8844 8442 8244 3215 10467 10468
4464 4819 3534 5822 7158 5886 1544 6215 481 5780 525 6214 9571
4465 525 1965 5937 2578 7479 3746 3337 2217 1579
4466 412 886 5862 7655 3309 8257 8244 10470 525 535 6898 1898
4467 774 3026 655 1693 1704 2331 525 178 310 3487 6759 3825 5204 1397 10450 586 10472 913 2322
4468 1812 1486 1253 10473 525 9698 7633 5831
4469 3692 2891 7173 525 8193
4470 525 10051 122 535
4471 9037 403 527 937
4472 525 5605 3600
4473 7591 525 10475
4474 9416 10476 1338 8864 8443 4549 525 774
4475 6507 525 170 7789
4476 525 3044 8243 128 8356 8281 8643 10477
4477 525 7019 477 1183 317 783
4478 7292 1160 1192 2554 525 1245 1536 5448
4479 3334 10478 8268
4480 937 4290 2148
4481 8193 525 4647 9550 706 2215 10282 1487 1614 2965 42
4482 866 9006 89 3552 2425 7152 2683 6788 525 8204 4996 4997 261 4251 4995 6938 1607 5273 1619 2407 3140 855 4125 59 10479
4483 9665 3311 9948 525 9289
4484 10480 1137 2385 525
4485 525 7117 5626 122
4486 3600 535 1149 10199 7758 6983 1898 525 5347 10481
4487 1435 525 672
4488 525 535 3337
4489 9917 2148 525 122 5573 871 9001 789 6556 3309 8173
4490 10483 7572 525 10484
4491 7985 10369 10367 525
4492 535 10051 525 789 3693 5686 9107 2350
4493 3896 5092 3439
4494 525 1238 3990 2977 2192 190 737 7703
4495 525 535 3218 5091
4496 9061 9231 10485
4497 535 525 7221
4498 525 535 9127 8788 210 783 8563 2378 10482
4499 5176 6129 560 525 978
4500 4861 535 3469 8678 1410 8955 4613 4256 7458 486 5890 525 774 5010 2342 3631 7123 5091 2970 5138
4501 7441 525 3381 1545
4502 3334 1660 525 8252 2700 1768 1554 8242
4503 5476 4888 8783 525 10488
4504 525 9698 10361
4505 10489 773 2878 5370 829 10490 4426 6560 1135 1136 4421 4422 5897 9310 10491 1138 525 1218 7990 799 384 4881 9459 5055 1169 2755 4999 9447 7134 5372 6092 3082 10492 597 596 3032 10493 740 2953 1589 3118 5296 2112 2205 28 871 10070 193 9236 3982 4502 5671 6207 4669 1348 166 6683 10393 2472 195 10494 2523 10495 873 7194 831 7309 8168 2525 6902 4697 6650 4977 2487 4706 2163 832 2114 5421 2301 2118 2117 35 2297 1499 2092 2668 4251 2302 4997 2760 9624 3244 6103 6221 1886 3248 4073 853 2326 2215 2172 7828 7966 2761 3505 7333 6181
4506 2645 1820 1864 2876 3683 789 1114 2258 1597 1592 3492 525 2944 4760 2157 4093 2854 4486 7536 10032 46 2169 4175 1609 2171
4507 9420 4427 10496 9729 10497 6453 525 535 5517
4508 7861 1908 525 3049 1465 8447 122 9571 3195 4819 2085 5606
4509 525 8177 3600 3178 6506
4510 3534 10498 8317
4511 6414 3012 3309 1476
4512 7583 7912 892 10442 525 10499 3302 231
4513 1809 1605 2914 525 1918
4514 774 10500 55 2725 525
4515 525 10501 8271 774
4516 535 10398 5831 1483 7526 5609 525 9698 1694 873 2596 3043
4517 563 7277 7267 3215 7266 8441 8264 8544 8244
4518 2924 5073 5091 10504 535 5831 3309 6412 8441 789 8244 3215 4930 525 10505 6786
4519 1079 2389 122 1471 525 888
4520 525 6421 1635 8466 2238 2755 2459
4521 525 774 6293 6826
4522 937 2190 8333 525 8442 3215 526 535
4523 560 2781 6911 10468
4524 525 703 4087
4525 9498 5130 9335 525 8010 5215 3266 8090 1534
4526 2332 5509 525
4527 525 7439 10409 535
4528 8409 6492 10506 8647 525 535 4700
4529 5686 3218 4820 7179 525 289
4530 525 535 8268 7271
4531 2609 525 535 10508 4290 4174 10460
4532 525 1226 8302 2260
4533 5161 6506 10510 10511 8704 9696 1487
4534 535 560 6826 525 68 5831 8844 10512 6275 10470 567
4535 1851 10329 525 178
4536 1279 4473 5415 8257 774 4776 10513 525 5831 527 526 824 3195 4150 1422 2896 3212 157 3142 2572 616 618 4118 588 28 4124 6139 4788 1409
4537 928 1710 1149 673 8861 525 527 6097 10356
4538 525 6962 10514
4539 9409 9790 2186
4540 774 2448 10515
4541 774 535 8273 526 651 1556 7080 2039 10444 5627 10068 4596 3217
4542 8754 8788 8900 7398 7965 8853 10163 9784 774
4543 596 774 6798 9094 6264
4544 774 55 3453
4545 981 412 3539 5610 7367
4546 1170 331 1994 5626 2416
4547 774 6519 1519
4548 5347 5831 10517 774 2663 9020
4549 10518 4621 6099 9496 774 6525
4550 133 774 2232 7367 9099
4551 9471 9423 5919 4607 1513 6528 3574 9456 2249 10520 774 9855
4552 10521 5269 1527 2455 774 5234 1191 486 4385 912 190 782 3032 3574 4660
4553 8646 774 5340 1829 7280 1661 9864 5569 10522 6525 10523 9664 9937 4624 8899 10524 6414 9699
4554 3359 2751 774 3306 2118
4555 774 70 937 3534 10509
4556 767 774 2513 4290 2416
4557 2873 583 774 4154
4558 2017 4376 5416 4117 4920 6361 176 1737 398 774 4788 7288 1406 580
4559 774 767 10352 6097 913 1356 361 1460 4040 3813
4560 10525 3302 937 865 774 1450 6448 9857 4418
4561 878 1896 3723 774 4027 10417 5824 6896
4562 2581 3459 2539 774 7479 655
4563 1540 774 6412 5607 6410
4564 3239 774 8369
4565 1541 560 8663 9338 937
4566 774 9414 9415 1895 1217 6989 624
4567 1690 774 4451
4568 111 774 5610 1541
4569 774 9186 5626
4570 10528 4929 3733 550 6618 1933 10381 10529 1029 9109 1028 7680 1031 9271 6642 7010 2817 2828 5992 8909 1732 5801 5326 1026 955 10530 8880 10531 7679 3027 9748 10532 3584 2980 7694 9734 1032 774 630 10533 3142 10534 1704 7147 10535 6431 6400 7859 8074 5154 4911
4571 774 10536 937 3195
4572 6989 10418 7572 8754 118 774 4673 588 7185
4573 774 562 8015
4574 492 201 662
4575 7472 7988 10538 3297 535 4328 1525 1479
4576 774 2913 9355 6873 10539 7990 1308
4577 774 1541 531 767 7308 10062 741 10541
4578 6317 3723 10333
4579 8180 9188 774
4580 6031 2524 618 28 774 878 1594 6102 2534 860 10544 4308 4731 4310
4581 9672 3789 774 7831 7876 10509 5261 767 5345
4582 10545 2416 10546 10509 774 1895 2607
4583 2562 2180 2987 6794 213 8133 1347 5988 10547 774 6317 5197 3397 1743 595 6058 4320 9008 10467 10243 7801 10548 7373
4584 2148 1465 1479
4585 774 3336 352 783 874 3085 6784 2554 3483 3101 3094 1232
4586 774 531 6293 767 7583 1656 6984
4587 486 3230 481 3202
4588 774 878 10550 10551 10001 2088 8900 6317 8448 7583 10552 8154 124 10553 6789 767 4027 6980 10554 6364
4589 5855 7571 774
4590 9895 1081 774
4591 6867 2950 8030 6496 10555 10556 10472 3191 774
4592 6292 6764 3268 774 535 2260 4290 7432 7583
4593 7988 1295 774
4594 3032 774 3157 10558 8042 651 3871 122
4595 2921 2462 3050
4596 467 5845 774 2359 7957
4597 6989 3716 7003
4598 1647 2154 2113 4187 3488 6970 2295 2487 2296 2302 2552 433 4251 2473 4997 1568 1627 7923 354 909 774 1519 1628
4599 774 4673 1295
4600 7443 774 1544 10561 5346 10562
4601 6851 6384 6568 4119 1139 2456 774 443 6915 3396 8831 6779
4602 757 5863 6924 222 774
4603 6209 6805 8626 937 774 10342
4604 138 5828 3723 6987 774 1173 6043
4605 774 10564 2502 10332
4606 9672 10169 774 869 9181 10437
4607 774 3988 7308
4608 774 10568 10569 7887
4609 5464 7420 774 6426 4385 2100
4610 10395 8286 5091 7257 9664 9020 385 10570 6766 774
4611 3743 9468 8119 774 767 7256 1295 3037 1876 1596 4129 6980 6984 6987 3789 5914 8333 3305 3584
4612 5323 9059 3636 774 4081 4169
4613 774 6174 2002 9432 9676 10573
4614 3749 2355 5563 658 3452 4580 5592 774 7523 6562 2331 7151 2461 10164 10575 1483 5172 7158 10502 82 6502 8927 6034 8702 10576 7540 5107 10302 5142
4615 774 1173 8754
4616 774 1476 10502 937 1164 1691
4617 1189 919 774
4618 774 8558 412 10577
4619 4434 10579 774 531 528 532 7646 10001 2386 1895 10580
4620 774 9282 8333 4022 3306 10199 937 10582 1388 10583 10483 8653 7054 7441 8924 1544 10584 10585 9666 738 1248 5517 3045 3049 10246 5110
4621 8051 3703 2417 774 1644 10586 6898 9322 4951 4095 1955 10079 4195 6958 9812 10587 5817 231 1541
4622 5919 774 318 7387 5352
4623 658 1218 937 774 1195 2899 493 1181 6219 10588 8902 5798 7192 9280 8107 10589
4624 878 774 1702 5161 6896 4026 1350 1541 10591 4022
4625 774 412 8594 9008 10377
4626 767 774 1169 1161 6412 6483 2243 7257
4627 2370 2371 1983 8655 774 3266
4628 10592 506 5817 2924 774 878 10253 6214 1542 1543 3163 6862 5717 874 9185 1479 10402 7257 10593
4629 10594 774 5824
4630 10595 774 10596
4631 8140 774 6243 9303 6097
4632 10597 774 7168 1983
4633 774 767 1896
4634 7055 55 289 2238 1273
4635 774 878 2697 4518 2375 8634 531
4636 705 774 2262 5282
4637 774 550 56 527
4638 774 10599 1464 1483
4639 3855 9564 7765 1276 9482 2370 2985 5990 5991 2513 430 774 4018 1152 860
4640 755 774 10600 5804 10601 10278
4641 774 5718 7861 1919 8149
4642 70 331 774 535 531 4370 2621 5186 9098 7839 529 803 7744 2256 3295 3789 1716 8493
4643 8704 10545 9027 774 10516 10602 886 10568 6153 5918 4644
4644 774 8782 10524 1896 3043
4645 774 529 8663 1196 10393
4646 369 481 774
4647 2008 3486 2416 419 2917 10604 4381 6496 4180 9996 7197 10605 8700 10606 10607 5822 4441 10608 9166 10609 1209 10610 4160 739 1554 10611 946 1754 8157 7563 774 10612 7760 9478 8515 7398
4648 774 6516 3724 10604 5499 6496
4649 311 7106 774 3209 913 3384 3291 5241 909
4650 774 10025 767 10516
4651 8322 6982 10613 8106
4652 774 453 8573 2359 7957 4273 9027 6992
4653 3600 4616 5627 8006 10497 774
4654 774 528 2913
4655 774 5827 10615 530 9181 7441 3600 122 1542
4656 774 6293 6898 878 6821
4657 6317 3310 774 10616 2036
4658 774 6826 10051
4659 7967 774 8752 3176
4660 5347 5862 5048 10617 3308
4661 4180 774 8950
4662 10618 1465 6275 6898 528 1471 8556 1464 1754 10394 2087
4663 3240 4010 10619 1585 786 2518 656 319 3214 6628 774 1487 3984 6101 3678 5729 5073 2084 2392 1594 1595 2284 3884 5169 2487 2399 2854 6624 2297 2299 2300 2305 2301 35 2855 2308 6221 2310 2312 502 50 3521 7316 1627 2674
4664 774 178 10621
4665 8333 3234 1724 7903 4385 774 1829 9826 4574
4666 774 7179 8653 7173 4028 8021 4027
4667 5345 774 4022 1734 800
4668 4354 2598 1660 774
4669 774 6989 5515 299
4670 9281 3886 5581 2268 1896 774 4462 3716 10417 9537 3458 2816 8653 5237
4671 774 10001 9420 878 526 9943 5605 1483
4672 3178 10481 774 1541
4673 3210 10462 10273 10622 1556 8653 6516 1545 6496
4674 774 5161 5172
4675 5439 535 774
4676 0 2621 869 4342 1447 2242 2088 10623 9264 6498 4192 774 10624 10625 71
4677 2020 2011 2745 2044 1656 5569 10626 1094 937 2250 8257 869 7367 7744 8545 8872 2368 2229 774 767 2085 2086 1663 5237 157 1903
4678 774 5197 231 5198 4820 9669 9317
4679 27 10628 3768 1195 293 8037 774
4680 774 227 268 3310 328 6447 6043 8660 2934 9267 6174 1197 10630 2002 1557
4681 1557 10631 3778 4513
4682 55 3723 774 533 5816 878 886 9098 10552
4683 774 10632 5076 103 362 4748 4652 595 4840 2036 7005 10633 9773 1770 10634 7928 4749 7713 1585 3763 3170 6627 2273 10635 5193 1137 366
4684 774 2710 9672
4685 1691 3177 300 5827 9022
4686 774 331 16 296 1403 413 871 3755 8508 1137 876
4687 774 9025 6453
4688 5811 774 5093
4689 10637 10320 10433 1150 7755 774 8938 10638 4370
4690 774 232 7471 3594 486 3793 597 331 4112 10409
4691 9992 1704 328 281
4692 1702 533 5708 5605 289 3988 2463 774 3464 10089 10640 5517 381 4027 3723 1656 6551
4693 774 1465 6977 8333 7150
4694 2747 774 1359 8670 4550 5820 158 3603
4695 774 3158 8447 1082 9840 9649 8004
4696 7341 2750 2474 2475
4697 4158 10250 1483 9416 575 10642 6862 9414 10394 10627 55 10253 9415 529 10643 1465 3043 8447 9413 10460 9083 2088 10644 9508 774 9654 7076 10224 9181 299 2039 8900 10461 2352 8547 9098 10568 4370 10586 1485 6989 9035 6983 9929 4597 7196 10386 1816 1554 1070 4159 4157 1220
4698 4623 6363 4418 10036
4699 336 5464 2980 774 5299 3490 9457 8160 9537
4700 774 6821 2100
4701 83 774 843 879 4466 2022 70 2659 1361 6784 1579
4702 4470 3250 8753 5827 5694 6898 10001 10513 6230 1829 774 289 3169
4703 557 3334 3771 774 5341 2850
4704 3992 774 1783
4705 774 999 10647 7677
4706 9556 6658 767 878 3176 774 5392 3992 4999 6982 3303 557 1833
4707 4779 774 535 789 8946
4708 5515 6982 886
4709 774 5813 6688 3265 767 8754 8070 10582 9846 10649
4710 411 4232 2813 6361 6293 774 2481 8168 6971 2529 4071 1606 707 6193 2171
4711 1582 774 7779 821 2368 4161 8257
4712 774 2631 5050 6981
4713 774 2678 4482 10316
4714 869 152 7604 1204 2284 774 1295 137 2464 2024 5088 4761
4715 1759 774 10525
4716 5432 9844 897 5862 7843 774
4717 774 886 3195 5562
4718 6896 774 878
4719 1052 4023 739 7225 7706 10654 7179 6437 774
4720 2475 4112 2876 2126 6205 2751 7209 9097 28 6902 774 2525 2482 1598 2158 2392 32 2398 2294 3095 2489 4812 1601 2293 7101 2115 1604 1603 2116 3110 35 2885 2884 2886 6321 2297 4618 2324 4635 2311 1619 1616 502 2122 3139 1617 1618 2300 2121 4356 1609 3137 1347 10242 8261 2169 2325 6527 52 4126 3247 4726 2215 2537 1887 2671 2839 2838 7315 8289 4313 2840 8963 2670 1893 2413 7316
4721 774 3177 7392 4182 8357
4722 9181 774 3600 2512 5718 2982 4699 878 10224 5605 7367
4723 774 4665 2688
4724 5816 1896 774
4725 55 10545 10512
4726 774 10278 2501 7920 419
4727 4995 774 7391
4728 774 9416 7472 4181 1548 1656
4729 774 7583 3723 6984 298 8478 943 6552
4730 4809 774 193 486 311
4731 774 5437 122 5606
4732 7953 413 8055 774 7912
4733 7441 9896 774 6372 10655 4301
4734 3886 5161 5626 9826 3218 2039 10444 774
4735 774 767 1450 7012
4736 1750 8914 774 2588 2513 8489 9420 937 5862 3300 4062 10657 2191
4737 10290 9607 8703 3619 10658 7784 7783 9820 1519 998 994 2498 1219
4738 774 6786 7472
4739 774 6112 10659 7760 4605 9929 9202 10660 4160 7194 7196 122 10645 10661 9795 10662 10663 10664 10665 9931 2088 9645 10386 6372 8609 8608 4590 4515 10248 6034 10666
4740 774 767 10586 122 632 2148
4741 8782 2416 4819 2085 8171 1465 6982 3308 123 774 6896 4273 111 3723 5605 9205 8547
4742 774 8674 5855 8832 1982 3499 7656 8435
4743 3033 4503 4875 774 545 227 467 1349 6361 384 2001 178 1333 2426 937 10668 3664
4744 494 2165 774 178 1134 2747 4026 4544 477
4745 5166 786 1333 5849 5722
4746 774 8333 4022 4026 10624 10001 1656 532 6982
4747 774 2190 5829 10669 4326 9790 4406 2365 4278 2546 9040 4383 10263 7437 3257
4748 1734 774 4948 5008
4749 10670 774 7646 3027
4750 5249 4456 7572 10671 3572
4751 774 9654 6984 1160 487 3096 345 1527 363
4752 55 5816 2713 1896
4753 6418 8922 1544 1545 8936 8221 1829 7257 774 412 9413 6372 10402 7117 10388 10672 5517 10673 10481 8785 10674 7259 1694 3157 937
4754 774 5824 6540
4755 4938 5284 9242 174 470 3312
4756 10675 1137 6731 3118 2113 5823 4257 28 1248 7591 3092 2482 4698 704 2291 2292 3959 1601 2296 4630 2262 2302 197 9624 6179 2492 2534 3244 1618 3965 8261 2321 2215
4757 1765 118 1434 2136 1563 1710 7573 565 3677
4758 4835 6574 5073 7989 101 10 9573 844 243 4543 3664 2446 7433 5778 2072 6485 7482 786 4246
4759 10109 588 9043 590 10677 398 1409 10678 10133 2688 4044 1702 7819 5063 10679 5490 7769 8614 10680 5548 2632 3012 4220
4760 447 2688 10681
4761 2688 1137 4159
4762 9765 10430 4507 6857 7176 2688 4044 4101
4763 242 3415 7034 4816 2105 7853 3028 2688 3510 3323 4925 4968 1217 1984 10683 318 1654 263 10684 142 360 10685 3065 624 3269 10686 4025 125 335 4345 1525 7263 2184 278 1882 3165 5348 8200 6358
4764 3476 4996 2688
4765 5414 3819 5067 4398
4766 9486 6477 4641
4767 3091 3665 7447
4768 3793 6214 1542 8924 10688 4819 10689 6257 1471 10690 125 10576 9996
4769 10691 6214 5805 2087 1124 446 10692
4770 123 1540 2240 10693 9612 6097 6734 5608
4771 4785 3301 2548 5804 9612 878 5543 610 6462
4772 5543 9612 4182 7325 5085 878 10694 6388 4921
4773 8282 4287 10486 3806 10695 9612
4774 1825 486 5753 7734 9076 1519 2367 2415 1743 3009
4775 1468 10696 9495
4776 7545 2745 1916 9076 3760 2655 957 10697 807 1596 5910 6824 1734 3833
4777 9076 2917 3301
4778 9076 10325 5340 2417 600 1479 10408 8937 1238
4779 1297 5010 7062 10698 336 4462 10699 5049
4780 435 10698 5678 6402
4781 10698 4605 1218 4513 9965 7138 5906
4782 2137 3732 590 4116 4119 6793 10698 1960 4880 3809
4783 9237 2510 6442
4784 1221 3060 7399 6923
4785 6722 2997 7125 10701
4786 6722 10702 7743
4787 6722 2997 9675
4788 3809 9486 6722 2997 7388
4789 7055 4785 1449 6722 252 1311 780 5138 1358 5227 10704 1806 3732
4790 6722 7283 6299 9610
4791 8392 18 6722 7327 2947 5711 3800 3201 10705 3839
4792 9 6268 9780 10706 7798 6722 4717 10430 4038 1778
4793 6722 4096 7453 1729 7483 946
4794 6722 9675 5067
4795 3820 8529 6722
4796 4507 423 2369
4797 8664 4448 5779 5874 4408 245 10707 9799 5416 9675 9486 10678 6722 10708 1513 6800
4798 2725 6722 937 111
4799 6722 6144 5584 7525 2607 8188
4800 6722 4785 5653 468 4467 2190 8956 7455 4406
4801 633 4557 588 5114 4785 4789 6722
4802 6722 2190 2704
4803 1738 1624 1044 6722 3783 5355 579 10076 9969
4804 2997 1294 6325 2632 7433
4805 1150 8614 2997 5066
4806 486 7449 532 193 4887
4807 4360 1403 335 2997 8336
4808 2997 5416 128
4809 435 1271 3594 1134 10710
4810 7051 2997 2501 6857 923 8173 7119
4811 2997 3259 4957 3935 2698
4812 8195 9157 1933 3732 1806 599 10458 5105 1294 2997 5416 9051
4813 1274 3185 2997 1740 2145 10711 520 7158 6389 1178
4814 882 7853 538
4815 2997 7067 551 4119
4816 8760 4116 1407 4103 2997
4817 2997 5295 7123 786 6770
4818 1633 1706 762
4819 822 1295 2614 10712 2269 4224 8722 1798 242 7388 1741 1230 2813 3975 3737 2895
4820 88 4224 2971 7922 3180 3057
4821 5745 8568 10713 10714 9553
4822 143 9461 6899 4104 8570 6153
4823 10715 2568 848
4824 7617 1146 3655 9399
4825 143 757 9716 6875
4826 7905 466 5874 10716 5009 7460 5855 3534 10717 143 7673 2566 6076 1047 9944 1217 9799 3492 10058 4007 10193 1711
4827 1408 2141 9193 514 10133
4828 3334 7173 7112 466 5709 2057 2368
4829 5340 3796 1295
4830 3068 2100 7616 1211
4831 6851 2740 4265 9458 5340
4832 5920 3666 5340 2231 2453 5597
4833 5340 642 10718 3527
4834 5340 1983 7408
4835 8564 3596 3012 5665 3938
4836 4566 7943 590 3012
4837 5327 10719 3596 10720 216
4838 10082 10721 3596 4481 7411 2630 520 477
4839 3596 435 357 10435 1953
4840 10259 10722 7820 1164 7563
4841 10259 7179 937 4290 1829 122 5605 1483 1479 1556 3049
4842 1478 10724 1464 10394 10725 10259
4843 10259 4159 2792 2240
4844 7179 3003 10505 6786 10259 9292
4845 10259 9181 6482 10471
4846 10259 8429 10727
4847 5022 5927 259 191 4552 3118 5589 1765 10259 4682 317 6926 7291 1391 3085 7978 877 937 9942 1192 9633 1189 6324 8032 8574 913 8474 10728 5086 3577 7014 5055 6299 888 8638
4848 7083 4100 10729 7296 2006 6479
4849 2243 610 10259 5198 6981 1164 9862 2087
4850 1988 365 4260 488 10259 8646 3579 5825
4851 9097 4659 5442
4852 6431 3460 10286 9097 7030 7013 9375 4624 7119 2238 1096
4853 9097 10730 321
4854 4847 2442 9097
4855 261 259 7767 516 10549 1014 912 7225 3333 7833 7394 10731 3269 3571 2770 1005 3257 3277 920 1232 2713 624 596 1063 10732 10038 6556
4856 3886 347 10733 413 4619
4857 5237 898 4256 7013 6254 2672 2034 7835 8296 3886 8461 5611 872 3798 878 10734 5604 7535 8681 7911 594 728 3715 7203 3582 9448 1267 2194 9017 9557 10735 10736 10737 6670
4858 7482 3342 10738 2442 1669 10739 3886 453 5844 10740 8056
4859 10412 581 9043
4860 10741 7190 5183 3886 1369
4861 1541 7760 8733 7878 2002 10631 7152
4862 1541 2165 1928
4863 10632 4852 1541 3793 4819 7948
4864 530 1555 1465 4819 9495 3307 10243 9911 1556 1541 412 5198 1464 10394 9320 3988 8232
4865 1541 8369 5514
4866 4004 1546 6989
4867 1544 10742 4819 8221 1218 10398 7440 10025 10743 8136 10744 10337 10395 1541 8936 3793 7443 1556 535
4868 2085 8332 3467 3202 8950 1541 937 4447 9773 195 10633 551 3812 10632 161
4869 1541 9083 3600 533 7521 6587
4870 1541 1464 1754
4871 1541 767 4182
4872 631 8333 8230
4873 10561 4819 1754
4874 5825 5019 5287
4875 767 8966 178 551
4876 6018 10748 8369
4877 874 869 2618 8369 10525 2449 1454
4878 1228 799 384 7833 10438 743 5785 9902 6691
4879 411 2017 5015 5862 1829 281 1630 5708 6766 8369 6577 10749 3442
4880 9903 4753 2001 6261 8369 170
4881 1579 565 7020 9217 5665 10385 3506 8270 8527 7163 1137
4882 8369 4301 9300 10453 263 1551 8605 6030
4883 4490 1211 8369
4884 8369 266 9617 10564 743 3901 2181
4885 2385 10751 5094
4886 8369 10318 3564
4887 2385 2581 6841 404 2416
4888 5152 9654 7081 10752 5610 6987
4889 10753 10754 242
4890 10149 1776 8389 9208 6947 6245 8699 72
4891 3336 8090 3769
4892 8568 10360 1287 7426 891 3689 4578 9767 6310 9053 9398
4893 9281 7267 10671 4621 10755
4894 8568 165 7967
4895 10756 4289 8568 4992
4896 650 10638 2366 7363 1079 8568 4087
4897 7717 10358 7273 8568 2988
4898 8568 7011 7001 3334
4899 1137 8568 10697 5413 1295 4485
4900 3980 8549 8568 9768 5838
4901 887 606 4192
4902 7437 321 10760 128
4903 321 10760 480 128 3170 3987 5731 2205 168
4904 278 10760 486 102 2184
4905 10760 9610 193 7196
4906 3184 7570 4569 9301 10760 964
4907 4290 5198 4285 8270 9601 10760 3170 521 3085 472 3165 4656 10761 3769 7263
4908 633 1704 1989 1729 10763
4909 8245 5251 5592 4103 4896 5917 5952 3153 1295 7077 2653 3505 6854 6609 6057 9497 310 6865 7834 3527
4910 2570 607 3942 4090 157 486 2449 3343 4786 4789 7603 8375 599 3407 6951 7573
4911 5571 2449 4646
4912 8205 234 1525 10764 420
4913 10733 122 2661 1471 1483 10325 9495 1465 5592 7265
4914 1317 7243 5807
4915 2735 9006 8722 8440
4916 118 1924 4575 1563 946 2735
4917 2735 2946 3193 9314 3102 1429 5142 18
4918 10766 2925 2735 10322
4919 8510 8143 6095 661 10767 250 2205
4920 10160 7905 10768
4921 1055 6599 4478 9204
4922 5489 6327 9544
4923 289 3195 5912 558 8998 913 2054 9068 3980 408 5618
4924 3980 1334 5092
4925 5229 4096 5219 5618 3980
4926 1759 3980 7956 5657 2496 5896
4927 5339 8666 8694 4555
4928 10371 4 5 700 9 2475 1860 4847 6668 2043 2725 9960 2235 1861 1702 477 2732 10770 3768 530 4645 5099 111 8251 1171 2113 2851 2480 7339 2159 807 1594 1593 2284 2392 1238 2289 4813 2501 99 916 5715 2400 4709 2291 4822 9794 8770 3960 3493 2296 2343 10771 35 2303 2835 1882 3508 3509 9381 3245 4196 2414 2312 2413 2671
4929 10772 3303 300 10773 3792 8937 9099 884 1656 10527 10001 7655 299 7080 10199 2513 8899 9664
4930 18 7249 2245
4931 3815 10088 7224 1179 7476 292 10738 888 650 6393 4467 3547 1364 4865 9314 5098
4932 4699 1820 6855 10776 6352 4257 2113 1603 1604 2116 4071 433 9623 9278 2215 3140 2671 6355
4933 7047 4459 2225 9074
4934 4880 68 4459 2813 4067 8167 1236
4935 170 6516 3413 2809 2363 3720 10777 391
4936 1844 8920 3389 4084
4937 4868 2577 6867 6817 5416 6729 10778 5410 9262
4938 4769 1418 1660 654
4939 4769 7811 3492 5740 10779
4940 1055 3482 4977 807 2483 2163 2302 2119 2534 3137 4769 1714
4941 1403 10240 4769
4942 9739 1288 4769
4943 6266 10780 2225
4944 3234 3655 694
4945 1831 9478 913 920 447 7993 4163 10781 2452
4946 8476 7994 107
4947 2426 7886 481
4948 8464 3188 4724
4949 1831 5105 1625 10782 4143 8531 4993 2344 1876 616 618 28 1114 1589 2292 2295 2296 705 2488 2552 5584
4950 333 3657 3419 2990 483
4951 3655 8614 6632 10783 6619 3707 268 5250 1488 5105 4475 10784 8731 8251 7573 10234 1645 4674 10416
4952 6885 10108 4301 579
4953 5105 4497 5992
4954 1553 1134 1046 1333 9083 3414 5105
4955 5105 6271 3388 10785 5244 1276 10036 8939 470
4956 865 1126 10596 5228
4957 1125 5842 5105 3862 786 1953 4443
4958 7361 9815 5865
4959 3665 10786 7361 2030
4960 9014 8492 5647 2630 5942 9315 1659 358 7028 10637 73 1433 9052 7243 7361
4961 620 1987 520 1449 486 7361 1404 3819 8164
4962 7361 7685 2148 6483 2477 1756 2012
4963 10158 1707 10653 7361 5022 3732
4964 7574 10789 10735 6791 5488 10291 7361 10790 9513 8527 4255
4965 1620 4584 833 6760
4966 2433 1938 5748 10791 1903 7361 6826 6316
4967 2830 3340 3341 3399 3905 7979 8459 5852 7780 10772 8937 6786 8333 9822 4597 9183 551 2755
4968 524 1044 3867 2013 4780 538 1736
4969 4080 4783 227
4970 4783 5161 3241 3195 1148 5569 10583
4971 4783 2190 4767 48
4972 2016 6709 4783
4973 1007 4783 227 8799 2017 2922 2375 3834 5789 1535 1161 6269 9613 5903 8152
4974 2999 4783 1943 1370
4975 3880 7525 4783 2496 493
4976 5580 10057 4783
4977 1776 4783 1943 2375
4978 5345 4100 10441 7076 9666 2017 3177 4783 2350 6991 2386 5686 10793 6483 6426 892
4979 6952 2804 4757 6915 2241 6857 3329 4783 931 5768 1696 31 7944 1663 842 99 2490 2487 705 2758 2164 2115 33 1604 2116 9390 3508 3509 4497 4981 899 477 5551 2311
4980 157 2298 2403
4981 6636 5618 10794
4982 6636 10751 1050 5435 6567
4983 6636 7875 2258 1114 21 9522 6139 4187 4697 4698 2482 6902 2525 1594 1595 807 1596 2284 2283 2296 1084 1602 2289 2882 842 31 1601 2115 33 1604 2118 2668 2534 10039 4635 1883 129 3966 2123 1611 1609 1610 1619 3246 1615 1616 10796 272 2671 2215 2214 1887 2320 6355 10305
4984 10797 6636 2056 3759 7130 2365 1914 5003
4985 4 5 2781 4864 4673 3415 10 734 1585 24 4968 9569 2963 9599 1594 1595 3895 8571 10798 5955 1286 9447 851 4287 3719
4986 2781 2035 9918
4987 2370 2706 8542 1003 3779
4988 2781 2356 2238 10096 9074 1498
4989 8950 621 819 6309 111
4990 9789 1094 2032 2453 1987 5562
4991 3021 162 7128 7933 2450 497 5618
4992 8952 3230 2921 9514 2946 2008 10799 455
4993 7933 5937 10800
4994 1344 7933 8971 3469 10492 8496 7482 3334 6223 5186 10 1137
4995 6010 2974 2975 7940 4865 6012 7933 8482 8512 2176
4996 7933 3259 4704 6445 1238 1995 656
4997 7933 1471 2713 1152 54 1234 8386 3295 2190
4998 3379 2013 8672 7933
4999 2848 6860 5480
5000 5129 83 6860
5001 1957 222 7900 6718 9440 6860 2270 9578 2570 8849 520 5831 10803 10778 2577
5002 3334 7149 1271 5450 3229
5003 2569 6860 2553 6408
5004 7290 10804 3379 1806 10805 3793 9185 8692
5005 1304 1806 941
5006 9187 664 662 1655 3691 272
5007 5927 3868 6369 194 664 6917
5008 8216 664 4611
5009 664 2134 4704 3020 9032 4115 1044
5010 9596 664 4233 2700
5011 4119 8757 5058 1338 5279 4411
5012 3901 194 664 7785 690 10808
5013 664 9869 10809 321 7067 7738 1152
5014 8075 1816 328
5015 2745 4163 6551 664 2799 9473 7347 2513 627 5705 10465
5016 10810 9939 10811 1516 2575 10556 400 10812 7721 4174
5017 6857 3876 1737 10416 5018 7433 2597 1406 10813 6802 737 5913 4115 474 4486 10814 3205 4790 1409 5329 3947 9123 5644 7791 4402 588 664 7684 2322 2040 4376 122 8815 10815 6224
5018 3317 339 10816 1125 275 10788 8768
5019 664 1518 5500 9869 10817 6204 10818
5020 3473 10819 4469 10721 4147 1508 664 335
5021 4884 4116 2190 4954 8981 5614 3809 4522 6848 512 2684 365 2055 493 664 8998
5022 905 2823 152 1983 204
5023 425 664 4478 1134
5024 664 178 551 149 5240 2036 7442 154 10820 1727 5386 2277
5025 4232 5007 1094 4019 9551 7167 3192 9548 2425 664 1404 493
5026 664 2684 7058 3180 2238 9762
5027 3713 6802 8060 10821 9037 403 2950 10822 897 3611
5028 3060 5450 3174
5029 8060 10823 2575
5030 1267 6637 548 1094 3741 4819 8298 2100 4828
5031 6915 1643 9246 6637 4376 4898
5032 5855 9065 6993
5033 1028 9390 7144 178 6566 6637 2192 10805 4593
5034 542 10824 4746
5035 6192 7955 1138 142 897
5036 9083 4027 3463
5037 4874 8745 1206 888 5809 1993
5038 3400 8269 5193
5039 3400 10134 6444 5917 8771 5029 2755 3262 1873
5040 406 8236 2804 5745 8396 3400
5041 4846 5385 4611 5007 6493 174 9169 2342 8864 7376
5042 3645 3512 5007
5043 5007 8324 5799 2189
5044 4165 6040 10420
5045 2358 2357 5007 5799 1478 610 494
5046 12 1964 2092 1045 5007
5047 5007 8324 4155 4807
5048 1965 10828 1589 10829 786 1978 6840
5049 5660 5090 6647 822
5050 1806 6793 5891 468 8896 9308 3547 7685 678 10703
5051 474 5482 6224 4095 4757
5052 10823 7922 2877 1585 4123 6969 2477 6650 29 30
5053 3809 8771 6779 3955 5215 8482 3550
5054 5920 3550 8482 3955 5215
5055 10830 3510 7919 1783 10831 10832 1870 5178 7755 7545
5056 3877 2431 6936
5057 2645 5116 2112 3092 2068 2274 9326 3493 2394 1606
5058 2691 4165 8531 1956
5059 7133 2691 2100
5060 10791 9117 5529 1405 5527 8320 5530 4117 1806 10834 4772 2074 3407 4038 390 4115 7529 5482 9207 194 5010 2691 10379 9046 2799 3180 1798 7078 551 2022 527 2051 5799 5418 535 1924 10716 8838 10506 937 3877 8614 10754 1094 4693 4450 3807 10835 2007 957
5061 5641 4426 3877
5062 2691 8531 9547
5063 420 9155 4653 483 1161 7471 340 3195 2691
5064 2691 5978 8666 5844 2903 10491 6444 4003 6030 6071 6773 6840 9176
5065 4767 7481 4008 844 158
5066 6638 5112 1249
5067 6916 3559 9316 10837 1838 5430 10838 7167 1296 5254 466 9011 1797 9198 160 3012 3393
5068 10837 2895 4999 7481 2203 5116 1170 9349 4993 2665 6152 2480 21 2287 2756 1084 2174 2392 6803 2485 2486 2160 2290 2292 2487 705 2116 9623 5550 853 2324 3968 2409 3139 2122 855 2212 6972 8261 4633
5069 5703 7899 3009
5070 10837 4948 6249
5071 1820 4063 477 770 5812 2524 2113 1114 10837 2730 4095 6339 2881 2555 35
5072 10837 6676 9812 2755
5073 6183 10837 512
5074 724 1736 234 8757 579 8730 168 2897 1044 913 2453 4119 10840 10841
5075 1513 67 9187
5076 1346 8765 4776 10842 10843 10500 10834 5625 10844 8046 7078 1729 1104
5077 8437 422 339 5739 2813
5078 6305 6528 8064 109 6640 4112 8693 10021 7742 3740 5049 9348
5079 1518 4231 669
5080 809 1518 7831 7395 8265 4611 3220
5081 3644 8679 1518 194
5082 374 1518 7756 5262 1153 6374 128
5083 1518 3180 5954
5084 10017 2713 8617 5679 5124 208 1452 606 7143
5085 383 3689 1518 1287
5086 2546 1518 194 1159 2600 10846 669 642 6421 3597 8077 649 7123 2006 5587 4068 3612 2969 9088 898 6767 6819 8339 7790
5087 7202 5185 1518 2017
5088 97 1518 2251 5655 163
5089 2983 4701 1518
5090 1125 3453 1518 2577 5838 5954
5091 542 175 1641 1073 4627 433 5509 1518 4012
5092 3410 2510 2496
5093 10847 6030 6328 3057 10848 3541 3515
5094 1513 2100 3541
5095 3257 5587 3636 3469
5096 3027 421 275
5097 551 4300 3541 4880 3804 3515 1377 6404 5090 158 3015
5098 10041 3541 9853
5099 3541 2454 10850 743 724 7333 923 10851 142 898
5100 3541 5066 6243 3420 1248
5101 9105 5785 3541 866
5102 3541 6379 1161
5103 1834 10728 7336 9694 2707 1028 4292 4507 7243
5104 9043 9014 2481 693 9761
5105 10728 10852 4264 3847
5106 10728 798 8473 10241
5107 6030 10728 10853
5108 90 10854 3649 10728
5109 10728 10528 588
5110 9285 5800 4991 10369 10367 4072
5111 10728 227 7318 1458
5112 2702 10728 10855 3290 1403 10506
5113 1050 4403 10728 5852 2614 4643 7703 6137
5114 435 10272 1848 4667
5115 1129 5091 8558
5116 2189 2907 8964 1704 8493 4300 551
5117 9075 581 2181 3057 6840 7388 8815 3323 5513
5118 5900 2804 6966
5119 467 4355 7236 10616 2115 738 6102
5120 551 10856 157 10857 8111 227
5121 3871 1137 1965 4379 4793
5122 4772 8520 10200 4948 6419 2980
5123 261 4948 1137 5734 3219 6713 1162 1163 361 2718 2621 2587 278 10146 10858 435 4305 8889 3261 10859 263 6944 7627 1341 2289 7162 677 157 5391 500 8979 83 158 340 10282 7914
5124 4948 5066 1551
5125 242 7756 6420 9145
5126 2201 9145 5307 3684 5018 8529 4302
5127 3438 3745 282
5128 9145 4295 118 5044 516
5129 5313 4372 6519 242 425 110 458 2593 10860 5130
5130 10861 7826 4717 8072
5131 2132 7950 109
5132 4496 4957 6106
5133 1960 8999 4816 5779 3444
5134 6495 3874 5754 7979
5135 1536 5574 1960
5136 9792 5954 2001
5137 2196 480 1960
5138 153 7432 4607 1960 1295
5139 0 7341 2639 1960
5140 1960 6575 3559
5141 2946 3336 3389
5142 2754 1960 1183
5143 6966 1960 10480 6019 2808 1379
5144 1960 799 384 4881 597
5145 1960 1938 5051 3032
5146 4445 5576 8640 1960 549 7388
5147 3732 9622 6714 38 551 7903 7750 10864 6425 1406 1281 8188 10865 453 7167 7172 3192 9968 1960 1409 4331 524 1588 2387
5148 10866 4571 5411
5149 7724 673 1239
5150 4704 2566 866 8449 4928 3631
5151 268 7907 6732 559 6787 6555 9673 8554 1303 10867 7129
5152 9089 9218 7257 9918 6214 8653 5197 10776 4180 9502 10024 10644 2417
5153 10445 4199 9089 5712
5154 9089 1173 8359 1464 2088 9965 7555 6719 1134 9966 4515 3828 124 1986 6053 7259 7876
5155 937 122 61 123 9186 9089 10869
5156 7673 3410 2188 6367 8556 1551 10872 5804 9089 4140 486 5180 5615 9366 361 482 10134 3005
5157 9089 1216 4752 3937
5158 5481 9751 3411 9089
5159 3456 9089 10524
5160 9089 1495 8923 1150
5161 3720 2363 1553 4008 3620 9089 2289 3388
5162 2808 623 7981 3941 690 743 4654 1147 1277 1873 3214 2747 7484
5163 7505 7981 1732 1272 10876 1295 4828 3126
5164 10877 9528 6328 4861 7981 5703 8158 8475 9366
5165 5324 403 6138 5994 9169 7981 4154 10090
5166 1080 6634 20 1875 477 1982 616 4378 2113 2479 2112 2480 28 3092 10464 5323 4228 336 4978 2525 4698 2523 2482 4697 6902 807 2159 2158 4706 2283 4705 2114 32 74 2485 2206 1596 2392 2286 1597 1593 7061 2484 1598 2287 2285 1594 1595 2393 2288 2174 1591 1592 2396 2400 2489 2293 2397 2882 2398 916 5715 4709 2486 2588 2160 2395 4812 4813 2294 3960 7981 1879 2115 2116 874 2404 3961 3962 2118 2117 2532 6103 6179 3244 3966 2208 2836 1619 1615 1616
5167 6290 3892 6422 2274 7981 2146
5168 10879 285 2730 7981 2254
5169 7981 4444 138
5170 1217 7981 10880 122
5171 4375 5850 3834
5172 2626 4375 3677
5173 356 2712 3864 1545 10881 8257 10398
5174 4892 4704 1217
5175 3864 242 6337 9315 1857 9989 5709
5176 9716 5533 1665
5177 9167 7342 8721 3597
5178 5549 1937 10839 2896 7603
5179 10883 6715 1869 8284 2102 20 8813
5180 2330 10885 6639
5181 5155 724 10795
5182 6188 3379 8061 2474 4623 6667 1585 477 21 3507 2304
5183 6190 4924 854 2056 8009 10886
5184 551 9735 1559
5185 2056 3230 5654
5186 636 2056 7942
5187 2056 9198 5058 96
5188 2061 2056 9516
5189 2056 8972 6468
5190 2056 8437 9359 1724
5191 8029 2030 6601 681 10887 10127 2056
5192 5058 2056 2799
5193 887 2872 4354 4975 10888 471 8902 6448 10027 4328 6020 2472 4696 4346 8984 8363 6711 4893 5319 698 5730 8165 1537 1539 71
5194 10535 5935 4372
5195 2351 1770 2445
5196 12 1864 4063 2513 113 7236 2757 2115 2118 2117
5197 865 224 1635 71 1741 2012 4800 4415 352 294 7722
5198 9578 7124 2012
5199 637 6228 9556 3657 9457 3655 8556 7151 7760 2039 123 10252 9432 8904
5200 7687 10889 9787 724 4704 4529 6010
5201 1800 3584 3379 1146
5202 4911 8654 1732 4828 1922 4486 1959 639
5203 10891 2190 132 3969 10892 3044
5204 10893 7167 48 9963 3772 2557 10359 1598
5205 8665 5927 2502 898 7722 4688 8332 6376 10894 7982 6704 6312 8632 8840 10298
5206 383 3270 10080 4147 1593 8654
5207 474 8654 383
5208 8654 7950 9682
5209 2249 874 10895 8654
5210 8654 10288 3544 5952
5211 9057 532 8654
5212 3188 8095 1558 1732 5879 8654 178
5213 10896 2100 8654
5214 1806 6685 1736
5215 2331 4250 2879 2479 2258 2396 2292 10897 1121 6954 2122 2321 2213 2860 3968 9724 3520 1628 2671
5216 466 5526 2017
5217 1775 6209 3004
5218 4732 6540 10898 1327 1407 10042 10899 8760 3804 3410 3359 5061 819 7859 7163
5219 597 6818 5599 7762 123 474
5220 9556 5501 3732 2278 4898
5221 10902 1137 6977
5222 4702 453 5238 8748 10783 1513 6558 6861 7344
5223 5234 4795 9631 5329
5224 4491 83 10903
5225 4248 10904 2029 2279 318 624 3120 1216 1699 10208 3315 7422 9274
5226 3387 3135 2407 9343 1590
5227 5279 7766 6605 3387
5228 4973 3012 4788
5229 3818 7450 8188 581 1045
5230 930 10906 3407 3079 3387 10092 10429 2277 8080 1513 7017
5231 8061 1977 10907 9270
5232 8061 7918 1360 5197
5233 6227 8061 3737 1287
5234 1737 1994 8061 2387 10814
5235 5584 9947 2865
5236 1954 392 57 10909 2238 2420 2896 5044 383 10910 7854 9919 8313
5237 422 7397 10911 3422 1464 1471
5238 690 5323 3943 4898
5239 422 10118 6370 4786 7375 5805 7179 7178 4255 10177 101 1400
5240 5195 1585 1080 2510 422
5241 2422 484 912 1152
5242 422 1322 5649
5243 422 9486 4790 145
5244 1756 1137 7175 4162 7011 250 252 4787 6068 8277 10912 4785
5245 8300 194 7652 3062 6959 422
5246 138 422 8003 8794 4682 7972 3764
5247 422 2626 6697
5248 3761 4299 422
5249 5614 4458 477
5250 8693 6795 1203
5251 227 331 871
5252 10915 4896 4115 183 4290 2375 231 1094
5253 4896 2496 5211 6515
5254 4896 877 6786 7014 1295
5255 2262 8507 2557 204 5893 4896 7497 10916
5256 1295 2496 4896
5257 4896 182 7466 8518 2289
5258 2359 550 72 1360 1137 6367 4896
5259 4896 4168 3388 10918 2696 7110
5260 4896 3262 4757
5261 5118 391 724 3559 4896 1129
5262 7056 10720 1085
5263 3550 4896 9095 9476 551 5195 3772 7101 508
5264 770 3904 4896
5265 4896 6644 5779 5922 9370 9663 7181 5021
5266 4896 1856 1180 3036 10897 3891 4976 2980 290 10920
5267 1126 6536 9914 1912
5268 6855 1630 1276 10921 1552 4896 78 1878 5002 10147
5269 8687 10922 4896 8993 10188 10923 10924
5270 644 2626 4896 10926 1339 9011 1183 4538 3235 6352 2113 2112 4257 2478 616 618 2479 237 2524 2480 1590 2280 10927 6229 2665 4466 1587 4250 2114 6954 4378 2399 842 1084 2293 4709 2588 1599 1600 99 2526 2883 2118 2117 6103 2492 2532 9125 6707 2310 1609 1883 3137 2211 2121 2208 2122 1611 1610 1615 1616 3968 4722 6199 2213 3247 3143 4734 2413 7007
5271 8824 4278 4896
5272 1297 1798 10928 1970 3082
5273 2809 3181 1495 4147 6052 1704 6069 5402
5274 8431 9158 3571
5275 4785 5926 1736 8757 10034 10929 10500 1407 2632 2074 7605 551 10930 5913
5276 10842 4114 7082 176
5277 1 242 1660 3074 5926 1736 6817 4255 3813 1924 2626 1406 3733 6521 1094 1644 1585 7249 5633 1729 4473 9969 4419 2085 6372 9571 4819 40 9409 5910 10434
5278 5628 9445 469 1328 10932 2519 8029 724 3410 9075 4289 9662 5926 7920 7375 4497
5279 474 6830 4605 8607 1196 4590 5569 5926 6984
5280 3476 10933 4679 5926 466 3567
5281 805 5892 1460 2958 4587 4037 10934
5282 9336 5268 2359 2006
5283 7950 10935 8038
5284 5703 7950 3900
5285 3203 4456 5464 7179
5286 7950 9203 5479 418
5287 67 7950 2037
5288 7950 5944 5537 4332 10767 5402 6768 10029 9719 1187
5289 7950 3385 5584 4664 10937 2927 3203 8158 4580
5290 1774 2776 3393 9470
5291 2776 6518 10016 3272 3716 1848
5292 5485 2776 9657 1000 6924 221
5293 2776 9904 3001 3020
5294 10525 10582 423 9312 2165 5936 7978 7685 150
5295 304 9385 7993 3991
5296 3647 2190 1727 10921 5020 4992 6961 212 7626 8431
5297 6495 4992 6930 8055 7714 6157 4501 9840 703 2483 705 3769 44
5298 123 4992 5624 5061 6975
5299 386 3415 1333 786 2016
5300 4228 10938 4992
5301 4992 278 477 122 3767
5302 170 2001 3362 391 5268
5303 2359 9913 1022
5304 5490 1129 8998 8104 4591 1122 5909
5305 6718 4844 10309 467 7411 5576 2348 7058 285 10942 10349 1407 957 5749 6101 9924 5044 9030 1869 4259 4398 4013 4072 10800 9994 7916 7388 6240 398 5490 6399 6642 10943 9473 6381
5306 5811 2922 6915 350 3272 10052
5307 1338 1922 1982 462 1341 26 6130 2084 3615 1718 6369
5308 6396 10572 1718 8751
5309 1718 8079 5233
5310 3251 5081 3084 7467 9540 1718 1146
5311 4765 1718 4515 3207 10606
5312 1718 2496 3389 4611 4041 627 178 5915 1018 1120 7249 3345 872 194 5303 272 9958 5257
5313 1605 8071 8575 4008 10060 1557 289
5314 1798 361 10754 2449 3798
5315 1943 4411 4659 5681 10885 9191 2726 2722 3262 1630
5316 2354 8083 406
5317 3572 178 8046
5318 10624 3745 9238 2068 6157 1301 3472 6565 1137 874 3316 178 4863
5319 4119 4358 178 6209 8760
5320 178 474 6466
5321 3537 6853 10946 6135 5231
5322 178 2013 157 2601 1525 2923
5323 3737 178 9034
5324 178 1295 4338
5325 178 1513 2426
5326 178 937 8225 4195 1637 204 969
5327 10947 10948 4143 178 3336 913 4804 227 898 8105 830 798 7727 10949
5328 2190 4406 178 4897 2702
5329 3009 178 3219
5330 2025 178 275
5331 1094 400 3163 6379 178 8730 2022 5077 3310 1217 3057 435 1769 7144 2971 6037 1232 5088 471 10050
5332 178 5500 5838
5333 242 2449 486
5334 679 949 178 4188
5335 4030 178 8025
5336 365 178 8815 5405
5337 178 10701 551 365 2343
5338 3453 2765 178 2190
5339 4755 2613 9961 6924 2106
5340 5432 5502 7497 1727 1070 10951
5341 178 7517 1803 54 3231
5342 178 2252 1871 7134 3482 10378 287 705 1602 2262 2532 1603 1604
5343 178 3559 1295 8852 1535
5344 4587 178 10953 3631
5345 7266 5790 178 2950 3383
5346 178 278 6230
5347 178 508 3492 239
5348 6519 10954 2767 7631 3395 178 2989 1216 10955 9998
5349 5408 178 459
5350 178 1566 4543
5351 5595 1928 8299 178
5352 5482 3180 5649 178
5353 1124 178 9439 3046
5354 178 3230 3700
5355 2025 178 4640 7391 4495
5356 2744 1737 9358 2251 7975 178 428 3158 5476 10957 9408 7230 2113 1206 888 40 41 4943 6336 8492 4369 4154 1045 2359 5531 2581 7547 3713
5357 551 2683 178 5113 1407
5358 178 5051 551
5359 3012 178 757
5360 178 1115 3012
5361 178 10017 83 100
5362 178 138 342 6460 157 4656
5363 2604 194 2513 178 3169
5364 10958 1207 2573 178 194 10959 9240 442
5365 4568 178 453
5366 6937 3453 178 1094
5367 5618 3786 8703 10960 7957 8888 624 458 178 4880
5368 4499 178 6309 3453 1094 137
5369 3379 178 9060
5370 1162 5386 1163 550 178 4704
5371 3758 178 6249 1211 7406
5372 178 551 4828 1175 1137
5373 178 1587 2283 2396 2486 2588
5374 2070 2725 4270 178
5375 2464 923 3149 6057 178 7576 5662 204 7923 7052 10962
5376 178 551 9634 10963
5377 178 2192 157 138 10964
5378 178 1295 8199 5066 1137
5379 2273 3550 7054 3414 3764 1137 3253 5189 3551 3852 3853 1165 178 2510 2453 5405 4178
5380 9485 9441 1085 5405 10633 178
5381 3440 178 467 1273
5382 232 263 178
5383 1187 10826 10218 9735
5384 178 3410 8628 3559 551 7030
5385 10489 4151 5154 178 4665 8070 5938
5386 3111 178 1778 5036 289 10405 2716 7649 6288 1989 8866
5387 178 3815 5482 2017 10822 3901
5388 178 3266 4804 7702 2973 9502 1161 5722
5389 165 5655 8210 178 6941 3809 5433
5390 178 3565 3913
5391 2190 3607 383
5392 178 10967 2068 524 8046 9621 4402
5393 3016 10968 178 551 3418 5825 1165 195 5593 7283 477 7111 2601 1527 10969 5311 5282
5394 10970 4141 4451 5254 871 311 347 6766 5792 10971 6483 10972 178 5717 1542 822 5008 5048 3449
5395 1806 10708 4785 2646 6068 1094 9990 4118 8317 5416 178 4305 551 4116 7082 4642 5829 7288 10973 3813 1007 4115 3657 9971
5396 178 5404 3453
5397 19 3733 2600 10974 8095 565 178
5398 178 6798 3599
5399 2250 1989 9469 551 178
5400 5501 6817 2008 626 3055 5086
5401 2025 1877 178
5402 178 164 5050
5403 7690 5617 1377
5404 1964 5406 7010 1277 1278 8051 178 208 210
5405 2747 70 178 2219 1126 1295 1079
5406 178 2804 1295
5407 10465 1994 6285 10014 6802 9614 6306 4882 4216 6061 178
5408 2001 387 8054 5786 178
5409 9787 7374 5629 163 10976 8027 178 5238 9211 6310 5281 453 689
5410 2020 263 10977 10978 178 10979 3195
5411 178 5315 2804 4525 6642 690 6685 77
5412 178 2875 10980
5413 178 3334 2134
5414 10484 6453 8923
5415 3874 3415 4 5 3895 6 7 9 2475 6189 2110 786 18 3088 28 178 138 1464
5416 6020 2001 2359 178 4844 3352 3559 3707 2135 3005 83
5417 7142 5892 178 38 8538 5901
5418 7048 6745 436
5419 178 871 946 3032 3277 5348 8842
5420 1137 178 1702
5421 1137 5010 7249 991
5422 3743 178 10558 4513 7427 10982 72 1465 10983
5423 195 5584 453 8463 1129 5229
5424 3386 178 8146 230
5425 4804 178 10985 9409 2626 9673 5047 4636
5426 568 8333 6748 242 10986 9016 7768 4027 937 9350 8250 3 4925 178 1137 4502 9638 7278 101
5427 10987 178 3879
5428 10315 2725 1437 178 5954
5429 178 6317 289 9826 431
5430 10988 178 1566 272
5431 178 3559 461
5432 7914 178 551 5618
5433 9642 10990 9460 10991 178 9721 550 1187
5434 178 551 10992 7767
5435 7699 5633 178
5436 1295 6328 458 270 178 10534 659 5501 6871 5459
5437 178 8913 8866
5438 8764 3339 10993 1970 5930 1318 9643 4272 551 3251 178
5439 178 1295 209
5440 2852 178 1983 8216 7134 2438
5441 6554 1954 551 10809 178
5442 5540 6298 178
5443 4474 7433 5633 178
5444 178 10996 10997 2607
5445 5605 4785 1183
5446 1943 1535 1161 178 2351 3534
5447 1501 5520 178 5254 1566 2192
5448 178 10967 3879
5449 9298 6567 6618 6511 178
5450 10876 1134 285 3869 10320 7545
5451 178 6601 413 9210 10888 1295 2594 9977
5452 430 10998 1987 10967 8721 2140 8170
5453 607 10967 1437 567 1170
5454 6805 1707 799 384 4881
5455 2258 3737 4451 1114
5456 8037 8027 1863
5457 7854 11000 8037
5458 6859 10919 8749 2343
5459 8037 3505 88 5660 3745 7545 9342
5460 222 4955 6074 8536
5461 703 2393 5100 2555 3242 6213 5104 3520 2313 1559
5462 5460 3637 3297 10438
5463 5089 2989 4497 4338 2611 7760 8653 5324
5464 5089 9704 6109 2628 9542 2375 317 1487 5717 2416 2190 657 1151 9504 9434 2017 3241 11002 2356
5465 551 1972 11003 1704 390 10416
5466 1376 2904 2903
5467 1962 1249 2001 6715 5497 786
5468 5900 724 3657
5469 10942 3203 3657 350 4656 551 3195 209 8891 5567
5470 4222 176 2626 5117 1727 9150 5652 5647 3012 7333 3005 3974 358 8516
5471 176 1702 8265 6908 3657 6016
5472 3657 650 2445 1857 7650 5710 2342 5335
5473 940 3657 8403 1114 2879 2274 1592 2484 1599 5100 2398 2489 706 3115 1614 2171 6141
5474 411 193 311 4560 278 4653 331 3277 3657 9757 9903
5475 3657 551 6285
5476 558 11005 9683 4923 5229 10284 11006 6211 6228 11007 10074 567 3038 8688 5563 3657
5477 3657 5759 262
5478 21 1101 11008 9148 9999 8585 3490 4518 357
5479 3657 1976 596
5480 3657 8563 5205
5481 675 597 697
5482 6238 4117 4470
5483 7072 6967 9405 594 1076 3296 968
5484 5900 3412 4112
5485 1043 10787 9721 865
5486 70 6591 8897 3426
5487 2665 616 4124 6139 7061 2757 6970 2288 2283 1596 2159 1591 1592 2393 1598 2395 4812 2174 4697 807 2287 74 2285 1594 1597 2284 2392 2485 1593 1595 2293 2294 2397 1601 1604 2116 2115 33 4996 2885 2884 2886 3507 5992 6179 3115 1823 2324 1617 1618 2121 3137 853 3967 3965 4635 3968 1615 1616 2122 1609 1610 2409 3139 2208 2410 1619 1611 1883 2325 1629 6198 8261 1626 6196 2411
5488 4669 559 741 839
5489 68 1265 4643 1857 4 2645 5 4862 7 9 10 2647 2475 1860 6189 1866 2751 3230 13 3343 4599 8366 6152 7824 3088 1877 2510 7571 1085 28 8690 2157 3092 29 30 2397 2882 99 33 4709 2116 713 2884 2532 3243 2885 2886 1719 6179 5662 4357 2671 9339 5345 10874 2124
5490 3746 3650 430 6953 3069 1696 6324
5491 3314 7484 10891
5492 1044 843 551 1094 3173
5493 5022 227 9767 2177 733
5494 7884 97 4908
5495 7884 3700 8466 2914 1151 10167 7118 935
5496 7884 4115 10258 5234 317 1704
5497 7884 3109 6174
5498 7884 1700 2607 7412
5499 4222 1620 7711 7884
5500 6670 6573 5076 1401
5501 4378 1114 2880 2398 3242 2293 9278 1559
5502 6859 1910 4717 10861
5503 586 5806 9483 3106 6270
5504 9994 4034 6321 3336 5440 2596 3294 4261 1355
5505 2573 11010 107 1802 4619
5506 1131 7294 9393 4434 3391 1465 5456 1228
5507 11011 958 4575 6614 2017 8567 447 6641 59 709
5508 8465 1952 7147 984 7696 6157 4005 8578 1953 4443 4442 5324 8951
5509 6599 232 8465 1508 11013
5510 8465 20 3409 9522
5511 1775 7910 7374 101
5512 2259 23 3989 5173 9148 70
5513 597 2984 1137 6361 2944 2017
5514 5416 1433 1901 10778
5515 2017 1227 0 1
5516 11014 11015 11016 11017
5517 644 2877 16 4286 2878 5200 7875 722 2481 2757 2396 4697 6803 2164 6102 3644 3508 3509 4718 2589 6197 6195 6194 3524 52 4814 1509 1889 6202 4947 1894 6181 7828
5518 258 1249 3415
5519 928 977 1533 121 537
5520 1425 6618 8075 1211 9034 878 3426 5836 8670 5278 5003 4490 5519 11020 3723 2401 5825 6949 1964 5137 11021 1077 9048 8403 4373 553 3070 4492 1721 11022 3362 9271 1137 876 7317 4486 307 502 9988 4943 3833 3521 10008 7704 2675 1523 10200 5771 4314 4347 4313
5521 5288 3426 222 9997 1419
5522 757 5415 1338 4001 1982 1513 3426
5523 3426 1180 5631 370 1359 8484
5524 11025 6397 5097
5525 8815 8194 8055 3492 9694 5752 5103
5526 9120 4411 8194
5527 2278 7130 5859
5528 2904 1551 8194 1545 5093 2495
5529 2013 8194 3703 432
5530 5620 4454 3990 8194
5531 6107 404 882 8194 2598
5532 109 5855 1527 3803 6328 3414 5717 10487 8848
5533 1045 4266 9504 3441 2708 5811
5534 565 1549 10966 7283 551
5535 5002 9546 8907 423 4830 4908 9345 6117 8003 606 3103 5135 2264 4880 3741 10922
5536 4306 6914 224 11026 4415 8137
5537 4119 4857 4162 6068 9244 5071 633 11027 7842 9043 5537 3741 1407 5490 7943 7864 5779 5144
5538 259 4158 10456
5539 9700 9343 11030
5540 2744 1743 355
5541 3362 355 8146 3440
5542 10904 7205 3514
5543 1565 170 761 718
5544 11031 2557 4006 11032 4007
5545 477 9214 9349 650 2362 5975 3584 8129 4250
5546 934 7267 3272 1465
5547 6431 231 1702 6898 4033 3195 268 3218 5516 7756 10398 9420 10516 9729 3600 10499 3311 5610 6904
5548 8134 1194 6803 3988
5549 3988 10643 1450 8732 10642 7931
5550 3942 3988 4290 3575 5514 10846 5070 7179 1544 9103 8257 9645 10024 3793 937 9571 5515 946 7948
5551 1450 9420 61 4199 10409 3988 937 3365 10213 3157
5552 1545 10516 1465 1483
5553 1160 11034 1469 6611 3988
5554 10512 5605 937 4430
5555 494 10140 3988 11035 1754 7257 2917
5556 4283 4182 8257 3988
5557 3300 1753 5616 3988
5558 3988 10106 1478
5559 3988 551 6454 1165
5560 11036 1050 3988 8769
5561 3988 1465 2426 937 5569 3268
5562 3988 7179 72
5563 9647 7585 6482 6034 8447 1465 2039 3043 3988 6214 631
5564 4236 8318 8099 9100
5565 8512 4936 8720 2524 2480 6975 2112 1596 2159 3493 3960 2115 707
5566 9799 8745 7636 9538 5205 5519 4856 1655
5567 8934 9811 8496 6349 2025
5568 1732 2001 5848 2135 5214 4042 5880 6261 8496 9015 5173
5569 4192 11037 5206 8496 9922 4964 2865
5570 1775 8496 328 2369
5571 4232 1374 26 1736 4789 2631 1901 2632 3225 1094
5572 230 4123 8690 432 911 4188 1599 1603 99 2164 2118 706 5992 11039 1559
5573 581 5127 9908
5574 1567 6886 3758 3761 4572 661 726 75 1453
5575 1993 290 6528 2580 4929 5441
5576 8406 11040 108 10219 8407 5978 5979 2141 5523 11041 5980 5977 3411 9957 6019 3393 7633 3390 97 767 10845 9830 9442 5220 243 7173 5229 7753 8063 5291 5855 11042 2394
5577 5055 981 6737
5578 477 8477 4696 432 4697 11043 1499 197 1665 2760 6178 3508 2323 1823 2325 1885 2589 2671 2315
5579 3334 413 101 3554 5870 2823 7131 352 318 4620 5471 272 2612 1134
5580 8459 6657 1146 1515
5581 10207 2960 2465
5582 11044 6205 4501 477 2477 10702 1114
5583 5369 2725 9434 509
5584 10 7679 2050 1791 11001 6839 1112
5585 892 1161 2189
5586 4220 3295 4953 1809
5587 7785 10539 10818
5588 224 11045 1419
5589 8479 224 7665 4815 3755
5590 1295 10177 1151 1729 2074
5591 224 5668 5619
5592 224 1077 1622 1400 9563
5593 1782 730 4975 4179 6985 6559 10068 7665 224 9811 1419 2352 8979 10377 8923 8020 9948
5594 2873 7665 5358 224
5595 1997 2908 6908 224 6626 8533 1923
5596 224 9811 9578
5597 2726 6157 3703
5598 4928 6633 11048
5599 9678 10720 4803 4801 10628 5318 4804 4081
5600 1106 6915 10187 1722 5963 330 1795 8988
5601 5739 6646 724 5323
5602 1722 3446 1115
5603 1782 1722 2609 1924 3737
5604 1722 8233 285 3928 2738 450 2142 213
5605 9484 3401 1938 3574 10816 6947 4340
5606 435 5186 8631
5607 195 284 11049
5608 4034 11050 3108 9988 1194 11051 10899 9199 562
5609 1798 9253 4174 7511 1177 5571 1516 7715 5663 7545
5610 6685 6686 1737 588
5611 6715 7275 331 5180 361 923 7715
5612 734 7715 2451 3848 3486 1285 2984
5613 6177 7715 4115 3415 6956 1424 400 4129 11052 71 11053 3715 11024 6688 5683
5614 4232 7715 8759 996
5615 5242 6918 10297
5616 3572 1501 111 9832 3259 5683 1838 1161 6266 1133 72 3032 5869
5617 1996 11054 4198
5618 5533 11056 10669
5619 5579 1620 4438 3205 8882 156
5620 9038 3124 10135 6137
5621 7497 4835 2506 10233
5622 7497 2219 940
5623 5266 1875 1964 7723
5624 2426 1055 10458 5888 1853 6008 11058 5573
5625 328 1808 11008
5626 639 7664 2766
5627 4115 5678 6402 11059 3362
5628 1347 8213 8551 786
5629 7535 1309 6667 2394 7990 170 8166 2094 3722 236 4611 6533
5630 5810 7097 9895
5631 8134 102 6090 9304 550 365
5632 2722 289 3933
5633 11060 4366 514 1072 5977 8274 4802 6217 10 2926 1698 1308 734 254
5634 10284 4368 7415 6115
5635 10284 4368 11060 8251 1655
5636 5774 10904 4366 11060 11062 8699
5637 6314 3953 1338
5638 11025 4368 1400
5639 3768 8829 6314 10784 4365
5640 4080 10288 2519 6557 4366
5641 11062 1961 2391
5642 6314 4365 9255
5643 6314 3809 7134
5644 5295 1360 11063 4503 11064 6106 5022 9105 9253 2035
5645 5022 3317 3901 738
5646 5470 5022 1142 2449 1488 9217 11065
5647 5022 5792 261
5648 11066 65 5022
5649 4538 4301 5646 6478 5022 10029
5650 5022 6397 9186 9319 2143 2126
5651 5022 1769 3033 1020 5784 7978
5652 4462 20 4139
5653 1632 435 9793 259 1578 5022 2744 3088 2478 1597 2160 2295 2488 3959 2296 3960 2491 3493 3853 3242 705 33 2404 3961 3962 2117 2403
5654 5022 7118 7052 10962 11054 4198 1893
5655 7141 4900 2702
5656 5022 1769 7436 9835
5657 10986 799 5022
5658 1132 6696 11048
5659 5022 7619 317 758 7597 4752
5660 6095 11070 9069 5022 1725
5661 1660 1403 10888 871 70 6687 4247 2554 486 6413 2027 11071 5022 3275 266 9023 2219 1780 798
5662 5022 7179 9793 5522 3106
5663 2679 5022 6415 10290 2190
5664 1669 11072 2567 5025 10778 5022 2126 3230 6352 1878 6101 2112 21 4696 4349 4629 3242 698 4630 3139 1886 6355 3966 5716
5665 946 5022 318 1769 1020 486 8699 3066 7457 3800 7226 8364 4493 9604 4340 11073
5666 4877 977 5022 661 5666
5667 4929 2103 944 2359 5022
5668 2744 760 5022 435 9564 1996
5669 5022 2952 1806 5938
5670 557 8852 439
5671 9148 4273 5022 9551 1271
5672 1745 6853 9938 9652 5022 4196
5673 10594 2102 5022
5674 9048 6949 10943 11020 6090
5675 1660 4151 4189 9048
5676 10286 4989 11074 9379 7921 9500 102
5677 11075 5779 280
5678 8196 11076 227 62
5679 6309 6642 8967 11077
5680 553 328 6708
5681 2657 10875 10283 376
5682 5547 7186 406 5130 8522 2067 6735 8219
5683 607 4317 420 6371 5005 1406 5474 4481
5684 726 11078 75 2871 8879 9689 3466 603 714 757
5685 657 2268 7425
5686 10149 1425 10365 7695
5687 10149 3205 7406 1267
5688 10149 2112 2478 2113 4250 2480 4378 2524 2280 2479 2157 4698 4978 6650 2525 807 4706 2114 2666 1591 2393 2484 2286 4705 2396 2485 32 1600 2758 4709 2290 1602 2291 2399 2489 2115 2411
5689 4859 292 1914 6337
5690 550 7636 7044 4068 5585
5691 6304 3710 4767
5692 9787 1644 1407
5693 1407 5386 10709 318 6680 9594 10680
5694 10044 1028 1535
5695 3182 10628 170 3194 6209 967 10434 2571 5553
5696 10434 3545 7872
5697 2699 10434 4351 6249 352 866 2740 317 1205 1326 874 1216 3085 2949
5698 2607 4704 1933 3007 6311 6942 2631 2232 551 4828 242
5699 7876 7049 9736 268
5700 162 107 596 4273 2394 1872
5701 7267 1471 2242 61 4199
5702 281 3056 9629 11031
5703 9263 6865 7667 1464 1471 1483 125
5704 11084 5725 10821 5651
5705 5301 3453 1994 70 486 2422 1107 4152 6299 1341 8038 6504 3239 317 2738
5706 1086 1635 2102 3005 8699 72 8858 6488
5707 4286 231 2647 4017 6862 8250 1488
5708 3826 4450 4318 2865
5709 7881 1479 8184 5576
5710 531 11085 3057
5711 7976 8085 3352
5712 7976 4844 7731 7194 102 8609 1803 3295 7415
5713 2394 4187 2286 2293 1594 1597 1593 1595 7416 705 2294 4997 4995 1499 2552 197 11086
5714 10027 7003 10819 3713 3875 4517
5715 11087 7976 194 5328
5716 328 1737 5131 7395 2371 11088 10169 6876 2404 6909 8321 4469 6058
5717 2722 7494 1736 10169
5718 1199 11089 8281 6683 10169 4514 11090
5719 10169 469 10081 3334 3741
5720 3260 9850 10169 9922 7872 11091 9151
5721 11092 7705 9474 9596 1207 3295 10169 10934 2298 2403 3110 102 486
5722 4112 4406 10169
5723 7089 6378 1321 9564 5922 10169
5724 1972 9385 4869 2861 10103 11093 2042 682 1876 807
5725 3572 8993 6153
5726 3692 4708 1535 4627
5727 8092 1820 5891 9440 3129 2258 4502 2523 2881 4698 6650 2483 6902 4978 4697 2160 4349 2163 2296 5550 5104 2170 1887 2761 6181
5728 5432 7849 1994 6385 8523 8524 3591 937 3124
5729 5674 2233 4029
5730 1410 8503 5875
5731 6816 4273 5674
5732 5813 1983 5074 5674
5733 10378 5674 2445
5734 3615 1205 3191
5735 7412 5674 5234
5736 5894 5674 9322 1346
5737 5045 227 272 7632
5738 6887 8139 1592
5739 7870 6047 7785
5740 786 1124 5161 471
5741 72 6047 7785 11095
5742 2519 7173 4469
5743 10720 10182 3664 5564 3472 28 2174 2285 33 2882 842 4996 853
5744 3791 515 2030 4101
5745 8843 142 7434 8653 937 2343 2704
5746 6660 567 6229 2719 8843
5747 2582 1801 8843 4061 7915 2795 2950 435 6292 4232
5748 8436 10591 1985 5623 1655 10535 10029 8036
5749 8178 742 1535
5750 734 2157 4977 2287 3959 2163 3095 2298 6103 4252 1610 2121 3246 2842 3738
5751 71 6126 3222
5752 9149 1906 4007 4173
5753 3352 1652 6061 3534 11096
5754 9305 8470 10359 2070 9151 9673 9674
5755 1126 5783 9674
5756 3790 3334 4553 9312 7537 2481 2392 3833 2448
5757 8749 3312 551 588 11097 11098
5758 246 1234 804
5759 10373 2332 3423 2022 4704 5348 1098 3312 8980 2250 3005 5720 3605 8155 11099 10174 10761 4065 2450 1535 1163 3032 321 5790 59 3277
5760 11100 8685 3312
5761 1294 3008 10651 6344 3631 10299 3012 9970 5132 1972 1094 555 2619 624 3312
5762 3312 10930 5258 5130 7518 7332
5763 3312 2626 1044 6762
5764 3312 4162 579 4116
5765 1407 2632 1937 2074 5112 10100
5766 9824 11101 3814 3312 11102
5767 3312 4704 8192
5768 1733 7112 8604 1407 1597 3312 6567 4413
5769 3312 6273 1092 7762 458 391 2260
5770 3816 2658 3312
5771 3312 3012 10930 8192 2022
5772 974 3774 5222 11104 7266 9513 3604 9908
5773 746 1161 1527 871 486 5683 3643 10685 1535 4880 7858 516 11087 6374 4409 4470 5541 11106 8520 272 5458 432 6050 4115 3957 2799 3180 669 2740 2683 3032 3833 498 1044 401 10112 3012
5774 3637 10405 6515 3122 1139
5775 4358 757 551
5776 4115 1622 1783 194 1150 4201 10166 68 5572
5777 8230 10324 4782 1566 3343 3345 4115 6808
5778 9376 6010 6308 1333 2081 194 4569 10231
5779 9167 1738 5433 9492 4115 5614
5780 3534 4115 9244
5781 738 10373 2332 9258 1976 1415 8105 4115 3904 5523 545 8466
5782 6434 6855 10039 1653 3597 4115 7342 928 1050 235 9773
5783 4115 227 8621 7471
5784 4115 3420 2445 2453 3057 9692 3297 3689
5785 4115 1022 7001
5786 4115 2219 8044 5249 5015 5362 6727
5787 2359 5010 551 25 2247 4868 3809 4115 6915 5748
5788 4115 1932 194 3818 5622
5789 4115 72 624
5790 2609 4573 4115 865 924 5010 1045 2389
5791 4115 8962 7407 493 3057
5792 966 71 4558 176 4115
5793 4776 5584 4115
5794 5652 10076 7333 4115 2070
5795 4115 2219 10244 9921 7329 5910 6942 3225 7303 9908 3753 205 5847 6359
5796 5222 4115 4467 589
5797 493 4115 4543
5798 9824 7215 4115
5799 9364 4115 7120 11054
5800 3334 6254 4417 1501 9988 6855 1996 10878 3261 1162 3032 3279 4115 2626 7699 3707 467 2017 1049 11113 2496 4587 6294 7149 1161 3364 2188 204 1806 88
5801 2607 107 2343 4115 2022
5802 9967 5779 4163 8621 8682
5803 1274 9787 2031 4273 9074 8967 2607 507 9075 2513 2062 3707 4808 9240 9806 11114 4196 6779 2670
5804 802 1638 9240 8015 1857 5983 8982 8141 4051 4932 4372
5805 9240 3955 892 1079
5806 2210 10088 3756 4688
5807 2723 409 9812
5808 2107 1860 2110 2876 798 7291 1423 4688 1588 1590 28 5778 1114 4866 2157 3092 3740 2206 7061 2261 2880 4916 2397 2302 4073 2321 2408 3519 4126 3520 3146
5809 4688 7249 11115
5810 7920 1970 5426
5811 7920 4301 6842 4677 72 7931 4646
5812 8482 7920 1514 5618 3835 2422 1527 874 1216
5813 2429 281 6224 772 9171 1690 7920
5814 2913 9811 7920 3755 6925
5815 1163 362 7920 1050 209 3114 11118 2548 3170 8386 11119 142 1177 980 2454 1301 4439 4572
5816 8779 7920 2980
5817 10731 7417 7920
5818 7920 3844 3842 3611 578
5819 1652 4889 5393 964
5820 1979 7818 4300 4938 5630 2557
5821 493 1407 495 7415
5822 4287 10598 4271
5823 3170 9801 369 8355 8222 3469 6835 871 263 7475 8988 11102 3057 5222 11121 11122 2245 6090 4618 11123 7427 9866 10046 4748 1912 3698
5824 6558 1912 8748 10075 1802 6751 1050
5825 4699 3153 9334 5528 5311 8407 1912 2986 5552
5826 2645 1912 2877 3129 18 2203 5116 2113 703 6650 4697 4698 6902 2525 4630 3110 5426 6103 1628
5827 5196 3809 72 448 3474 2426 433
5828 1912 4503 6759 4593 7675
5829 1173 10605 4618 6112 11125 1544 7194 9248 6832 1214 6372 8609 4441 10608 7257 4606 4160 3829 10606 10945 2418 8701 7564 4515 11126 11127 11128 8416 7179 878 11129 5862 8180 10575 7364 8899 4027 8359 11130 5172 8070 8354 7578 11131 229 10417 8204 124 6034 2917 4598 7811 1912 9045 937 4290 9826
5830 5088 2710 878 865 1912
5831 3262 1912 494
5832 9233 1912 830
5833 10066 97 9239 8698 1912 11023 8007 1406 7202 1655 272 4412 6758
5834 8805 5923 9760
5835 738 486 1778 871 2621 1295 1912
5836 2991 5576 48 6376 2330 1105 3729
5837 9167 3955 6848 5173 1972 1924
5838 3868 111 1080 5635 10932 813 814 5091 6785 1640 8813 10407
5839 5005 6779 8437
5840 7209 7899 4974
5841 3667 11011 6479 11085 3574 3236
5842 7396 8234 2988 158 404 6138
5843 778 10382 2126 2393 3667
5844 3600 3163 4836
5845 2343 7573 9409 55 9853
5846 67 100 7706 6779 7763 6857 500 1724 4410 76 10351 1152 10365 78 1694
5847 7763 1736 9308
5848 1994 5472 4469 3751 5845 461
5849 2006 448 93 430 439 11135 5844 7436 9651 4187
5850 948 1295 101 1137 551 5066 3362 7651 7958
5851 1640 2461 11136 7551 1134 5234 5729 4619 1427 301 480 128 3475 3355 8528 1112 4652 367 1802 3997 103 342
5852 628 480 1427
5853 1766 11137 955 1710 954 1149 3584 942 116 1676 1532 882 1400 11138 2549 11139
5854 757 696 1705 644 8812 3597
5855 1625 8853 701 4354 6631 1585 6352 1227 6101 3378 6942 2477 2524 2480 4378 2397 4697 6650 1217 2116 2552 6058 6358
5856 1688 8641 7865 8124 1328
5857 3358 653 1688 1977 2971
5858 1688 259 786 2154 1114 2157 3092 2482 4187 1598 432 2206 2487 4697
5859 3869 5305 285 3410
5860 6 4010 2474 2112 2113 2480 2283 1597 1593 2158 4812 1598 2489 2288 1596 2159 1600 2274 3493 2501 2296 3959 3960 1615 1616
5861 5527 3386 9673
5862 6483 124 122 3793 7267 1471 9646 11141 10673 7259 9346
5863 1360 5163 1816 7790 1776
5864 3890 78 1978 10478
5865 4301 3442 2249 7278 1800 2102 1998 206 1793 8005 9276 5826 558 3894 6888
5866 35 2398 4838
5867 6966 1194 2373 1195 10339 8934
5868 1818 7725 11142 8787 1982 2107 700 5 9683 9 2647 4354 2110 2477
5869 4435 8229 10611 2090
5870 8229 1519 597 2344 6431 1661
5871 4846 1818 1821 12 2110 1585 4067 11145 786 2755 2258 2757 4696 6803 3240 7653 5282 3243 5626 1617 2168 2409 2407
5872 4846 469 5749 4923 4121 3410 2626 1690
5873 1776 1783 8703 4846 469 5749 5416 8045 10901
5874 4846 462 1080 5116 2203 2154 2879 1590 2285 2398 1084 2274 2883 705
5875 4846 4496 4755 1797 9404 4629 2115 7338
5876 2385 2627 2005 4346 9093 4900 9307
5877 4278 9189 1333
5878 2005 5206 7294 4963 2903 3612 2987
5879 1366 455 6491 2005
5880 1249 1813 4187 1058
5881 2005 4502 2287 1598 9483 8059
5882 6121 2005 1927 1519 2037 72
5883 109 6042 11065
5884 2222 338 54 6034 10581 11147 3295 4953 2005 3054
5885 2005 2924 3702 1058 6358 2590 3973
5886 5846 2005 1071
5887 597 3642 3640 3158
5888 2005 6255 8667 9853 17
5889 5019 2017 9579
5890 8792 1678 7410 5019 8031 3492 516
5891 596 1017 5787 9518 11150 9217 5019 947 5256
5892 1971 1143 392 1585 702 11145 20 4123 7875 5307 8058 2613 2477 4673 2757 2282 2523 2482 2525 2295 2488 2392 170 2162 2296 2293 1655 5581 5282 2529 2532 3110 2884 2886 433 4995 851 4843 2169 1886 855 3519 1628 6355 8586 1892
5893 328 10424 469 8869
5894 946 1162 361 9409 204 394
5895 4362 11151 11152
5896 500 7371 6114 4300 279 307
5897 9439 11144 11154 11155
5898 2092 655 1382 6326 8549 10283 7957 10909 4147 4570 4124 6139 1591 4349 2116 3961 73 2403 10347 2117 9284 2299 2300 2301 2297 2307
5899 2725 5315 1283
5900 9257 2590 5315 5414 8146 11156 3336 8395 252 3149 5090 4387 2438 6596
5901 1227 2451 2830 2831 5065 7018 3802 1320 5141 2068 5987 7529 3554 101 8648 2964 5673 190 5664 9329 1304 1704 9253 740 4466
5902 6308 5315 6209
5903 1694 1996 5315 2139
5904 5266 5315 6022 5633 5237 1517
5905 5917 5315 328 3292 5807
5906 5315 732 70 871 347 413 8420
5907 9862 5315 3982 4857
5908 1433 2730 11157
5909 1582 384 6714 10864 7342 5252
5910 2385 1640 1334 1004 1134 2893 871 317 586
5911 9000 8783 7155 11158 5405 1655 162 10488 11159 9718 5348 4324 10613 11118 1216 8018 55 443 4446
5912 1392 4298 928
5913 7555 6830 1198 1173 11160 3586 4339 2415 4603 7759 9929 7151 11161 10334 7636 9363 9078 1392 8609 11162 6832 10389 11163
5914 9215 1244 9214 8904 1392 4755 8644 1433 6836 6829
5915 6454 58 9497 485 7507 1389 2554 4760 5517 9490 2464 6379 2603 6060 5827 130 121 7447 6568 1212 1451 11165 128 11166 8695 3928 7292 636 7494 3987 8499 1392 120 8448 1458 310 1388 591 1471 1465 9959 126 123 1714
5916 61 123 1392 3022
5917 9631 9509 10876 8729 2017 3677 3615 2030 935 3158 1659
5918 557 6973 1527
5919 3327 6539 7967 10764
5920 2037 1081 6539 8129
5921 5098 4807 3092 4188 4813 5715 2882 705 2555 5282 1823 5104 4125 2408
5922 5187 414 5875 1711 10217 5256 11167 3255 11168 3689
5923 2567 10778 4516 3428
5924 373 8071 6322 10767 8773 9451 6541
5925 10301 5869 6954 3026 4995
5926 7001 565 9709
5927 3764 4439 11169 5051 6915 3446
5928 4017 11169 4674
5929 1804 11169 1045 5743 551
5930 1229 3600 11170 7576 11171
5931 5928 1142 2361 9077 8048 11172 11169 4586 7695
5932 9629 11169 5255 8224 10555 10654 5993 3410 6156 5810 9188 8725 7699 6849
5933 9716 11169 1238
5934 6414 6715 9095 2352 4828 10460 5819 9338
5935 6301 6715 2578 3655
5936 6715 86 4552 2076 6051 201
5937 6715 4534 11173 1127
5938 6715 5196 4155 2613 2664
5939 4829 6715 11174 1305
5940 9013 1660 6519 5915 6855 5671 2002 7760 2401 11175 10576 7870
5941 435 7670 2269 3265 6017 6715 11176 354
5942 4067 4257 3852 4977 3095 2288 1604 1603 4504 433 707 860 2212
5943 2801 1574 1633
5944 9339 3700 9385 3079 1630
5945 9824 7005 8792 9138 10634 340 7577 11177 3144 9058 7595
5946 6597 7005 9540 8270 3327 5887 9824
5947 9824 8001 11134
5948 8224 628 912 9824 103 650 929
5949 4937 5205 10265 9824 6429 11134
5950 7230 9824 3809
5951 5927 2032 4767 1163 5615 5651 365 7996
5952 795 5912 9406 3476 1727 6732 2076 7816 5805
5953 3476 3732 2004
5954 3476 7712 7617 9007 3982
5955 3955 3825 4857 1454 599 7919 10230 3476 9043
5956 3476 285 5024
5957 3476 5451 8800
5958 5574 71 9243
5959 531 5434 5214 786 4699 3476
5960 503 11180 5781 6423 3476
5961 4429 1769 3476 9712
5962 1205 3476 4708
5963 72 8364 4103 4101 3476 203 786 1527 5353 3924 9176 477 11181 5614 317 1387
5964 2475 4862 3076 1864 3230 3660 4067 477 3476
5965 5405 3476 7859
5966 5196 8431 11182 4530
5967 3476 2001 6261
5968 6035 10104 3476
5969 1818 1773 1863 10786 11174
5970 3374 5325 3476
5971 3476 11183 6731 4681
5972 9532 3476 9571 4819 11184 9495
5973 195 6398 3476 453
5974 1566 5435 551 3634 9119 3476
5975 3476 2957 4346 141 5809
5976 7759 2245 10392 11162 2148 11185 3476 1195 10605
5977 7703 3476 365 342
5978 3476 6762 1094 3012 8317 3809 3684 2238 6685 3153 4101 9789 4372 7069 1328 2373 7943 6540 10093 9527
5979 3476 1885 3965 1628
5980 2238 8174 3476
5981 3476 5505 3534 8462
5982 3476 7720 2190 4406 11186 1351
5983 3018 2664 8050
5984 10123 4939 11188 5563 6440 2260 2643 2404 2625
5985 4085 1134 2740
5986 11189 5664 11190
5987 6930 4611 5618 3476
5988 285 9363 10320 3476 11192 2233 10430 10122 5517 3049 3058
5989 5610 6863 394
5990 9254 2226 3638 9715
5991 3952 3804 9512 1741
5992 977 2190 4406 1238 9512 5615 7017 980
5993 1182 3655 9512 3953
5994 5978 5980 9131 9741
5995 6857 5937 2512 9012 5501 7259 9867 7276 11193
5996 4344 1630 3831 2389 577
5997 9797 2181 691 445 3155 8183
5998 5461 6310 8767 6311 7075 5316 8835 633 6760 2255
5999 3334 70 6311 3818
6000 9205 9796 3295 9741 7592 4399 11195 6311 5195 2416 413 1272
6001 5047 4117 3453 2090 6311
6002 6311 4418 7952 9837
6003 6311 4923 10590 10396 61 6774 551
6004 742 68 8510 741 1170 1169 4069 9790 7909 7068 9270 1953 11196
6005 3639 4147 9790
6006 9790 2513 3983
6007 8755 4400 689 5366 9790 5909 11075 6425
6008 1295 4326 7040
6009 951 1849 9257 501
6010 1410 3365 871
6011 10926 8528 4487
6012 3030 6386 2637 6070 11197 6572 735 676
6013 4237 709 4298
6014 11198 6659 1103 4444 4004
6015 1845 8849 11199 8745
6016 6115 25 1080
6017 4525 8694 1734 10865 8519
6018 3469 10412 6704 8082 587 7213
6019 1033 6876 6890
6020 4819 10395 1033 3043 10641 122
6021 4704 3151 7248 3858 8873 5903 1033 3544
6022 1033 1494 1708 75
6023 1033 9221 5589
6024 3050 10513 3177
6025 1033 6933 4575
6026 1033 10067 4296
6027 5633 4972 923 1033 10375 5053 11089 3292 6863 8362 4821 69
6028 1033 1961 1585 802
6029 1435 6880 4238
6030 594 5579 1201
6031 6123 1033 719 6883 603 11201 6122 710 1035 10780 11202 5612
6032 716 1040 11203 6934 5776 8562 711 6892 6274 9687 6881 6933 8879 1043 10913 9463 1033 10197 3952 5613 1067 11201 2266
6033 793 751 1033 719 8861
6034 1033 5662 6299 193 3362 5111
6035 1033 1067 1668 1453 9345
6036 1033 8092 6875 11 3665 2109 3060 3129 2471 2813 2582 4705 5282 3243 1499 3245 852 1884
6037 10454 11204 352 1567 1033 1668 8430
6038 2126 6300 2128 1033
6039 1033 650 1669 1226 3 180 7381
6040 3505 5898 1347 1232 17 1660 3645 4914 10848
6041 846 8480 9807
6042 9351 10629 3473 1138 844 275 457
6043 5933 642 10037 116 118 1400 1620
6044 846 761 1497 11206 1199 9776 674 644 6926 9051 3132
6045 846 7302 798 937
6046 846 3989 3198 1189
6047 8650 2893 8919
6048 9783 5244 10785 6819 5410 7958 4944 4273 1134 361 7936 7243 2733
6049 11208 5410 1383 3860 4962
6050 435 2723 5410 6049 2805
6051 6428 761 1494
6052 636 7509 1569 118 642 5703 1084 59 10120 975
6053 10116 728 11209 5589 3761 718 6887 10780
6054 10549 35 4731 6929 4311 2673 4308
6055 1519 3009 357
6056 8014 477 10155 3770 4819 4199 6214 122
6057 10155 4287 4415 1938
6058 551 7525 4300
6059 1724 10155 6702
6060 4993 2747 9928 4925 4111 2730 9532 5032 799 4668 698 5642
6061 11210 8501 799
6062 3590 1169 873 5138 887
6063 3612 3263 799 384 2422 2045 3124
6064 1786 289 3402 7964 8803 799 5153 5880
6065 3230 14 1585 786 2518 4993 4812 1599 6803 799
6066 5177 4610 3795
6067 799 1316 1926
6068 18 4406 5905 6174 1424 1155 2394
6069 2581 4816 799 3722
6070 5377 6099 9471 799 11211 2745
6071 799 1006 477 4925 5116
6072 10626 7020 281 3677 8566 9217
6073 799 937 7389 9647
6074 384 4878 799
6075 384 6648 243 799 4881 4360
6076 799 8224 2809 10808
6077 6478 755 10246 384 9499 1060 4169 1488
6078 1519 11213 655 799 3374 4704 1096 1566 1248 1857 6441 7573
6079 4407 9319 799 6677
6080 917 9270 7848 11214
6081 799 596 1840
6082 2751 799 1137 1588 2100 2288 2322 2115 2118
6083 1645 799 384 70 1056 9733
6084 7617 8604 1760 6325 388 5964 799 11215 642 3150 952 804
6085 265 3423 4407 2945 4080 4004 1630 9192 2726 1553
6086 2987 6302 799 384 1333 5582 7760
6087 9449 670 1632 263 5587 8975 2368
6088 639 157 1632 318 4929 8525
6089 2231 3005 2740 1897 1632 1696 310 102 4707 1645 1648 10073 4967 8429 4289 471 477
6090 1632 1676 4879 1023 2816 8604
6091 7817 6400 11217
6092 1632 3381 11218 3365 912 10222
6093 1632 6771 3060 4646 10054 4503 3125 7207 2755
6094 1741 3803 2486 6406
6095 8023 8472 8494 4890 5405 6824
6096 426 2983 3706 2017 3810
6097 5573 6400 1632 2365 3397 9471 472 259
6098 2862 352 2598 4147
6099 5447 8505 4650 657
6100 9770 9500 5151 7699
6101 5151 3056 7122
6102 11199 4232 1940 1942 1242 10687
6103 5151 1792 3012
6104 4474 5151 6698
6105 9970 10093 11110
6106 384 4360 551 4169 3546 2096 9213
6107 5358 352 1163 3032 384 227 4453 8216 1161 1535 10430 9030 9023 558 1137 3802 5141 1162 4021 11219 83 1984 3482
6108 550 9063 384 3692 2143 8876 1354 2598 52
6109 3334 466 6391
6110 2702 2190 384 2722 3860 227
6111 4290 3505 384 558 651 8027
6112 384 328 7817 811
6113 261 384 3336 617 7798 4804 2922
6114 1135 2954 4684 946
6115 1716 1676 384 9252 2136 3745 1434
6116 328 276 384 4179
6117 3251 384 10379 2189
6118 384 1122 9938
6119 384 5460 8891 5569 11122
6120 6302 384 4372 11221 1341
6121 384 6942 11222 7909
6122 10405 384 8872
6123 6094 384 5531 5313 102 10619 8949
6124 384 3755 7640
6125 384 4878 1056
6126 1420 8872 384 8256
6127 655 8833 384 9838 2036 1840 363 1520
6128 384 5035 7173 7310 6984 6494 6490
6129 384 4877 6673
6130 5499 384 11223 2217 3990
6131 285 10638 9640 9499 384 827 1134
6132 8809 384 5553 4570 2998
6133 5582 384 7393 4497 5650 5655 1952
6134 3589 726 597 5938 7636 1783 5134 6380 865 9498 1060 4169
6135 5938 6385 5844 8274 329 1013 7972 10486 8558 384 406 7720 946 263 1170
6136 3500 194 259 931 2755 5132 1589 384 11102 11224 937 3195 5268 655 1660 328 11225 7096
6137 1137 384 6550 3833 10109
6138 5579 384 2607 5677 6495 10596 4246 6905 7038 9106 8094 4269 4523 1228 11226 4761
6139 242 6792 1644 9336 4511 384 5541
6140 4369 9106 384
6141 8561 10741 2543 69 2586 4089 3503 6251 5677 3331 384 3194 2987 3868
6142 864 3290 3270 157 420 486 611 9155 11227 2607 7832 10456 10685 11053 384 261 4653 3362 2036 6581 7840 4759 6229 1052 3567 871 266 347 4389 1163 10346 913 2154 4187 3753 6779 494 3336 2914
6143 2184 480 2045
6144 1156 4914 1158
6145 1895 10541 384
6146 142 2631 577 2438 2437 9580 1334 157 3229 7072 4317 384
6147 2986 384 1054 9792 5194 1086 3424 5214
6148 170 5938 384
6149 384 6714 8759 9614 3729 1588 7348 4700 10210
6150 384 8513 5526
6151 6301 6577 642 10 542 9011 384
6152 7178 1660 9209 6873 10539 384
6153 384 7179 913 432 4169
6154 384 747 345
6155 1191 384 1519 484
6156 384 6 1858 2813 786 4812 6803 2118 5282 9095 5104
6157 4876 1775 739
6158 2862 1137 469 1296
6159 1775 1676 494 2332 11231 5183 8909 2047 4876 4795 2143
6160 3920 163 194 4876
6161 821 4876 4179 2427 1707 2262 2747 7294 636 949 786 7887 2680 1048 11232
6162 3051 4876 4179 1295
6163 1173 4876 6327 827 2582 4893 8214 2326 2171
6164 4876 4285 8144
6165 2690 5597 5167 6563 1078 1815
6166 724 1194 4876 1391 7712
6167 4876 7670 10531 1483 4791 5889 229
6168 4876 501 2333
6169 605 457 8042 11233 8963
6170 1638 10001 2616
6171 1532 1135 5218 4424 7653 5034 3977
6172 716 9330 1526 7002 735 1561
6173 4620 955 1001 9273 1030 639 10982 10532 423 9328 7144 3556 7127 6898 2199 2747 7410 3992 9672 4005 8542 8099 11234 629 9026 3362 874 9226 193 6568 6869 4675 252 1526 1191 5907 7426 3989 7518 4087 2767 7279 334 5034 1192 6318 4683 5564 6460 7108 8068 3465 11235 7456 3237 1280 6157 5706 7407 4671 3219 1399 3394 310 7889 3905 5573 1232 7498 5989 1354 3075 3723 10199 7992 2587
6174 1526 931 11207
6175 9129 733 908 8169 4338 6778 6536 6416 1526 261 915 9373
6176 1526 2538 4650
6177 869 3157 878 1714 11236 4147 5205 4017 4118 6817 8717 5145 4789 1338 937 3362 3104 6440 1216 5589
6178 857 1526 943
6179 6945 1526 1332 1760 1670 1676
6180 216 1526 6507
6181 2200 11239 1736 9967 8757 1228
6182 4553 1798 9228
6183 5578 2025 6704
6184 10381 9641 2415
6185 655 6095 6093 10435 6092 2046 3563 7773 5343 9718 9741 7870
6186 6095 1528 6092 157 9181 261 7858 946 11168
6187 1137 837 5246 6076
6188 4650 5088 3092 4848
6189 671 430 1070 549 3198
6190 2126 6101 484 6971 671
6191 671 1684 567 10812
6192 671 173 10401 838 8042
6193 671 597 10730 2097 679 1013 2992
6194 4991 6404 6157
6195 4575 672 4052 1647 1497 810 1532 671 8876 1264
6196 2912 2190 9238 5685 676 6688 7881 4406 8472
6197 763 6982 3308 281 2912 412 1402
6198 3210 3636 11241 1181 261 756
6199 6100 9491 596 435 756 184 4690
6200 6099 2235 8589
6201 756 1535 7519 3107
6202 6044 400 2607
6203 10520 4654 1697
6204 2035 10520 7125
6205 596 742 4026 1978 435 1020 2447 187 339 10520 8811 3563
6206 3706 7000 6093
6207 10520 8811 9582 6090
6208 2219 193 1163
6209 10435 2730 9700
6210 1959 9502 2503
6211 6579 10435 749 596 411 501 6095 2572 1149 9194 3594 227 317 10772 8595 1638 753 8343 8937
6212 6581 3306 2016 596 10717 6827 3265 10435 750 263
6213 368 11243 822 10669 7660 5555 5003 1889 8802 10835
6214 3748 5646 4301 8220 2335 10381 7957 1867
6215 5633 1134 285
6216 6765 81 699 2221
6217 5582 2241 2823 11244 758 222 7767 865 3574 8287 3028 9450 7533 4541 896 6537 7234 3607
6218 11245 1842 1560 8073
6219 641 1299 7987 9778 9936
6220 3771 2986 3813 328 10375
6221 2715 227 361 827
6222 3685 281 6707
6223 9902 3481 5288 2448
6224 7201 1064 38 10233 715
6225 4059 6930 571 325 9594 1064
6226 1974 2869 2870 1064
6227 3281 122 1064 5051 2377
6228 1064 11246 722 2000 11204 1562
6229 1403 10959 310 250
6230 4152 7159 1328 8506 10859 6625 11247 5414 2219 8043 1655 657 5820 4409 280 5246 8828 369 365
6231 1310 1696 11246
6232 3272 11246 11012 5907
6233 11246 958 708
6234 3940 11246 3759
6235 10454 1714 972 928 7507 9916 11246 1561 2549 5653 6571 6273
6236 11246 1038 1066 11011 1257 604 11248 11200 716 3952 7506
6237 11246 1038 11012 1562
6238 5985 9208 11249
6239 9473 1380 4607
6240 10207 9721 8784 7195
6241 4522 2558 9504 1977 11250 6341 3803 6095 2193 453
6242 412 7816 10492 3207 765 6808 2763 9986 6095 227 157 946 3096 1233 11251
6243 10196 2001 7711 1698 7990 5880 4861 6519 1431 486 2190
6244 596 9054 204 4946 3823 6095 8912 10479 10969 6072 11253 9773 3567 5258 968 5863 3569 7383 10465 3145 645 4801 2767 3159
6245 10381 4067 4993 4942 1509
6246 6095 7471 1162 1163 9296
6247 4698 4187 704 2296 1603 2116 3962 1604 2854 2298 6095 2552
6248 6500 1169 947
6249 655 10332 4852 6095 11150 5090 7483
6250 3563 739 11254 9298 259 5785 11255
6251 3563 749 1076
6252 3563 10628 2544 6730
6253 4360 3564 824 6129 4889 2903 1161 1163 913 3415 1311 4501 3457 7015 1700 779 2269 5343 3563
6254 3469 133 10413 413 3563 808 2429 58 3678
6255 3563 8370 4230 2747 7590 4036 655 2820 8585 5313 8251
6256 1976 3563 1998 3005 8740 10036 1798 3142 11218 7895 1660 4319 768 11172 10863 7005 2981 470 2052 808 1579 2076 5789
6257 4522 3563 2359
6258 3563 8000 8403
6259 3563 5031 8642
6260 6288 3563 261 4147 4828 947 7166 809
6261 5686 808 1549
6262 10767 9754 1918 808 802 1837 9298
6263 7957 11256 808 1513 7888 2909
6264 7880 4251 5806 808 6157 3896 3053 7733
6265 2573 808 3405 6535 71 1170 5680 9866 3410 4793
6266 4407 775 808 535 5605 1159 2405 6834
6267 1811 8535 9073
6268 3318 374 808
6269 8959 10801 6655 5208 8349 6616 1057
6270 9448 9197 3567 5258 5832 11257 7350
6271 10570 9572 10972 2242 3272 7271
6272 9280 7710 4553 285 9004 5416 2430 5084
6273 310 8256 749 4753 7305
6274 6729 5664 768 749 4669 227 3768 4925 4881 7880 6624 10431
6275 749 11258 7455
6276 1775 4566 749
6277 11174 10829 1415 8145 749
6278 749 3112 2713 1225 3469 7112 2738
6279 4840 8579 10560 749 2574 9718 7219 7792
6280 7197 1195 1214 749
6281 596 2574 138 6076 9291 6740 439 476 1660 5898 311 697 4984 9950 5343 828 1803 9229 7050 9209 2431 5196 2336 4359
6282 596 311 9810
6283 596 10949 5254 4600 8336 227 8146 5599
6284 24 8171 11259 3325 10922 596 2980 883 4095 11260 4251
6285 7291 11002 656 786 181 4124 6139 4698 2483 6650 1594 1593 36 2666 1597 2284 2293 2882 2398 842 2354 2399 31 2489 2758 99 2290 3095 1602 2392 2485 819 10157 2117 2886 2884 8288 11261 5272 2263 4412 3664 596 2534 2308 3966 3968 3967 1617 852 2409 9771 2121 4635 2122 2212 2671 2320 7225
6286 4664 596 588 1406 7788 8652
6287 4881 420 1352
6288 596 3336 1694 805 1696
6289 777 4289 1551 6898 1769 5831 4654 7572 8990 3352 7988 596 7194 932 4515 204 8412 1134 10345 2902 11262 8443 1943 9236
6290 596 7635 8090 9235 2040 5476 197
6291 1532 837 596 8510
6292 4438 596 7767
6293 2572 3308 1479 6984
6294 2238 331 261 9245 596 2672 2425 9277 411
6295 6958 6893 3376 596 871 7515 10981 5360 4086
6296 596 2057 361 5343 1287 2061 3691
6297 7221 596 1761 2139
6298 596 1668 8091
6299 7573 11150 11264
6300 596 8973 6867 2220 9722
6301 6743 596 2718
6302 7046 6540 596 10371
6303 4675 1278 1697 7541 2744 596
6304 3936 3239 871 7756 7859
6305 11228 185 596
6306 596 1161 6481 7767 1535 1537
6307 596 10375 227 4867 3792 203 3469 4819 1192 2085 1403 5232 5989 4762 7106 946 937 10374 6556 5093 9587
6308 4955 445 596 5379 6671 6554 7252
6309 9362 596 3383
6310 596 8539 8912 7978 1169
6311 3696 5090 596 3564 1230 243 8510 11153 7969
6312 596 1566 1732
6313 544 11266 596 268 11267 685 10044
6314 4965 596 2679 3684
6315 596 2001 2190 9259 5365 11268 4406
6316 1229 695 2006 596 6826
6317 864 596 1527 3539
6318 11245 588 1737 4788
6319 7408 596 1403 11269
6320 3202 3834 596
6321 596 2227 7009 7445 4610
6322 1372 871 596
6323 5695 2693 3600 417 10025
6324 596 376 747 8181 4594 609
6325 4328 596 227
6326 2613 1798 3272 6985 54
6327 596 929 3323 317 3834 624 263
6328 596 7216 7449 2572 5719 5286 1655
6329 204 596 3364
6330 596 1761 757 4066
6331 7372 4804 596 2006 3415 7740 4208 11271 1290 4303 8335
6332 2799 1360 1131 4923 1765 777 1838 2918 2017 10383 1979 1704 5509 5132 6231 3581
6333 750 4916 89 1630 1796
6334 3505 2067 750 4881 5163 5666 7143 4232
6335 750 259 3953 11273 7982 432 138 9484
6336 4406 9212 750 1660 1153 6555 871 1743 929 3395 5364 1984 1535 587 11168 4732 1781 111
6337 10862 559 3594 750
6338 750 559 3407 6263
6339 1160 1410 750
6340 750 585 2136 317 1654
6341 750 11265 1169
6342 8756 750 204 261 157
6343 2384 2876 7993 770 2486 2588 2206 1084 2491 698 3959 2118 2163
6344 2797 9206 6672
6345 7701 4834 2102 9886
6346 3103 4354 8624
6347 2744 5295 374 190 10253 9413 8043 1137
6348 2744 1020 806
6349 3765 5770 2744
6350 948 2744 6540 9557 6903 8914 10745
6351 2359 10705 2744
6352 2744 651 3272 3204 10170
6353 3032 1800 2391 7597
6354 408 1326 739 5856
6355 739 4815 7293 1020 1399 797 6647
6356 1275 6493 4450 6698 5809 1994 3755 739 9543 5806 3770 4748 180
6357 1020 361 739
6358 739 6615 2006 1171 5880
6359 6818 9830 4923 7969 10019 4201 5693 9606 610 122 1483 11275 8640 1451 2697 7703 3362 7202 2421 11276 5551 6101 9490 6601 1255 3365 5959 2715 11277 6374 7065 739 11278 317 918 7179 289 1554 10646 6079 5161 4991 905 9503 5634 5909 1465 10656 10340 8653 2917 10644 7556 3828 2074 10330 9911
6360 10822 739 8437
6361 8411 5970 739
6362 435 8735 1952
6363 435 7983 1334 5710
6364 435 1279 486 742 4999 9565 55
6365 4279 435 4564
6366 6936 377 435 259 6526 5924 8093
6367 6078 11279 3241 435
6368 2577 435 8739 3478 3350 5012 430 1249 1375 2341 1360 3129 3487 3733 2471 101 4305 1737 4790 5680 6241 902 7824 1704 5317 5193
6369 435 2456 3575 1160
6370 10339 8211 2089
6371 3195 5522 8242 5197 5603 6496 3215 435 1020
6372 435 2416 1551
6373 1949 5765 551 947 2624 8535 2474 5432 8367 328
6374 6809 435 8064 1366 5203
6375 8382 435 3495
6376 70 3546 8174 435
6377 7549 2810 9718 5787 435 1015 3631 7225 5788 69 10432 3194
6378 9715 3536 1863 9884 435
6379 435 3091 1864 3076 644 3577 2507 2335 7134 5180 7339 2482 3489 2483 8120 36 1601 3962 2304 3245 2532 3964 853 2409 1886 2410 4125 1629 1626
6380 435 10561 4117
6381 435 6444 5869 7979 3129 11282 630 1206
6382 3230 435 2067
6383 435 7490 1458 9516 5645 4520
6384 435 3350 6308
6385 2238 2730 5174 435
6386 2801 4877 435
6387 435 4552 8134 7874
6388 8029 8962 1171 1654
6389 435 260 1017 3536 97 2025
6390 5466 11283 9114 7331
6391 435 1775 259 2359 1137
6392 5781 5185 435
6393 1553 1360 1137 435 3336
6394 8940 5914 10879 3350 435
6395 435 4930 10921
6396 3737 7692 435
6397 435 1134 1295 10942 3745
6398 435 1401 1675 352
6399 237 2226 435 11063 6802 5787
6400 435 1820 5116 5282 2885
6401 1317 4676 5024 2341 2903 435 1769 2910
6402 11026 1408 10865 435 6793 6376 1623 8755 9622 7903 10864
6403 435 8472 1846
6404 435 242 6337
6405 435 9641 2582 6684 1553 7508 8029
6406 435 5045 1945 1975
6407 5165 1964 435 2549 3340 3341 1 2750 184 1820 11 2876 6969 1878 2205 1114 2523 2068 7061 2294 5282 8059 4980 4357
6408 3200 9747 7932 6631 5116 3481 4069 2205 435 9280 6650 4978 6902 2116 2293 2758 4709 2114 2294 32 2884 2885 263 5550
6409 435 1020 8172
6410 6808 7932 7433 1729
6411 469 6601 5776 9330 5613 8635
6412 9918 6926 631 7910
6413 1578 9058 337 10497
6414 7362 1734 1578 5522
6415 2385 1578 5696 14 16 1876 3482 1879
6416 1163 3028 7632 3515
6417 2449 4104 11253 2854
6418 5950 8088 8089 5458 871
6419 3415 1134 7682 7295
6420 10954 5686 11284 6519 4112 11285 11001
6421 8177 5127 8016 9620 2305
6422 10902 7142 8538 7720
6423 4121 6686 3572 6331 7433 4417 4796
6424 1979 11287 7548 2435 2436 2716 9187 3590 10165 4618
6425 2749 1982 1819 2017 4862 4354 1864 2697 1876 1589 2480 7305 6445 168 4830 3092
6426 650 869 278 391 4301 330
6427 333 7517 330
6428 486 3327 4354 330 8941 2217 4577
6429 551 4919 330
6430 1094 4407 4946 8872
6431 1451 3925 2931
6432 5322 9707 9100
6433 10580 9034 7436 10166 142
6434 9093 4050 9388
6435 5278 9034 2611 6229 8413 937
6436 6223 810 11044 1846 1428 1271 1857 9 2475 20 3139 1890
6437 453 6254 3536 1017 5822
6438 8311 7797 4234 7284 2202 6930
6439 2955 2513 6225 1764 1765 328 6347 1599 5721 8145 8891 4732
6440 887 2017 7292 2645 10 1861 4354 2110 642 5696 3129 702 2878 3481 22 2755 2665 2205 2258 2879 8168 2206 4188 2487 2158 4630 6543 4251 2766 4843
6441 6924 743 1517 6157 947 9065
6442 142 1517 1928
6443 9159 1517 1495 11278
6444 5088 1348 1517
6445 9187 7374 1517 5983
6446 4804 1517 7117
6447 2426 2702 3080 1517
6448 1517 10889 11278 10923
6449 1517 9260 4344 7977
6450 318 1504 9667 7070 128 1517 1743 3579 5180
6451 3195 10907 5651 175 786 3309 2654
6452 116 2704 1000
6453 11288 3205 8935 1660 4511
6454 11289 3611 38 3636
6455 5482 11289 4300
6456 9688 3634 8429 11289
6457 4005 11289 7032 11165 5393 9313 11291 6900
6458 194 6772 11289 229 6923 10853 7755 275
6459 11289 10978 10940 321
6460 8437 8301 1581
6461 7122 2802 2801 19
6462 11 4067 770 1590 2483 2322 1084 1881 6179 2532 3511 1618 1887 856 1612 2212 6957 2843
6463 1574 2805 1137 9662 7340 2115 2116 2526 2401 2855
6464 1574 2801 2750 3998 1860 2876 6431 20 21 7236 31
6465 2801 1574 2203 4257 2478 2157 1592 31 1084 2274 2400 2117 2492 4893 6213
6466 2801 454 11292 10477
6467 2801 9483 1931 6191
6468 1574 2806 0 5098 2524 4257
6469 7342 3998 1183 2135
6470 3491 1660 11293 655 5125 4345 10013 6847 6821 3537 8746 5735
6471 5546 1194 8786 8533 6174 3746
6472 8801 1216 624 1769 7119
6473 9825 994 8826
6474 6170 7733 9628
6475 5537 8148 7943 5935 4788 3224
6476 597 3635 703 4704 507 4956 1598 11294 2745 6481 6804 11295
6477 1360 9559 5825
6478 700 6 6189 2257 4501 1585 4067 3088 2258
6479 3420 359 7086
6480 8365 486 3420 11297 937 11298 2240 5569 10694 3272 3022 3043 63 6286 2792 289 5001
6481 4732 7450 1112 3420 1124
6482 1429 4820 4129 6349 3420 101
6483 3420 7525 3205 7406 1086 1236 11087 475 4096
6484 7011 7010 7353 4884 4886
6485 3420 1605 1857 2750 6 4862 1820 1858 9 2647 1860 2110 2876 13 1585 786 6352 477 1875 2258 28 2291 2164 2886 3245 2321 3249 1824 1626
6486 1775 3401 1090 8933 388 18 3420
6487 3490 3492 1052 6387
6488 4772 11299 9002 6692 9664 9003 1052
6489 11094 1052 3768 2648 7352
6490 170 391 5214 4009 3193 4977
6491 1052 1752 761 7002 2866
6492 7530 513 1052
6493 3131 5390 7634 1052
6494 8550 1702 1052
6495 2372 672 2369
6496 2192 4358 8158
6497 3660 571 5889
6498 2465 9768 2100 11300 2357 4058 6921 2453
6499 268 5889 6244
6500 5889 3482 4069 706 8059
6501 8435 5889 1922 4904 2238 9798 1150 11059
6502 5295 3362 7534 5889
6503 2340 4338 298
6504 1588 1590 6954 1886 3246
6505 4436 7463 462 2278 4081
6506 6865 9879 3022
6507 9840 1020 5120 6136
6508 1760 4301 6011
6509 1264 594 672
6510 7764 6205 8972 455 2476 2745 5002 1137 5098 6101 2205 1587 1114 1488 2525 4187 432 911 2488 2295 2485 2283 2284 807 2290 2292 3243 9624 3964 1288
6511 5203 7965 2768 6327 780 8688
6512 5477 4881 1638 9283 5666 9123 3703 5204 728
6513 8828 1640 4577
6514 11239 7291 7254
6515 5901 1655 5521 8745 9269
6516 5234 5626 3534 2572 2917
6517 1961 5434 2987 1769
6518 3860 1961 2426 844 786 1881
6519 11302 1961 9957 5980 10091 6146
6520 9136 1350 1961 7090 9528 7932
6521 6953 8896 9351 1961
6522 1134 1961 5352 8258 3555 5680
6523 3286 4321 4961 5975 1961 7652 888 6438 8104 898 6338 4784 1206
6524 1961 724 2694 1090 66 3811 11303 11304 5594 913 2350 1972 509
6525 1961 1360 586
6526 3746 6598 1367
6527 5209 1797 4021
6528 11305 9755 10847
6529 1183 1295 4636 237 2740
6530 7008 3664 116 157 873 1137
6531 11122 4042 2613 9101 10907 1082
6532 10705 7388 9816
6533 4396 2278 4329
6534 2702 9201 2348 662 10153
6535 8823 1879 2281 3488 2174 4696 2118 6543 9861 1887
6536 11244 6915 3002 2998
6537 2476 1876 9924 6101 6517 4183 11306 3971 618 4807 4674 5009 4696 6970 5408 1790 4251 586 190 2197 6534 5424 3139 1617 1618
6538 1862 8832 6491 6423 6073
6539 9928 9291 1063 9934
6540 11308 3334 7243 1727 1347 4975 2041 3169 9445 4253 357 3717 4273 8216 1211
6541 8805 5924 9031 5414 5916
6542 5708 5414 5556
6543 7082 9706 1488 5489 8375 5414
6544 7866 7672 5414
6545 5414 227 1045 767 4270 528 2242
6546 10880 6099 6074 5979 5980 460 9271 8504 11255 4401 1170
6547 7149 3555 2329 4180 2450 165 432 6473 3173
6548 2891 3362 5149 513
6549 7311 318 11309 3724
6550 6896 7849 3012 209 11103 1447 7311 7770 11311 8704
6551 7545 2481 9914 58 7542 7311 11312 2568 908 7859 10555
6552 7311 5416 5805 599 3393
6553 4034 1660 731 4591 58 7311 4949 2707 3133 1216 1247 6416 4451 10961 62 4406 5847 2100 903 6666 10918 1982 210 7015 8816 1509 1161
6554 1329 4229 7311 201 10985 2415 8359 2747 2558 4439 9578
6555 4847 1350 3737 2602 8260 3547 7910 9460 742 10778 8123 6046 83 2700
6556 5840 11308 319 3737 6744 4454
6557 10846 352 898 8656 9212
6558 3737 3599 5134 4284 4934 1055 4884 3013 5844 2768 8367
6559 3737 118 7307
6560 3680 4799 10792
6561 10026 3737 3691 2423 4682 3084 4412
6562 1405 3737 6108
6563 3737 11313 551
6564 3737 2613 7703 2614 142
6565 4232 3737 2258 3240
6566 7990 8548 9407 6340 11315 2466
6567 3737 4187 2295
6568 3737 2183 2422 1238 1696 317 4799
6569 3737 4847 8140
6570 3737 6799 6157 5338
6571 3737 9046 336 6022 2210
6572 8010 3737 5652 10712 9086 4182
6573 4147 236 5482 3716 3737 7954 1696 5283 3794 11317 10886
6574 9305 2110 8233 1553 3737 5841 9364 9791 11054 4406 4196 2414
6575 8787 3737 3188 5303
6576 1376 3737 8062
6577 899 485 1295 3737 8995 3057
6578 1264 2713 624 250 5946 7184 2085 551 4675 4819
6579 9013 6613 7643 1264 2479 7339 4349 2684 1606 1609 1610
6580 1264 9228 1150 6445 8615 11318 516
6581 3297 8249 1264
6582 1264 1669 278
6583 1264 1029 8904 10044
6584 1264 3230 6205 2518 786 20
6585 16 1264 290
6586 1264 387 6511
6587 6648 4877 2835
6588 8832 1832 10525 8176
6589 8832 953 2609
6590 8832 8733 9457 9707
6591 864 8832 477 1125 6090
6592 1848 7738 2025 8435
6593 3690 725 604 960 75 6883 11200
6594 4240 1857 6 1820 3952 3998 6612 3074 1861 6189 10 9 2876 2751 3088 1877 2477 36 2114 4706 32 4697 4698 4978 6650 6902 1962
6595 6635 3958 3860 3201
6596 7746 4385 1355 1217 1980 2596 5474 3577
6597 3825 2204 7397
6598 1433 9811 11319
6599 5941 4268 6499
6600 7748 9504 5493 5556 3595 729 551 10937 3826 1836
6601 4286 10459 150 11320 2700 2790 2922 8979 5681
6602 4828 5741 4511 3158
6603 3385 4102 2160 81 3636 9516 4520
6604 1695 1676 9315 1436 1667 1760 5184 116 8551 1679 3129 4067 2388 4109 3481 3580 3153 952 2280 2480 2479 4326 4264 4698 6902 4697 2485 807 2283 2287 1597 1593 2284 2484 2392 1594 1596 2159 99 2666 74 2285 2396 4356 1591 1592 2395 2116 2407
6605 1549 10907 1170 4732
6606 9332 1513 3803
6607 2722 6464 2714 7327 2017
6608 7327 1319 1407
6609 1972 6432 7327
6610 4950 1477 7327 4857 7984 6783 3283 333 2626 590 3809 2624 588
6611 7327 4090 18 4583 11321
6612 7327 7846 4857 10800 467 4116 1371 4119
6613 3341 4780 2979 5393 2341
6614 610 9366 7327
6615 6718 1778 449 1818 10791
6616 477 7292 545 8326
6617 4857 2581 2359
6618 4542 382 2502 4857 318
6619 3370 6507 5428 4857
6620 4857 10980 8508 1247
6621 4857 1955 168 3772 9188 7288 1994 3648 798 764
6622 4857 467 4118 1704 3012 2986 4096 8038 7453
6623 9339 5416 4857
6624 1044 4857 2445 10877
6625 4857 3352 7849
6626 7288 5028 2238 4857 467 1989 481 3825 3783 7652 5266 6791
6627 478 3804 10 2830 4611 6794 3325 2985 4857
6628 869 1585 2131 898 1327 4857 3809 8277 504 10223 10120
6629 10975 7455 7453 10216 9469 10844 4096 10500 11258 10843 11323 6347 1583 4102 7622 7817 10839 5138 6999 9315 4857 4398 9119 10511 10763 3024 3924 1391 1098 7058 7673 7078 3477 10361 2074 3410 6937 9262 11324 5668 11319 7544 9914 1134 285 3745
6630 4857 9777 8494
6631 2198 2829 3802
6632 6533 11036 4857 3126 1360 7622
6633 4857 3049 1217 4621 1919 7923
6634 10820 1513 6531 7585
6635 4857 5413 105
6636 4010 2258 1598 10897
6637 2454 2891 878 3779 2512 4806 2745 1137 6561 3851
6638 3407 11231 4806 1588
6639 1498 2637 5973
6640 2451 5637 4806 5656 1519 6268
6641 4039 2722 6341 894
6642 7300 65 2722
6643 2722 1247 2429
6644 2001 11142 387 170
6645 241 1714 2722 4478
6646 2722 1336 10822
6647 2722 4732 105
6648 615 18 2722
6649 1114 2722 318
6650 8410 2722 2022 2190 3677
6651 6152 3397 8019 2722 11327 7994
6652 7995 8085 1134 285 2861 1547 621 3492
6653 9651 8494 6046
6654 2722 2138 7332 6310 8050 10860
6655 7467 3252 2747 326 5405
6656 69 2978 7703 615 2722 3389 1206
6657 783 27 2722 83 70 1342
6658 3723 2450 2722 1553 1450 2377 6271
6659 3913 352 11023 2238 7185 11133 222 383 2823 168
6660 3623 6283 1741 2271 4570 3020 3153 2722 1281 9028 1329
6661 2722 1519 11072 7824
6662 2722 318 865 10737
6663 2722 9853 2394
6664 8985 2722 917
6665 9149 2722 5041 607 7703
6666 7882 4956 6639
6667 4034 5535 4478
6668 6533 827 1660 4034 285 2190 7455
6669 1583 1344 4034
6670 9831 4034 58 5792 1798
6671 4034 7850 597 4162
6672 1086 11249 218 11328
6673 4773 1745 4034
6674 6214 2803 1544 516 8221 5662 6097 10326 1709 6787 9693 4034
6675 4034 1908 5919 3054 10423 11329 365 2190
6676 4034 3182 208 2573 2030 4439 3823 363 2306
6677 4034 7698 6839
6678 2809 845 6634 896 4034 9474 101
6679 4034 8320 4079
6680 831 5912 4222 1296 8493 5398 4792 4793 4350 157 7839 6680 8431 469 1519 4746 10079 579 1948 5713 6180 4949 10865 4034 333 869 4030 8487
6681 4034 2645 11 1588 2157 2258 2757 845 2116
6682 7566 1229 4034 5176 10955 4515 6799 11332
6683 4034 9065 11333 7771
6684 70 1441 480 2020 4034
6685 6666 10437 5421 5990 5991
6686 3445 318 6700 303
6687 261 1163 318
6688 318 3336 2628 2454 6568
6689 1080 942 318
6690 318 9193 1907 8493 4385 1137 338 482 10961 7839 227 9227
6691 2890 18 318 11334 1519 822 387
6692 1464 8244 318 3170
6693 9926 6410 892 7946 8154 10323 7585 1234 11335 321 2039 3170 3634 318
6694 1758 318 3292
6695 521 318 472
6696 318 4254 6937 1922
6697 3594 318 242 1342 946
6698 318 45 7838
6699 2737 2368 865 4611 318
6700 318 5352 1654
6701 318 3286 3560 72
6702 1347 7295 1165 318
6703 352 4385 318 551
6704 3955 11337 1988
6705 7728 3334 4651 7422 2445 4656 318 9631 5185 6503 204
6706 929 1160 1535 3118 4386 912 8528 318 6802 204
6707 639 4606 318 7838 9275 1198 1212 6596 3256 5034 8322
6708 318 138 1216 2373
6709 3398 486 58 10727 10046 318
6710 318 5076 2652 10889 5077 193 194 10761
6711 3330 4292 70 10943 1654 318
6712 835 6932 318
6713 318 4451 4333 1654 3362
6714 270 318 278 3322 9346 4656 7416 440 2141 1238 2481 8294 6135 7737 10963
6715 2738 1216 624 3085 3395
6716 5400 318 128 340 11339
6717 318 4192 4684 5755 70 1379 2132 2454
6718 3061 6391 1464 318 122 128
6719 317 11339 5348
6720 3334 8950 3575 2453 10412 318
6721 9261 2103 3060 6058
6722 318 7008 486 11340
6723 318 2449 873 2962 128
6724 3723 318 9583 2922
6725 2087 11141 2243 11341 5604 1754 9006 10674 318 5862 3193 2078 2656 2010 2233
6726 9601 7919 5169 318 2621
6727 11342 318 9655
6728 10678 5974 5076 9675 7411 325 3170 318 9845 5919 10761
6729 318 321 9845
6730 1301 361 7471 318 4552
6731 1671 1687 120 318 1674 1678 4883 804
6732 10341 8704 2747 1654
6733 3209 318 873 1654
6734 318 7434 7585
6735 318 321 128 2548 9668 6746
6736 4874 607 2894 1137 3439 7106 8821 9363 4097 2426 318 227
6737 4847 1137 3923 11343 729 929 8502 3538 413 318 10306 2947 2628 133 1449
6738 8293 7963 318 1359 2628 311 1696 503 10547
6739 318 7206 362
6740 5872 7049 8262 2442 7069 128 619
6741 318 3170 5076 321 128 3800 7070 11344
6742 318 3404 111 7070 1503
6743 7114 11345 8270
6744 11346 494 3906 318 4182 1545 2594 6830 128 7080 7559 6214 7820 10971 3793 610 609 7562
6745 2422 5881 318 11348
6746 445 4406 3802
6747 10567 5474 9640
6748 786 10567 9214
6749 467 10567 1983
6750 10567 2454 8637 5606 3386
6751 3189 6584 10855
6752 3927 4284 9290
6753 10013 11254 2227 10567
6754 6474 1135 1385 249 5575 6551 2723 5020 10567 8435 1345 7086 10159 387 11350 24 2553 6126 398 1409 6277 8744 1360 3282 8745 170 9762 4536
6755 4795 948 10558 1081 9396 3097
6756 4795 3239 1161 1163 204 10657 5862 4813 414
6757 4795 3652 2376
6758 3787 4795 2451 3445 3375 865 2377 786
6759 2731 5710 8940 494 1857 4795
6760 11351 1544 4795 2243 5785
6761 301 122 7800
6762 4795 9571 1161 1163 3331
6763 3323 3834 7255 545 153
6764 5090 545 7483 3198 1508 3438 321 3295 207 1011 6057
6765 545 7753 194 5431
6766 9327 2585 8462 2512 3415 7616 4167 5242 259 3066 2153 3802 5141 11352 5149 3524 5996 11353 6526
6767 5275 4756 545 11354
6768 4829 8426 786
6769 545 7101 10958 8655 122 2865 1207
6770 10143 545 8955
6771 3804 7294 453 545 5219 1975 9799 4216 7192
6772 3112 577 545 3106
6773 322 7206 679
6774 9241 545 2598 2747 70 5708
6775 9952 5229 5038
6776 2160 545 2628 2931 2973 2631 2866 1736 3607 203 9431 8115 40
6777 5228 542 7019 545 10320
6778 4552 1630 7471 582 545 2454 11355 3202
6779 2050 783 7185 285 7617 7772 3607 5523 1248 545 72 4991 5138 3505 10320
6780 4148 3575 45 545 9808 290 1238 1783 624 1829 142 7960 3182 892 128 413 9963 11356 7107 10820
6781 545 10836 469 5030 1906
6782 4239 7306 6896
6783 2439 4239 2107 227 2562 508
6784 9312 4991 4239 8949 4474 7820 2723 1648 10591 11139 5622 9722 2394 1451 10891 610 124
6785 4239 7067 2237
6786 1156 170 1137 5618 108
6787 2862 170 6167 386 5194 1054 387 1821 5847 11357 5343 1271
6788 170 6261 3051
6789 170 8077 2262 10566 2467 1005 5613
6790 7636 170 5914 1203
6791 5633 170 624
6792 170 2813 2479 2524 2280 4250 2112 4378 7348 704 1553 4698 2395 1597 2286 2666 1594 807 2396 7340 2283 2293 1596 2489 2163 1603 2883 3242 705 2115 3962 3961 3511 3964 1823 3966 2410 2409 5738 2212 3520 1626 1627
6793 8028 170 2442
6794 7722 165 7972 913
6795 761 2254 170 2426
6796 170 2001 386
6797 7589 170 2001 2862
6798 170 551 10990 548
6799 170 4880 2598 1965 11359 9386 6026 1483 1479 4637 11360
6800 434 469 170 1360
6801 3005 1137 9809
6802 9342 4929 4910 170
6803 170 6134 83
6804 3092 1274 1908 8604 4696 2291 2159 2158 3959 31 2162 2163 170 2164 4630 706 4190 4995 4997 4996 5424 5992 1823 2407 1618 2169 2408 3139 2589 1886 1628 2171 3247 3521 8547 83 3183 4814 1889
6805 170 7144 391
6806 5775 1580 1576 4874 170 2429 3259
6807 170 7990 2913
6808 170 2001 7391
6809 461 170 2001 328
6810 6357 6171 1704 6841
6811 7106 2605 8678 3971 3806 948
6812 6474 170 6472 3544 11236 908 6261
6813 170 4962 9903
6814 2030 1797 4923
6815 170 387 10 2987
6816 170 2001 7211
6817 170 9850 6491 8758
6818 170 6473 5214 391
6819 411 272 170 3239 1660 5551
6820 170 2001 391 5214
6821 8760 2001 6805 9904 5469 3002 6326 1215 2998
6822 170 6261 2486 1078
6823 170 6505 3175
6824 7493 170 2001 6261 391
6825 170 3175 6057 310 2058
6826 9528 2102 4233 1308 562 7067 10883 9396 8285 2395 2526 170 7535 2426 3544
6827 2804 170 8576 11362 5900 8564 9735
6828 9564 8374 11143 170 2001 6963
6829 170 4879 2190 3834 3481
6830 170 391 6516
6831 6434 8328 97 11363 3393 5220 2961 666 2336 8094
6832 1954 170 2946
6833 9457 8264 5522 638 2678 5981 2017 1418
6834 453 10491 6261 5157
6835 7971 374 7953 819 2712 3151 2254 2100 853 9939 293 4286 454 477 5474 5157 295 11364 5214
6836 5157 2110 1635
6837 6474 2001 3175 2862 391
6838 5466 2344 2956 1908 1919 5157 2001
6839 2813 8950 4502 166 2818 2161 8168 698 2164 2855 5157 8140 387 7826 391 258 4814
6840 391 5157 3175
6841 1041 5157 3683
6842 8741 4863 2983 1360 1309 1827 431 988 101 2008 5157 9993 5255 2130
6843 6025 1003 3664 7650
6844 4695 4063 2006 4069 5465 9888 856
6845 4695 2174 6422
6846 4695 1079 2486 3668
6847 1977 5475 4695 6814 5094
6848 4695 551 8018
6849 4192 7702 11176 7859 4695 8410 4331
6850 6853 6505 7149 10378 1778
6851 9767 3888 1217 5474 2343 1080 1704 3833 1125 1403 4349 2254 7576 2006
6852 7760 2006 2245
6853 2006 509 3464 8708 7372 493
6854 2006 3297 1134 72 8618 551 10801 9457
6855 2041 2006 1769 1977
6856 469 2006 4120 8798 560 2100
6857 2984 11307 2702 3411 555 2025 2006
6858 3743 5759 1187
6859 1385 2006 38
6860 2006 5653 2712
6861 3189 8008 4379 3362 2006 8018 920
6862 2006 905 9506
6863 2006 9298 7239
6864 2006 6825 3410 5713 2310
6865 1050 2006 6268 11140 2226 2757
6866 411 2033 278 516 2044 1928 2038 1646 2006 4748 8023 5405 9222
6867 453 7767 2006
6868 7819 7049 1489 2006
6869 1732 414 826 8100 9838 8576 10888 5917 3360 8864 1134 2358 2417 4816 7931 2006 827 811
6870 5169 8270 2006
6871 2006 45 3000
6872 11313 1416 7346 3064 11367 4442 10942 2006
6873 6031 5749 2006
6874 7529 5429 2006 7397
6875 8818 4684 4685 2006
6876 2006 8018 9355 11368
6877 2006 258 8017
6878 2030 5847 3579 2006
6879 109 8858 1129 2006 8554 92
6880 2006 5312 8018
6881 2006 295 5810 2506 7672 7043
6882 2030 474 4456 11369 1098 551 1150 2006 1135 2344 9945 9629
6883 894 3933 4851
6884 894 4577 2895 317
6885 10018 90 10011
6886 2017 894 6912 624 1104
6887 3346 894 3345 3871
6888 894 1909 1364 2985
6889 11371 3075 7824 4088 9699 894
6890 8028 1141 1598
6891 2127 3958 2727
6892 3846 9679 6063 615 1272 7397 7514 894 627 9402
6893 1112 159 8815 894
6894 7767 6048 894 748 570 477 3396 1017
6895 6741 894 5074
6896 2262 1425 4925 8065 3090 210 1460 3052 7534 133 6275 2001 738 317 1553 3951 1405 3510 168 2466 3108 2581 6382 1014 3605 1005 9757 2723 571 1693 2450 2212 8329 6545 3890 8941
6897 1924 9704 7841
6898 2877 6206 656 2882 2293
6899 2190 1079 1498 8529
6900 8198 1585 494 8062 4067 8529 5381 5221 2359 383 3990 2258 2483 4697 4698 4978 6650 6902 2525 4705 4706 2114 32 2758 2400 2489 3095 2588 2399 4813 2293 2398 4709 2487 2488 1600 916 2274 2160 2397 2882 1602 2486 31 99 5715 2294 842 2290 2291 1601 2116 2115 2117 2118 2403 3962 2404 2298 3961 3110 2885 2884 2886 3508 3509 2582 3964 2669 50 2324 6193 3967 11295 8851 2166 3966 1617 853 852 1618 2409 2208 3965 1619 1611 2121 3137 1609 1610 1615 1616 4635 1883 3968 2122 2410 6194 4720 6197 6195 2325 6196 6198 2411 4725 6928 2315 2671 3140 2320 1626 6355 1627 3519 2214 1887 2215 3520 4308 4309 4731 4312 2673 52 7317 4313 6201 3548
6901 8529 8884 1090
6902 1635 4799 4294 8529
6903 4340 624 3926
6904 2174 4465 4463
6905 3998 2111 9322 4245
6906 4000 6816 4792 4793 6527
6907 11372 5575 8731 2988 6816
6908 1176 7158 6816
6909 6816 718 10036 719
6910 6816 6045 2794
6911 6648 9938 4169
6912 7943 9492 2599 5393 5659 1273 4271
6913 5982 9283 9297 2977 1470 11373 10064 7613
6914 7525 958 8674 11217
6915 6352 6101 1587 4257 3955 1114 7339 21 2757 1598 6665 31 3493 2397 4630 4190 4995 6178 851 3135 2311 1884 6109 4357 2409 860 2212
6916 5456 3955 4154
6917 1876 22 4378 3959
6918 8264 7446 7488 3012
6919 2632 5900 2074 3955 1094 3012 4119
6920 8534 4174 3955
6921 898 1408 590 3955 6689
6922 3955 4689 8793
6923 254 4836 6456
6924 10823 1137 9747 1092 1932
6925 10823 6993 1974 10807 8998
6926 2332 10432 1296 1807
6927 9311 6153 588
6928 72 5002 7173 387 7839
6929 3611 1551 5563 8492
6930 10794 5508 3611
6931 5120 3611 8058
6932 10785 10390 122 1478 2242 1483 3611 7117 2221 8341 10352 7804 3410 472 2243 1048 63 11013 10694 2188 1098 7390
6933 3611 2154 2286
6934 11113 7106 768 1732
6935 8739 6159 7521 8964 3002 1157 1704 10122
6936 6958 516 1017 1216 586 2269 3270 2268 8960 3611 1199 9283 3989 1907 4675 3323 252 3688 872 6060 508 913 3170 2718 4409 2719 7437 3279 317 361 3395 6021 3334 3389 278 321 2712 2057
6937 2643 11375 3301 10690 11080 1133 3680 667 3611
6938 5522 3763 5432 11377 11313 5135 3611 5320
6939 1771 3611 5302
6940 8717 7114 5205 1558 10930 3295 2607 3611 2626 4467
6941 8511 3611 5467 2022 11378
6942 3611 5205 9151 2231
6943 326 3739 10700 3611 134 579
6944 4892 474 183 11300 275 3611
6945 3286 4552 1096
6946 1704 2190 2143 88 6120 2949 4594 3998 3433 3611
6947 788 101 3611 8208
6948 3611 2642 6349 1903
6949 5323 4767 3379 6396
6950 3611 8176 5385
6951 1137 1334 5364 6504 3085 9246 7620 3871 11226 263 3834
6952 5173 2441 5577
6953 9636 5467 3867 4114 5106 2305 7804 474 3410
6954 1554 1194 8774 3611 4159 4510 7554
6955 8001 3835 7573 4328
6956 11379 3611 4114 1047 11378
6957 2113 4502 2486 2396 698 2116 3242
6958 7951 5614 474
6959 4586 3897 5640 865 5614 144 8660 2002 5467 1194 8687 2203 3848 2351 3374
6960 4228 6126 5614 2666
6961 5614 4103 2226 1605
6962 2449 2096 5614 1207
6963 5614 8969 2305
6964 5614 1044 3741 7804
6965 11380 6750 6873 500 457 2137 3633 3041 6752 10100 10730 11381 827 502
6966 9567 10100 4447 5614 5802 6700 7433 8058 10066 5486 3205 2074 5801 10757 7406
6967 3397 4539 5614 866
6968 5614 406 8083
6969 2867 5614 10754 474
6970 237 8262 2331 1943 4259
6971 5614 4571 10384
6972 4673 10214 5614 1970 6695 6824 5806 317 624
6973 10957 5614 10941 11028 2074
6974 1049 10794 7951
6975 4237 1199 2385
6976 7806 7916 4496 11382 9146
6977 5549 4689 4090
6978 5056 1965 724 4689 2530
6979 4447 4689 551 3707 5366
6980 4689 1044 3412 5467 4455 1094 7525 724 8641 1407 5067 4791 4792 6682 1305 11383 11384 4785
6981 4689 1094 2022
6982 1868 582 6352 1589 2208
6983 11072 737 6727 11297
6984 5195 5984 8159 6119
6985 11052 10346 1869 503 616 618 6712 1598 4803 10147 6642 8694 11272
6986 8327 1555 11010
6987 597 4486 4406
6988 5760 6203 4844
6989 10185 6203 2017 6925 4765
6990 1775 4828 3862 1150 5265 275 5323 11272 6203
6991 6203 11387 6762 8924
6992 5112 3379 4767 655 4511
6993 1003 3379 48
6994 3379 4162 1797 7149
6995 3379 434 8044 10351 7695 8768 2626 4331 5368 8672 3953
6996 2702 1640 6669
6997 6798 637 630 4551 11388 8525 2954
6998 6701 6699 3379
6999 11072 3379 8222
7000 481 2431 3379 10211
7001 976 3953 9178
7002 3379 551 1724
7003 3379 3834 7066 261 3060 2076
7004 3379 2105 2205 807 2283 2159 99 2241
7005 3379 7296 5396
7006 5995 4591 165 46 3379 4398
7007 551 2496 3379
7008 242 3660 628
7009 5644 7791 4767
7010 3379 4944 9253 902 7832 2158 908 10222 1555 1556 2730 5154 6259 3082 447 5509 2510 1379 2450
7011 3379 2723 1192
7012 83 8951 3379
7013 4064 9561 4120 21 4696 916 2491 845
7014 1404 1294 5537
7015 3545 1404 1806 7375 5997 8741 11176 6004 4559
7016 590 8757 1729 11390 5605
7017 11391 6849 2254 1921 8403 1404 2186
7018 1404 6714 11058 11075 2370 9711
7019 2238 7710 10034
7020 1736 1404 1806 4090
7021 5010 1404 493
7022 4804 2067 2575 2573 572 8908 6735 822 4784
7023 421 2226 4787 4790
7024 580 1404 9246 2527 10975
7025 1404 5584 7846 5537
7026 10033 1404 5307 3015 10901 622 5421 5520
7027 1642 4898 1404
7028 10843 5219 8813
7029 1642 5801 633 6685 1404 1090 9844
7030 3813 8534 5537 4787 590 588 3226 2359 5800 3939 6685 2464 5489 551 1169 1729 10909 5584 3082 7580 1404 5230 9762
7031 10715 1404 551
7032 11150 737 11026
7033 11026 5059 2054
7034 1746 3551 11026
7035 4522 2496 7909
7036 9506 4522 6641 1623 11172 1042
7037 7436 1134 4522 6328 2607 5938 1001 2631 3445
7038 9037 3950 4522
7039 9665 5606 3272 61 4522
7040 4090 6144 408 1952 10354 4522
7041 6646 4522 10864
7042 194 9699 9787 4522 2623 4121
7043 2047 5288 9439
7044 4147 3956 1573 2238 4272 3194 4828 2607 8403 5629
7045 7174 11365 9659
7046 6287 3877 159 391 5474 285 11395
7047 8099 11396 3340 4379 4770
7048 6689 242 8188 2024 311 10174 4320 924 2622 9429 9757 10143 3034 873
7049 9969 588 6689
7050 8969 6640 88 3044 3382
7051 10684 4363 691 5617 7999 7578 8354 4361 1424 1853 10969 2656 11397 6903 2381 9082 1105 2022 8967 9682 4949 2044 2036 3724 7712 261
7052 8894 1126 7625 6447
7053 5235 9805 6963
7054 2479 2330 2117 2118 432 2596 706 4893 2502 4996 4529 3047 3244 4635 3246 5716
7055 72 1933 5625 5527 3636 3277 3958 11398 4809 5076 7070
7056 1702 7195 6431 1933 2632 3732 4376 4482 7606
7057 4119 1806 3734 1933 11278 9974
7058 6640 10254 9251 1933 11077
7059 11067 4246 1014
7060 2041 2016 650 1295 766 1519 1796 582 3023 1247 1991
7061 1519 10974 627 1554 11331 2002 484
7062 2017 6711 414
7063 1648 9551 6273
7064 7922 524 11189 6813 2995
7065 6644 10244 3770 3012 4573 7343 5200 5131
7066 1192 6644 3219 10304 2600
7067 11399 2076 6644 10919 7808 2938 8414
7068 204 8208 8179
7069 8230 1506 6644 1391 2190 4406 9458 10578 8520 10523 3869 1274 27
7070 6644 3547 8029 5049 4944
7071 3334 4847 5295 1302 5234 278 2386
7072 3088 2258 2113 3012 2483 30 432 2487 3881 1883 4633
7073 1079 6776 9751 8992
7074 1106 6144 1134 3635 628 1150
7075 1106 1137 1809 370
7076 1702 10292 10177 328 5481 4450 1094 7430 551 1727
7077 9474 10361 9118 252 6574 1106 10834 5286 551 2513
7078 9116 49 3559 2192 9853
7079 2391 2617 9594
7080 2577 328 11400 4898 10429 4927
7081 1774 1819 1
7082 310 2231 786 11401 8338 1875 1080 844 4577 7881 2451
7083 5084 10632 1770 3987 6470 2430
7084 3849 4426 5012 6674 3104
7085 2017 2107 0 700 2873 6 7 3998 6612 9 6189 1137 5942 786 4978 2523 4977 1084 2293 2398 37 9326 845 4996 5319 2589 8261 6196
7086 3642 1487 783 5468 4107 3112 7203 11236 1602 4863 770 5534 5276 7993 4810 3109 780 2159
7087 11402 9266 822
7088 266 3501 4881
7089 1702 3646 4881 1318 2986 2573 10773 9043 159 10057 11242 5301 1798 276
7090 4881 72 8354 425
7091 1343 7548 4881 10491 9760 2429
7092 4881 8973 4867 8986
7093 208 2422 3453 4881
7094 7012 7353 9671
7095 5234 1347 3236 4139 3660 9487 3804 5363 812 1360 833
7096 9338 5493 6414
7097 9870 4967 10195 9426
7098 3771 7089 6847 9779
7099 8725 3218 4819 6977 8923 6372 2512 8157 2088
7100 10675 6685 1736 4571 6682 11403 11404 588 2083 8725 10839 4558
7101 8725 1342 192 3290 4552 8115
7102 10298 7144 8725 3636
7103 3403 386 1054 415
7104 3403 7188 4095
7105 8195 3361 565 4101 2454 871 1352 5693 1375 9378 10236 192 9379 1540 11405 2766 3861 1655 2922 3669 5508 4654 786 4957 7989 468 11406 2513 3393 888 2445 6169 1133 3403 3581 4670
7106 3403 8251 5061
7107 844 908 5819
7108 1362 7996 4658 4891
7109 10794 8838 1597 2284
7110 5971 378 5232
7111 4619 1050 1066 3410 2264
7112 2257 7689 7649 2961 1702 6624 5992 3508 6270
7113 7689 8628 11407 11408 11409 5265
7114 6083 221 9498 5002
7115 10659 410 2007 7839 7689 5653 878 7280 10215 8192
7116 5009 1295 5219 96 7989 1129 2767 4409 11053
7117 4422 7027 6683 4423 11410 10490 1135 1005 5082
7118 1249 3880 604 3752 2660
7119 833 11267 3660 2451
7120 4847 891 4977 46
7121 3865 1464 11412
7122 4183 328 8464 878
7123 4045 9006 3195 5804
7124 7461 7156 3865 2741 3043 4618 66 3469 5398 10612 9604 7455
7125 3865 6317 1288 9271
7126 3865 8545 7295 9661 5519 4673 5337 2269 6868 10694 5824 869 7037 5469
7127 1660 8783 8931
7128 3865 2792 10390 7758 1107 8914 10551 578 9876 1471 1465 1483 6828 4199 11414 11415 6034 10445 8448 7563 3043 1481 10627
7129 2600 157 7254
7130 1679 5352 316
7131 9187 5214 7103 2862
7132 6398 4686 7918
7133 3213 3008 1194 7449 236 929 866
7134 10492 3771 827 4412 10522
7135 1144 727 713
7136 4254 7777 6886
7137 1839 2384 4901
7138 3691 1513 2061
7139 5449 959 9808 6056
7140 4237 10211 6880 708 726
7141 3769 9664 4144
7142 1410 325 94 10732 326 128 6592 7528 5108
7143 677 4613 3575 3989 331 5515 4144 28 4502 3092 3959 832 3680 3245
7144 10423 5336 4222
7145 743 10404 4144 3871 1137
7146 9254 4144 5254 261 486 11170 10731 4716 1535 1161 1163 3032 3118 2045 204
7147 3564 3510 2359
7148 5379 352 7722 421 4136
7149 5379 11236 6060 899 2087
7150 7009 1090 5372 2539
7151 5372 8199 2572 2059
7152 5372 2371 6392 4973 650 4938 1175 7622 2542
7153 9692 5372 9371 10950 1483 5569 8257 1194 4006 10070
7154 4642 9932 5372 7032 2549
7155 5372 2238 10727 10860
7156 7008 3002 2359 5531 2254 5705 6306 7353 11416 1661 328 1947 1338 3407 186 4134 1709 6844 1702 242 5372 10995 4882 9599 6431 10860 268 9736
7157 1519 8201 485 5372 7834 72 11395 10981 7112 6942 3009 58 4333 11417 10493 8577 4560 129 9281 2992 67 8762 8944
7158 6533 278 5372
7159 5372 7008 7482
7160 5240 201 655 551 1782 1044 7886 9471 2684 1655 5413 2142 3368
7161 5372 2364 8878
7162 8871 184 486 11418 321 361
7163 5186 407 3911 11419 5714 261 912
7164 3292 1086 1655
7165 10026 3952 8409
7166 2134 3084 1216 11420 5181 905 157 1379 317 8895 9446 1190 3035 3225 6318 5087 8442 2035 5405 4385
7167 1134 1867 2359 8908
7168 11421 3357 4151 7721
7169 8908 594 4826 222 2588
7170 2543 11244 5241
7171 2280 1588 618 3242 2116 706 2492 2582
7172 6814 10740 1598
7173 5855 1727 1708 9115 5450 7532
7174 3814 391 2003 4765 8992 10226 5311
7175 5451 5891 5432
7176 9082 9662 2074 4497 11422 11423 11424 11425 11409 5451
7177 5451 5453 10680
7178 5829 5844 2974
7179 6841 2730 1150 2347
7180 8668 9871 8299 6841 6528 3005 8771
7181 6841 2878 1876 3482 2274
7182 2607 6841 1125
7183 9829 10288 9106
7184 1275 5309 7709
7185 8950 2625 2930 7205 187 5078 157 486
7186 7326 3722 3719 1840
7187 3847 3422 5011 911 6013 3631
7188 2583 4553 1744
7189 2730 5531 3276
7190 387 219 386 4704 5519
7191 869 4746 1248
7192 7633 1812 11149 7954 7230
7193 5295 7954 3352 8093 142 8236
7194 7954 773 5397 2100
7195 1821 558 2573
7196 1813 6696 321 7069
7197 7954 633 1924
7198 7954 1249 7134 10289
7199 38 4467 11175
7200 2644 4512 7821 11428 11429 4513 11430 1474 346 4580 2628 1209 63 4232 8992
7201 2445 3981 551 11431 4456 1451 122 7192 1471 11432 417 6237 11433 1623 48 3375 11297 7124 1276 3126 6407 5328 2023 156 7667 4480
7202 9172 3575 2449 81
7203 7112 8064 2044 3769
7204 2415 7555 2985 4511
7205 11434 2803 8085 7055
7206 4970 1137 3744 1183
7207 1081 8085 290 3501
7208 8085 4895 2737 2083 3650 6882
7209 69 5562 2007 3833 8085
7210 3257 193 345 4680
7211 864 8950 4680 2481 520
7212 4154 3703 4680 3415 7637 3173 6441
7213 2927 10639 7459
7214 874 319 4465
7215 6120 6277 2373 10898 9162 8459 473 1238 1720
7216 494 777 11256 1907 9095
7217 2030 9869 1914 3906 5533
7218 5533 663 10100
7219 5807 462 5533 11435
7220 1775 3077 10126 3413
7221 1585 1093 2157 2481 1546 4709 2885 3110 2884 2886 6109 2410 1559 2320 2671 3519 3247 2215
7222 4048 3549 4051 9722
7223 4411 4048 2387
7224 5805 8478 3181 4048
7225 1069 3653 4048 8161 1326 8119
7226 116 193 1192
7227 2387 2040 1334
7228 935 6891 2960 4118 6440 11156 10991
7229 2648 2331 6706 10416 2014 6766
7230 1314 3860 1767 4096 898
7231 5346 7013 1391 7634 69 5545
7232 11437 7946 7634
7233 5509 7634 8730 2870
7234 3205 7634 3686 9972 9014 9756 11439
7235 9886 1098 7634
7236 7634 1585 6206 10751 2481 6650 2116 7878 7760
7237 7634 2148 321 10396 123 8450 9876
7238 7634 3044 2626 10074 2708 10075 10 7514 10077
7239 7634 9486 8352 4145 888 622 7229 6318
7240 2107 0 7 1820
7241 2712 3151 10681 370 7733
7242 2712 9856 2280 2479 5715 2399 698 6803 2294 705
7243 11441 71 4611
7244 1055 5811 2712 57 7681 9107 254 10365 1953 10351 8142
7245 1272 9671 2712 6931 1704
7246 2712 2893 5872
7247 2712 879 7405 5898
7248 7754 7555 2712
7249 10018 1332 225
7250 3002 4570 2998 9007
7251 10207 11204 714
7252 120 121 4235 6886 4236 6889 118 928 1389 1673
7253 8771 3016 7412 4113 3756 10350 4785
7254 210 5450 516
7255 11442 1876 2258 1588 1590 6954 4991 3298 3950 6650 1598 594 1401
7256 1797 3393 243 9884
7257 3342 1953 4443 4442
7258 7558 8658 8774 11443 4513 4848 1197 4515
7259 3998 9 2475 2109 1864 2126 9112 13 1114 28 2878 166 2117 4705 807 1591 2396
7260 4378 2280 4994 4812 2295 1599 705 2115 4071 2210 2860
7261 11198 6614 6493 8166 2607 5398 8734 10183 6091 2896 1816 1407 6735
7262 9928 11295 5879 6144
7263 11239 6305 6144 4398
7264 3748 6144 4104
7265 6144 6682 122 1465 9161
7266 2381 3701 6854
7267 4469 4222 724 5467
7268 6144 1295 1648 3551 3093 176 1483 4177 3375
7269 7335 5695 2371 11444
7270 1964 6037 2539 1217 1741 1080
7271 6144 4184 7182
7272 8349 10191 9705 6336 813 6144 8234
7273 6911 1118 1125 2974 10029 5585
7274 6911 7425 5880 8136 2540
7275 6911 48 9630
7276 1076 1032 630 1425 551 1295 6204 3689 10649 6911 6533 9422
7277 6911 1287 3453 8214 4654 1514
7278 6911 2625 2013 5532 8019 484
7279 2566 6911 6658 1255 6691 5103 4450 11093 962 3879 10318 383 7533 83
7280 1142 6468 2514 2013
7281 2013 6961 11202
7282 8746 8627 97 194 8865 1655 8578 1953
7283 2013 2274 1346
7284 6166 8788 3703 7169 2013 871
7285 4499 6328 2803 5655 2363 4704 197
7286 697 2013 474
7287 2013 1478 4257 2478 2174 807 2159 1597 1593 2283 3848 113 4893 2556 9618 1206 2323 9278 1611
7288 2013 3005 8064
7289 403 10386 2013
7290 8162 8597 2013 3546
7291 2896 3226 6209 4785 5790 6192 2060 7943 8737 1958 10490
7292 4699 1923 4436 4593 8536 414 1953 4443
7293 11446 2550 2060
7294 2670 2060 1287
7295 1519 7910 1776 2940 1553 9578 3151 7731 407 2060 10582 2074 1272 7424
7296 2060 6321 3512
7297 2060 9298 1416 8019 2807
7298 8039 3691 1146
7299 4632 4796 7806 3953 2787 105 6491 9631 7044 2679 6128
7300 3764 3763 107 5641 1729
7301 4225 430 9569
7302 11183 1975 9792 6076 4225 194 2057
7303 4225 516 7527
7304 96 10958 4225 4332 3707 941
7305 11448 3834 1161 1163 17 6683 6262 242 1635 317 3032 3410 7930 7242
7306 8932 8373 2002
7307 501 9719 242 11365 428
7308 242 3151 1055 6289
7309 242 3790 3836
7310 242 1542 6337 2415 8934 3586 8359 9508
7311 1775 2562 11053 242 3772
7312 1585 1170 317 1080
7313 6664 242 4301
7314 242 3772 2190 321 3151 1579 2621
7315 1776 4880 242
7316 9035 10772 2085 5198 2375 2539 7076 1403 5076 242 10409 7116 6932 4969
7317 4538 9257 3981
7318 39 1358 1329 1316
7319 242 230 477
7320 242 2110 2111
7321 242 2813 7399
7322 551 4861 4259 242 3969 11041 108 3041
7323 1308 242 551
7324 1660 6184 8565 8402 3460 242 6704
7325 4862 2490 9728 5992 3181 5786 1551 242
7326 242 1024 7095
7327 242 1058 6337
7328 242 5928 4774
7329 242 227 767 1309
7330 5070 242 2806 1571 1581
7331 242 6519 1125 10934 8585
7332 4319 5764 2394 1122 8747 4271 2337 11400 70
7333 242 3334 937
7334 3334 3709 1334 1660 2417 5633 176 5518 1970 11160 446 242 551 4030 9082 2134
7335 6337 7617 1655 2025 5458
7336 2085 7948 10395 11450
7337 2732 1989 928 1400 118 117 2238 6727 956 11343 7869 8477 7757 6915 3012 6253 316 72
7338 5764 1749 2829
7339 5764 2564 3818 2025
7340 6096 10814 802 7750 1488 11222
7341 9957 1212 4960
7342 4960 1134 1050 8951 7833 4691 1150
7343 2092 4704 4960 8974 507 5220 9050 9945 10410
7344 6217 431 839 4859
7345 753 1137 6045
7346 8871 1127 2562 1965 5256 227 10049 2893
7347 6851 8760 6805 6326 9488
7348 232 5802 477 8745 9444
7349 1532 8667 7334
7350 131 11451 1344 65 2370 2373 8506 4507
7351 2426 1333 1360 2922 8470 4654 3323 3686
7352 1519 1542 9459 4819 3793 9665 9666
7353 474 2030 8088 980
7354 6817 980 877 6293 4601 5065 3012
7355 9354 786 7546
7356 413 7796 1293 980
7357 551 11452 10204 980
7358 980 1191 5213 7426 11453 139 4560 131
7359 4089 11454 1389 5590
7360 5285 10065 118 604 980 989
7361 8907 2902 2598 6683 980 7011
7362 980 1695 979
7363 767 5161 4862 1858 11231 11456 1268 1269 1145 980 11452 527 1864 3076 1192 1866 5074 13 185 570 3531 1478 20 6969 10395 71 1114 10749 3092 7157 2148 8930 2174 2206 4515 11457 7564 7138 896 6650 6902 2163 3959 3493 10370 10983 123 3044 61 2322 705 1483 10614 2859 7832 2117 4893 3115 177 3244 3965 2208 2836 6141 3139 2842 1628 1629 4655 2172 458
7364 980 11452 649
7365 6652 4484 7766 4408 9681
7366 980 4106 872 976 10345 10041 1400 840 1244 277 9353
7367 6597 103 11420 3265 980 69 2426 5234 1540 425
7368 1569 4236 11458
7369 1798 2057 1660 6970
7370 9304 2426 2500 3368 2946 3389
7371 6005 11254 1764 6406 10227 8271 9304 5863 9745
7372 3492 2893 1783 9903
7373 2946 11188 96 8515 11460 180 2893 1079
7374 10166 10012 9869 5353
7375 6942 1751 2730 5061 1151
7376 8448 122 10971 10688 4819
7377 75 3761 1067 1597 7201
7378 865 3350 2105 1720
7379 4376 5225 2453 7082 9501
7380 10225 6703 10480 8617 3182 8305 9364 1540 5606 10086 8705 10144 1891 7119
7381 1297 7356 4864 83 9563 5432 8401
7382 9563 453 1135 11463 5218 1488 8190
7383 9699 3027 72
7384 550 6220 548 1944 9258
7385 10896 8883 9885 10166 110
7386 10166 10681 77 10321
7387 10010 8609 10945 4394 2090 1195
7388 7506 718 10780 710
7389 2041 8249 7682 3251
7390 5449 2361 1903
7391 5279 6166 5113 4836 3295 5047 10957 7744 3814 5449 5713 3957 11464 11465 8049 10892
7392 1553 5449 2987
7393 8517 397 10941
7394 1131 6806 9881 1937 8517
7395 2565 5696 1290 770 5634 906 6856 4378 2113 1114 2478 181 2851 2112 3489 2525 21 807 2283 1594 1595 1593 2284 2395 2392 2485 2588 2274 2290 2292 2398 1084 2397 2291 2487 2295 2488 2486 2294 1602 1599 1600 99 31 842 7416 1601 1603 1604 2883 2115 705 3242 2116 7185 2262 33 2404 2298 2403 3961 3962 2117 2118 8059 4995 4997 3507 8471 2668 2760 8517 1885 4251 3967 3966 2410 2211 2409 1616 1619 2121 2122 2123 860 6198 2325 6196 2411 1887 1626 2320 3519 2671
7396 8517 8550 1863 5064 373 3689
7397 5619 8517 6425
7398 8517 5586 3410
7399 5492 8517 456 8726 8029
7400 6540 9136 10081 8517 2359 7957 10839 7302 5855
7401 10423 3680 3121 8517 6180 5917
7402 674 7837 2190 1747
7403 8517 4398 10791 4117
7404 8517 5900 11145
7405 6682 8517 4114
7406 8517 3713 3876
7407 8517 7245 11111 892
7408 7290 1194 5172
7409 2043 2513 5028 9282
7410 10262 5573 1746 4511 3409 572 1192 692 2075 8296 2706 6575
7411 6575 2626 6761
7412 7020 9306 7710 717 7824 6511
7413 317 70 5346 742
7414 946 8871 5376 1504
7415 1584 6516 6392 7219 10953 5079 111 5150 2233 5398 9893
7416 4929 3503 8344 83 10159
7417 6540 3850 9783 8313 5902 5318 4756 370 9826
7418 7290 5582 835
7419 9591 7290 1727 4788
7420 1194 2934 8779
7421 8781 7290 534 6174 11469 11470
7422 7290 2865 8609 4515 990 10983
7423 767 1159 7290 5347
7424 7290 8923 5948
7425 5026 4230 1415
7426 8144 1940 9671
7427 3453 4503 3574 965 9425 858
7428 4763 1542 9769 10395 2240 1829 965
7429 4515 6508 10417 4159 10252 965 9966 10597 1214
7430 1173 8776 2415 8660 10630 965
7431 2092 2598 2662 965 2730 4938 8783
7432 965 5545 1554
7433 965 9803 1197 8181 4515 11262
7434 1195 8931 11471 7197 3586 11472 1214 1194 965 10595 6112 8934 7196 9248 7151 4339 7150 11161 8424 6920 4030
7435 55 7434 8252 5088 965
7436 965 8782 5735
7437 937 6795 965 2415 8662 6174 8776 8774 11475 3922 4573 9746 5914 3970
7438 5545 8661 8658 8786 6174 6830 8779 965 8774
7439 1412 1519 948 1924 7058 9590 4049
7440 10297 8460 2041
7441 9068 4513 965 10136 6174
7442 965 4553 3009 662
7443 965 10272 227
7444 965 1173 8784 8361
7445 2893 11477 2747
7446 3515 7703 9193 7328 7230 3816 1150 10710
7447 3515 157 624
7448 4655 3515 2715 9324 3032 6925 4552 7288 1993 7377 5826
7449 6044 1855 8090 681 1216 372 10110 1161 9272 587 9963 3515 6549 2932 9064 7601 9040 11395
7450 3515 550 6259
7451 8616 6844 6540 10170 3515 1137
7452 7882 8422 3515
7453 2126 4063 477 2878 1871 5098 3068 1588 2665 4698 2482 4705 1822 4706 2274 3493 705 4709 6543 6102 4997 9396 6199
7454 7716 3410 2055 3981 9728 3068 1045
7455 5551 3068 9043
7456 5838 268 9346
7457 11121 7566 8559 11479 8263 4199 123 11480 11481 1485
7458 8009 10783 8838
7459 3195 937 231
7460 2981 3007 8320 8100
7461 2847 4886 9743 9813 9991 7122 9617 11283 5456
7462 1642 937 6489
7463 8066 1079 6653 7895 3880 10712 11482 2980
7464 4826 3780 11483 8066 453 1882 1558 1798 5660 1272 5454 7499 190 8815 10830 7738 4080 4428 655 9409 9019 8868 2189 5222 4599 3433 2179 7829 6660
7465 1088 8066 5482 8723
7466 5476 8066 11484
7467 11485 10767 8127 8303
7468 5172 7173 8066 937 3197 2512
7469 1675 1816 8066 4766
7470 8227 8066 4895
7471 7353 4561 9349 9807 6252 5316
7472 6252 474 11306 10341 374 3410
7473 6252 258 3107 3711
7474 6252 11072 185 7907
7475 11488 6252 304 1094
7476 7303 433 9066 6252 1798 609 8192 1173 6685
7477 4325 3030 11489 1407 6602 9602 1977 2256 1937 6252 2632 2074
7478 7643 551 18 5476 285 5474
7479 597 843 767 692 6459 7185 9596 3369 2864 3336 3168
7480 7144 10558 6088
7481 8287 5318 11490
7482 11132 8724 1080 5011 2394 2301 2300 3644 2303 1882 2308 6141 9724 7318 1509
7483 9932 6947 11132 11415 937 4290 4394
7484 8448 5516 9006
7485 3302 8653 7555 5198 3049 5544
7486 3157 3008 11493
7487 3157 3273 1464
7488 3157 5824 937 6571 83 2088 123
7489 3157 1546 11494 9084 892 9008
7490 3157 7116 10496 417 10689 9645 8230 10324 7948 7563 5722 4199
7491 3157 7308 5516 5605
7492 8936 10561 11496 123 239 4819 5905 658 2245 6214 1542 10662 3157 5592 1471
7493 6808 3157 3273
7494 3157 5376 937 8257 1545 1554 392 122 10506 333 1465 1483 7988 7816 11497 5093 5592 1471 4618 10252
7495 3157 2463 2285 2496
7496 9099 3157 934 10527
7497 8442 55 5514 3157 6331
7498 3157 5197 5198 1714
7499 5346 607 4589 3157
7500 8874 1545 934 3351 5605 937 3157 209 9530
7501 1462 3157 1464
7502 7194 1214 2907 937
7503 266 5516 8006
7504 9099 632 5827 10516 132 2941 1475 10441
7505 9428 9658 7943 4067 5144 7916 688 2181 1729 2029
7506 4925 4038 10430
7507 9082 9083 8447 11499 1479 61 11500
7508 10025 5829 3789
7509 1163 5314 204 3929 4320
7510 11243 9850 4119 8102
7511 2453 599 9766 5948
7512 4498 6129 1105 9766 1738 11502 4800
7513 2528 2190 1843 9766 365 194 500 4251
7514 9766 7593 310
7515 157 9766 1181
7516 4435 5775 5679
7517 9371 6615 9209 2330 205
7518 9371 1702 2703
7519 9171 5619 9371
7520 9504 5159 1643 4080 5709 2538 10188 2052
7521 7919 11503 6284 1290
7522 9855 11451 11504
7523 5696 1588 1590 2157 5715 2209
7524 10816 8224 4765 5385 271 8288 1059
7525 1309 1347 2426 1268 5508
7526 1249 7926 4271 9716
7527 4052 1433 761 1436
7528 10045 8682 7534 366 446 2044 1415 2901 5229
7529 19 3733 7700 2369 2370 7910 4020
7530 7700 8424 9419
7531 6763 1639 8053 11505 3813 7700 1642
7532 3343 1316 2445 3895 7889 7700 4020 11506 8526 9246 5831 6450 11507 6683 5269 3346 5989
7533 7700 9 3074 3230 10098 4120 616 618 2116 705
7534 7700 222 494
7535 8514 2369 5148 1585
7536 11207 8514 10782
7537 4062 8514 5172 4436
7538 4579 8960 6592 333 2548 338 142 67 3046
7539 3601 131 1462
7540 4178 495 452 70 472
7541 2581 2269 3381 917 6023
7542 2017 331 2048 4993
7543 459 2527 8094 9610
7544 4438 9324 6050 9839 9762 4536 9427
7545 8355 1465 10599
7546 1930 9032 9904 8859
7547 4861 1403 7798 352 70 783
7548 11489 7630 4954 2478 28 4502 11188 2882 2485 2262 877 4996 2323
7549 4954 2893 3817
7550 4954 656 8147 837
7551 2546 5985 3977 1977 509 5009 625 3756 5112 3334
7552 5112 5647 2725
7553 3417 4087 5525 3196 5112
7554 5900 1736 9649 2999 5112
7555 3209 5492 4619 827 8106 7475 7000 6627 411 1692 9473 4497 7944 10383 4504 204 10238 150
7556 5458 5352 7944
7557 6216 4285 5542 7944 10816
7558 11418 869 535 10352 321 7613 937 122 1483 9008 7116 8752 557 11509 7944
7559 4847 40 2568 5223 588 1737
7560 321 6604 157 413 333 2449
7561 735 9598 1365 319 7881 6634 1876 10405 693 1114 703 4502 2283 1596 1084 2406 4251 852 2311 4633
7562 7980 7082 6392 6067 3407 11027 1738
7563 2952 9167 5997
7564 153 4278 1377 439 2990 657 380 1809 185
7565 10860 1809 3203 8866 1063
7566 1809 2513 1464
7567 10417 6609 8422
7568 418 1809 10001
7569 3350 412 1295 5658
7570 285 10320 786 3174 2862 3744 2362 391 1809 7095
7571 9932 4488 1809 1630 122
7572 6448 4513 1809 6174 7554 8902
7573 8776 11510 6853 6404
7574 5399 194 8169
7575 6550 4150 1148 11230 1809
7576 9746 4509 11158 8783 2935
7577 4365 7415 4368
7578 486 4365 516
7579 4475 9740 7664 1727 2074 9800 9774 2031
7580 9797 4365 4368 1859
7581 94 5822 7415
7582 4368 1098 4300 349
7583 9131 3664 6043 7415
7584 9650 1129 7415 2991 508
7585 2036 7556 2917 8204 7415 5246 3827 7365
7586 736 3635 520 6167 5771 227 7415 11511 1793 5529
7587 7415 5521 6025 4379 4767
7588 9569 7415 3844 3745 9700
7589 3259 7415 158
7590 7760 4366 4368
7591 4847 9135 1500 8188 497 474 9805 3079
7592 3594 8140 4289 4847 6798 1769 369 1020 6043
7593 4847 8426 1137 6416 4699
7594 4847 10928 5509
7595 4847 6393 2943
7596 4847 7379 551 9645
7597 4847 10379 10437
7598 4847 2861 7743 3182 4804 1217
7599 3259 2238 5274 4847 2260
7600 3088 4485 9087 11513 193 4847 1546
7601 5646 7248 4847 3559 3158 8680 183 10031 8892 10560
7602 4847 8638 5297
7603 4847 478 10133 655 8024 551 4486 4495 7271 11514
7604 11053 4847 11483 6023
7605 3056 3259 6895 8333
7606 1173 1554 7197 8374 8828 2205 11515
7607 5320 7122 2017 1727
7608 8279 7178 5409 11518 1446 5608 10442 124
7609 8279 4290 123
7610 8279 2363 10729
7611 11519 7264 10673 8279 7178 9868 9911
7612 3227 7141 1972
7613 3227 10709 2702 2981 467
7614 3227 701 14 2878 2114 32 3242 4706 4705 4709 2294 9326 2555 2117 3961 3962 2207 6213 3249
7615 3227 4970 4232 1857 5 9 1861 6189 4354 6205 16 1137 3536 20 1877 2113 2524 2480 911 7416 597 5551 4814
7616 2107 2474 4064 7699 6992 6943 2512 1114 2068 705 20 4251
7617 6992 6382 5934 7584 2725 1317 8526
7618 6992 1134 2356
7619 770 2203 5098 6992 1217 2288
7620 8534 268 3407 6992 10254 10678 7093 1588
7621 9504 7185 6969 1589
7622 1464 10394 1936 4040 2310
7623 4154 4674 526 5514
7624 2934 227 4154 1573 4193 8436 7117 4287 4840
7625 2660 4154 3344 3346 7405 1079 6152
7626 2626 8984 4154 1857 11200
7627 1775 4154 4824 2361 1636 2496
7628 4154 3151 5279 494
7629 4154 3158 8280 494 1394 7219 6432 928 3043 3753 10073
7630 3005 4154 2196 1735 278
7631 469 11096 7703 8025 4941 2637
7632 4154 6112 54 5553 4768 8549 1878 1663
7633 9158 4154 8999 1205
7634 4934 8535 4154 5047 550 5779 551 9735 6020 4437
7635 4154 1721 494
7636 8231 4255 2879 4154
7637 655 281 317 2450 1513 4154 2238
7638 2648 2086 3301 6480
7639 7119 2653 968 5842 10307 3464 10089 4412 1081 387 551 2648 5234 2392
7640 10973 10840 2648
7641 10157 2648 3338 1281 5606
7642 2648 708 2334 116 10986 4517
7643 10019 5531 10424 10085 2002
7644 2648 474 4448 4017 1782 8056
7645 3873 2501 5807
7646 2607 6374 1451 481 5457 2648 2629 5314 5087 166
7647 1079 8196 2648 7534 6724 2582
7648 2648 11183 4651 10306
7649 1765 4619 2070 1695 1295 4670 4502 2648 1188 2963 5424 201 1094 2454 2461
7650 2648 2548 1452 1044 345 4469
7651 7338 4466 7573 8615 2648 481 406 1936
7652 2429 235 5793 2648 11221 1536
7653 2626 7567 2648 10231 5998
7654 4917 1078 4751 2648
7655 6365 2648 7280
7656 1642 4543 6050 922 7524 4619 2068 4503 4373 2648 2188 3833 3770 6675 3605 317 1216
7657 480 508 11411 8386 54 9739 2648
7658 2648 5535 5042
7659 3834 486 1379 6726 2219 4710
7660 2102 2219 4517 271 9002 3492 574 8643
7661 1820 9561 1080 18 702 2484 2393 2114 2758 4705 4709 4706 32
7662 1471 8184 123 4301 122
7663 2180 351 2969
7664 3097 2706 2219 5211 7431 2940 9212 1295 1655 1441 5137
7665 866 2190 2219
7666 8009 8590 3122
7667 2219 1159 2175 2176
7668 1055 3900 9146 7927
7669 1660 5805 6175 1551 5627
7670 4862 2219 9833
7671 7823 271 6690 2219
7672 5061 6176 2864 2799 2804 3263 3797
7673 6432 8547 8058
7674 5041 5040 5002 5938 5844 5003
7675 11371 7873 270 624 9131 6751 1243 1965 439 72 10603 5041
7676 597 5040 942 11228 10008 5041 2452 10009
7677 2653 10009 7353
7678 5041 866 4169 4877 2230
7679 11522 5041 5040 11382 10759 6007 8533 10681 10020 2563 2557 6294 3393 3584 243 7686 9280 8888 10009
7680 10784 10009 5041 1798 2041 10012 4435 11523 7814 1660
7681 469 5041 2496 3990 5491
7682 5041 8970 1962 8038 9454
7683 7353 4229 10343 5041
7684 6090 5041 5064 6431 243 2022
7685 5040 2452 10006
7686 5158 1417 638 9273 10529 567 1765 8880 943 1133 3680 3780
7687 1954 6424 8311
7688 4515 10319 4792 7437 11126 5906 436 5312 6915
7689 3415 2262 6615 509 10914 8567 1367 1015 7383 5312 9550
7690 5312 5541 9324
7691 5312 7020 72 9490 1749 11066 9254 321 8910 9852
7692 5541 9324 129 2359 7973 5312
7693 5312 322 7919
7694 5541 5312 11527
7695 345 11503 7126 11444 7074 11529 5312
7696 5312 10906 813 6153 2608 11088 6317 878 6987 381 7849
7697 4406 11531 9160 5312
7698 5932 9466 4273 5312 3366 9322 11318 5531 3987 9667 1391 7570 3361
7699 5541 5312 6050 7126 7745 5169 7919 9602 323 7744
7700 6166 11030 493 5312 3550 3539
7701 1993 5935 328 8190 268
7702 3005 271 1993
7703 6244 8255 994 2513 8876 968 1147
7704 1369 9488 7135
7705 1993 10029 2256
7706 1399 7493 4582 6620 6716 9174 3151 9259 8300 1464
7707 18 1993 10132 9185 122 10561 11533 11496 5197 5198 10501 8230 10151 10409 9036
7708 11190 5246 4578 8082 3214 1993 1940 11534 986 6623 3834
7709 8012 695 1993
7710 4880 3103 9499
7711 9449 9246 1993
7712 1993 2442 2100
7713 9616 1245 3848 352 913 2991 10693 1742 4385 1993
7714 1993 2018 6304
7715 8835 6083 1914 5898
7716 8835 2146 1441 4399 2822
7717 11284 4367 5749 1863 194 159
7718 1513 8835 9006 5461
7719 1635 10416 8835 2189 11274 3525 595
7720 10177 8811 8835 6083
7721 6744 268 2332
7722 3704 10373 2332 6854 7894 9428
7723 2332 3704 2950 9102
7724 5577 7397 3885 5801 3704
7725 71 2107 4862 3076 2876 770 266 2258 2154 159 432 261 10503 2288 2487 37 2292 5234 1940 2115 2345 6101 3243 3964 3620 2409 10373 2888 1618 852 2124 2761 4506 7781 3147 1892
7726 3053 2544 1697 10263 10902 6724 2190 5361 3219 7226 11455
7727 9156 558 4406
7728 558 261 628 5440 611 1187
7729 1850 3703 558 9477 2730
7730 558 8435 9187 5521 18
7731 8919 558 9171
7732 558 10283 10478
7733 558 2067 1180 1499
7734 1843 6182 558 2513 8734 9477
7735 558 4270 6977
7736 254 6656 1867
7737 2607 558 6170
7738 1230 1386 3323
7739 9137 8329 598
7740 9321 9251 6777 3334 743 7767
7741 1983 10276 7520
7742 1375 294 8745 786 2696 872 2596 11386 8387 3469 6055 5508 8064 3572 1162 158 2178 4658 1479 5187 261 929 187 2594 5810 8275 5252 1333 1360 7297
7743 3081 10756 10071 2029 453 1137 5618
7744 5821 2513 3696 3638 10663 10495 10605 4515 9966 7266 10574 6214 1542 11537 11212 10665 11519 9868 11538 11539 2243 10150 10319 11540 11541 11542 7150
7745 3696 6193 6313 2502
7746 5160 5545 1194 8774 1218 933
7747 535 526 4434 8333 9917 800 8634 6262 10199
7748 535 3559 551 871 2632 1162 1764
7749 3942 4404 5708 2747 624 1183 72 535 789 8271 7816
7750 1450 937 4596 3723 1556 11543 124 9900 8899 535 9227 767 6317 5197
7751 1752 1192 535 10209 4552 835
7752 527 1798 5346 10246 535
7753 9325 122 1464 2165 535 55 6898
7754 535 4837 11545 610
7755 10516 535 631
7756 2391 535 878
7757 535 1700 10474 10362
7758 8257 7394 6977 5514 11236 6568 7815 10467 29
7759 535 10482 9900
7760 10480 4930 8257 11546 4433 10051 535
7761 4471 1747 9006 1479
7762 4478 6249 6060 72
7763 535 9152 5346 3049 2068 7239 2238 780 4549 1744
7764 7264 937 4819 2554
7765 7338 5562 783 4999 2378 1170 2715 3364 1163 4675 122 5605 2253 1176 10333 526 2197 11547 9604 937 5514 1189 1479 535 7434 5204 3309 10476
7766 1666 1407 576
7767 10469 7988 535 561 11380 3735 3215 3212 7816 9315 1979 7731 5500 9810 5319
7768 5585 535 5630 5804
7769 5805 5708 535
7770 535 6859 6685 9308 2626 1641
7771 535 5817 937 3195 4290 10827 6738 5603 7368 575
7772 535 9012 869
7773 535 5193 3032
7774 7253 3053 535 5091 11550
7775 535 5831 3641
7776 535 8653 231 937 8271 10618 1318 1465
7777 9054 290 7099 6500 2737 1352 571 4484 2500 4889 3727 10649 3531 2454 535 3212 6786 1996 311 1014 4467 5195 2601 10598 5048 2238
7778 535 5193 1479
7779 2574 651 535 9975
7780 535 2161 2292 7416
7781 8357 535 8468 11551 937 3195 10213 1691 3043 3767 3311
7782 2863 937 7434 535 6365 5517 10577 9682
7783 535 122 9008
7784 535 5346 3582 5352 1447
7785 103 4619 10124 6266 7272 11552 535 2090 8709
7786 878 535 8272 11553 1535 5156
7787 535 10513 6786 8547 176 1008 7242 11554 1009 8151 1044 4785 1972 10582 6958 9043 1407
7788 1415 535 8468 10505 8216 122 1479 2492 8268 10526
7789 7178 5091 6984 6985 5831 6982 3308 4181
7790 535 2684 5193 5126
7791 5587 9329 7436 535 5831
7792 535 1295 412 2584
7793 535 9639 4131
7794 535 1545 5894 1554 2088 4513 1556
7795 244 3862 9006 535 526 6985
7796 535 922 10192 1192 3769
7797 7862 5516 535 111
7798 10398 5514 934 11469 5605 2039 1479 10399 11555 10526 535 1464 1482
7799 3329 2575 8195 8121 535 2931 9899 3523 3522 3517 3518 4730 2413 4734
7800 734 18 1151 9326 4287 289 11129 10524 10333 10745 767 7816 7173 4616 9682 535 7256 4033
7801 11234 8243 10399 8452
7802 4551 535 1986
7803 535 1134 3745 5474 2958
7804 535 7758 10068 3634
7805 631 10772 6214 4819 8242
7806 9588 5831 10374 535 1548 3163 9665 9666 6690 1927
7807 447 230 5982
7808 535 9891 767 486 1190 5034 649 2615 2617 337 9058
7809 2024 193 486 3572 5448 6374 535 3600
7810 10734 3083 413 535 252 4567 11269 1227 828 10353
7811 535 528 11556
7812 10001 5346 7583 3272 535
7813 2573 535 3505 514
7814 535 11056 8745 3534 1535 6769 1163
7815 3154 4610 6780 535 5353 427 6255
7816 2245 10971 10688 5198 2134 3764 10585 3793 10352 4619 9862 10395 1465 1483 11450 10402 7257 9507 1173 11557 10130 8136 10718 10733 6865 7946 535 11558 7261 9020 2085 11017 3767 10674 11559 7259 1295 2863 1470
7817 5827 10422 5569 3273 11508 535 7816 8443 2158
7818 1873 6966 655
7819 10790 535 8665 937 5197 595 1501
7820 535 5205 3116
7821 11560 3793 1555 535 10971 7440
7822 2107 2645 11 2475 1864 5696 13 477 5116 1876 4257 6700 2171 856
7823 3748 3505 7112 4556 10385 8089
7824 1660 168 3334
7825 630 7095 11561 8881
7826 481 4556 5915
7827 5267 4572 11278 4556 1708 778 4273 392
7828 3636 4222 1294 2055 5432 4184 656 10727
7829 5045 5432 3230 4777 70 6657 10791 4924 109 2455 3833 913 1402 3900
7830 5206 813 814 2733
7831 4039 6318 10965 4529 1696 3209 10537 5137 5893 2733
7832 2733 11562 11563 1800
7833 9059 4767 4122 6793 3415 7180 1579 2973 9471 11097
7834 2733 8648 1702
7835 2733 1437 4456 1094 627 8590
7836 966 6305 1044
7837 5537 966 1987 4707
7838 1973 966 4571
7839 4780 3813 9750 6672 10900 7394 4678 6793 9203 588
7840 2814 4636 1913 966 352
7841 272 1228 2160 1600 966
7842 5063 3857 7847 10251 3858 10800 7078
7843 5189 8468 10639 6419 6020
7844 8468 10422 1829
7845 4524 10431 1110 8468 3292 5885
7846 7306 4618 11009 4898 1214 10362
7847 3565 7306 4819 11565 10070
7848 2711 3958 8463
7849 2711 786 3935
7850 2711 9336 9230
7851 9471 11373 4653 1783 3156 301 567 2602
7852 4482 1549 2602
7853 565 2600 649 7140 9411 2602
7854 5267 1981 10081 2577 1708
7855 2653 3573 2602
7856 4880 6340 11567
7857 1867 7957 4273 551
7858 6083 2442 4464 10863 7529
7859 3600 6542 2626 579
7860 1318 4117 4787 11097 4924 2755 2626 1045 1295 7622 243 5403 9864 7179 278 9066
7861 5374 2626 5633 588 3938 8641 1778 599 1406 398 9969
7862 2626 590 6531 1729
7863 4015 4099 5488 395 5531 2626
7864 5647 2626 9767 9991 1295
7865 3317 738 4929 4599 3186 2626 5172 563
7866 11374 692 3806 2626
7867 474 5578 11568 4776 4482
7868 2626 4119 2937 1464 11337 2816 1928 8273
7869 9311 3410 2626 578
7870 9365 9767 2627 8038 2626 1540
7871 1 1857 3998 2111 15 656 2626 1114 2879 6665 3242 2397 2400
7872 2626 4090 3857 8317 5972
7873 2626 7867 10118 8971 5626 3723 7266
7874 2626 4255 11103
7875 1736 9967 6686 370 8757 9332 2626 7617
7876 4015 9795 9020 8705
7877 1729 11270 2626 1086 9741
7878 2626 4892 4114 11050
7879 2626 3559 736 9653
7880 4467 9970 5123 2377 6791 1934 9753 6574 2188 1294
7881 633 4469 3412 1648 11569 8050 11570 4665 8438 9786 5912 4699 8592 706 4103 3683 4101 2392 1133
7882 2626 10 2109 4354 4501 4436 2524 2113 616 28 6538 2757 2288 2485 2484 1593 2392 2395 2399 2397 7340 2488 2291 2489 99 1600 2854 2262 5563 909 7149 5992 1886 3897 46 1612 1627
7883 5594 2607 2626 2483 6139 474 6540 547 4450 1962 5863 968 3804
7884 10118 5418 9735
7885 2626 8757 11571
7886 3012 1094 4892 2626 1045
7887 6483 7082 2626 5295 5651 551 4819 10856 1464 3571 2002 609 1465 5123
7888 4999 2195 2626 2702 8595 2453 1129 4287
7889 3336 2626 3768
7890 5017 3534 9388 11004 2626
7891 8176 7731 411 627 2922 3053 5678 4591 2626 2036 5545 7130
7892 633 4789 7375 1972 3741 2626 3460 551
7893 6434 2626 3749
7894 7551 7919 128 5541 8270 2626
7895 1702 791 2577 11572 255 2626 5313 5324 8656 7573 685 6375
7896 2626 5802 2730
7897 2626 6965 7704 9847 307 4475
7898 3869 2626 3013 7702 4641 9366
7899 8516 2040 5713 5222 474 8730 7877 2192
7900 2730 2626 54 1172 83
7901 8974 2626 5777 9189 423 70 6835 486 5665 431 204 5673 2551
7902 2373 2083 11573 2626
7903 183 2626 2603 4080 7743 3647 338 7437
7904 3351 9856 8460 11085
7905 8460 2147 3009 10210 10507 8863 7556 6735 7050 10225 7594 10695 2663 7553 1209 10750 6757
7906 8460 937 2245 7224
7907 1431 8394 8460 10060
7908 5664 8460 8027 1238 1903 9883 8475
7909 7760 8460 7540 8135 8781 8661
7910 8899 9664 937 11129 6525
7911 157 413 9777 6470 873 11574 2548 7053 3170 619 1181 216 9932 2184 419 128 472 142
7912 5656 9186 301 2854 9730 1953 4247 6445 419
7913 7364 11131 10356 11126 10614 6264 11412 8610 10663 9495 1471 11575 4614 11015 11147 10452 7074 11530 10762 11576 9104 4819 7257 10137 10667 11577 11538 11542 7259 10692 11578
7914 10890 9728 10895 9185 8192 9887 6958
7915 194 97 11579 419
7916 2245 1214 11580 10850 419 122 9529 1465 1209 123
7917 419 5076 1988 5665 1654 10349
7918 1672 419 674 8937
7919 7582 419 2417
7920 1162 3297 157 1697 6032 1535 413 937 3230 7387 2644
7921 419 10651 417 8418 2085 1478 8356 1483 11581 11582 11583 11584 10714 123 239 11585
7922 419 2922 896 5376 1055 8623 8903 2708 7100 11091
7923 419 417 6379 1465 10394
7924 419 7760 7563
7925 550 9050 484 419 3809 2148
7926 4828 3401 419
7927 419 1164 8356
7928 61 3304 419
7929 3722 5619 9996
7930 7912 3023 189 1471 419 9180 11587 324 10452 9880
7931 8805 9195 75 11588
7932 5928 0 346 3378 6803
7933 878 5928 6746
7934 9504 5928 3705 10272 3685 2110 2091 13 1080 477 4067 2878 4257 482 2730 2286 1151 74 2115 5100 2262 2855 2534 5550 2411 1824
7935 6070 69 2287
7936 11145 6685 9501 4119 5223 590
7937 7429 1697 6864 11311 617
7938 3992 6112 7153 1196
7939 1864 3230 16 1589 2116 8851 7934 9626 858
7940 2657 2343 3468 1340 138 2992 8222 3936 111
7941 1841 6025 9015 4089 5278 3936
7942 3936 10083 8500
7943 3298 10701 3480 5316 9219 1242 7775 8147 7126 11040 5810 2296 11590
7944 4098 7455 272
7945 271 7396 1334 357 9873 7764 4964 1732
7946 6630 10934 9852 5279 2513 271 9825 9409 8144 4486 1977 71 2344
7947 1114 2116 2296 433 5992 9861 4980 2210 4633
7948 3169 1660 11592 8166 4499 5680
7949 4063 8988 2375 2881
7950 550 453 1287 7359 2983 10470 3207
7951 1635 4167 5500
7952 9363 4286 1173 8079 21 3951 467 2525 2666 4187 36 3960 1601 706 8837 2119 3966 2263 2409
7953 10862 2187 7123 152 8865
7954 10862 937 964 6756
7955 10862 1183 5831
7956 9452 10862 4301 477
7957 1080 10862 11357 865 1334 1962 3951
7958 111 10862 3297
7959 1249 9320 1483
7960 9298 8949 4666 1813
7961 1249 1553 1360 2225 290 10057 1138 4412 1309
7962 1706 2008 6519 7904
7963 10490 7067 1138
7964 8494 374 2740 7861 2254
7965 3259 878 833
7966 4851 8964 6564 7186 6236 236 4274 6061
7967 2524 4994 2395 2555 5100 2117
7968 2416 10946 7194 8774 8931 10392
7969 6626 4406 6258
7970 6427 11593 6428 10 2110 4354 22 1868 1587 2481 2524 2479 2478 807 2113 3960 3493 2115 8059 859 44 2668 197 1271 6688 1843 851 3598 5833 816 823 5820 11222 6104 1886 2411 2325 6198 2212 6196 2260 1626 1627 3519 2214 1887 1614 2215 3520 2412 926
7971 6464 4002 5964 6618 1070 1271 765 11039
7972 11044 1271 5477
7973 1845 8983 2361
7974 4000 6700 2134 5958 8565 1845
7975 5477 5077 10579
7976 182 9807 3275 3211 1431 2939 7653 6491 1974
7977 1776 8437 7693 153
7978 7441 10131 412 6528 7849 11493 5107 5794 7266 6988 6299 2234 7548
7979 5597 4917 7376
7980 391 372 5477
7981 5477 8135 11594 11387
7982 5477 5618 624
7983 3131 1918 6266 8742 9528 5477
7984 5477 1834 991 472 8244 7815 10467
7985 5477 6931 11512 8308
7986 2787 5920 5919
7987 5475 7249 5025 3952
7988 6535 1706 3389 3670 5540 3669 2973 1696 3552 6741 624 3108 844
7989 786 1696 1212 1150 5391
7990 548 3334 5015
7991 3683 1660 2281 911 7416 1880 520 2121 2325 2943
7992 2749 1864 703 7236 1822
7993 2652 4052 9441 7636 2483 4978 6650 2283 2284 4706 4705 32 2588 2489 2400 99 2293 4709 5289 1603 1604 2116 705 2115 3242
7994 3415 1320 7791 211 1308 4052 14 1868 642 3659 4801 20 1876 8117 4250 2112 28 2472 32 2392 4706 7340 1591 2882 2114 2291 2488 31 99 2398 2397 2290 36 2487 1601 2400 33 1603 1604 2116 2298 3961 374 4190 1499 4504 2403 2117 2118 2404 3962 977 3507 197 3115 3964 2668 2534 851 7888 3137 2123 2321 4635 2409 853 11295 2121 1883 2122 1617 852 2211 8851 2166 550 1618 1609 2324 1619 1615 10886 6804 8261 2325 4633 1887 1626 3520 2411 61 6196 6198 2215 52 8289 5608 1465 4357 3247 4075 2213 4737 1627 1614 7319 4736 1889 2305 10925 3147 4908 4196
7995 453 9631 2022
7996 1544 11035 1667 2085 10570
7997 1667 9617 9074 8163
7998 1673 1393 973
7999 690 973 8892 11139 4022 10817
8000 10105 544 5194
8001 3825 940 3349
8002 2068 1437 3367 5221 3879
8003 2102 124 11194 5221
8004 9397 2007 5859
8005 4385 2608 5221
8006 2337 2811 9364 7118 11054 4198 6373
8007 3124 4229 4486
8008 1169 531 11265 1277 10615 9409 938 1170 157 9534 6375 913 101 162 396 805 8986 8343 10332 1190 301 944 5854 7449 10492 946 4986 8678 1984 4383 4386 10263 8321 4320 4323 7717 2045 3215 550 6648 4324 8890 3209
8009 2074 5584 9970 6333
8010 3407 5584 1930 4187 3964 4831 4388 1886 502 5551 3139 7651
8011 3012 5584 5579 6627
8012 1727 6718 5584 4096
8013 2621 333 338 7846 10161
8014 8704 7846 4885 3889
8015 7846 418 9006 4199
8016 7846 5651 2632 6492
8017 7846 1407 5225
8018 5255 7846 4497 1407 3192 5713 3740 8354
8019 4117 4460 7846 11598 3014 5576 11511
8020 8192 6530 11042 7846 5223 2727 2074 6542
8021 7846 6542 3410 9043 9597 4785
8022 1820 4868 10282 2922
8023 7846 3226 4090
8024 7846 4087 7154
8025 7846 1740 8057 3627 590 599 588 3226
8026 10450 588 9969 11092
8027 11092 8682 6303
8028 11092 5051 8974 8000
8029 6917 11092 2154 2879 1114 2480 6139 2881 2523 1599 706 4080 3964 1618 707
8030 11466 1566 551 417
8031 9885 10059 4662 6450 3880
8032 6930 2154 2665 4502
8033 6531 9198 6217 6878 2296 5077
8034 3939 2451 538 1937 4381 5418
8035 3491 5811 2713 1693 698
8036 1680 184 3469 864
8037 7064 11109 11594 11600 11359 10164 8499 11576 64 7270 10762 4621 7598 11601 11602
8038 11198 1453 6933 3615 4964
8039 2628 1483 494 11109
8040 11109 7913 4991 3195
8041 1972 2495 11109 8057 7910
8042 6573 7515 1984 6223 331 5605 3257 10916 3600
8043 11447 1846 3276
8044 1846 2697 2044
8045 7047 1204 1846
8046 3453 7677 1238
8047 9811 9172 11155 8853
8048 11044 2184 11195
8049 11044 2497 8876
8050 6210 11044 3528
8051 928 1199 9547 758 11044 8595 10898 3612 973 1752 10204 4297 1351 1389 8232 5942 793 2539
8052 4621 11494 4199 11552 3702 1164 11330 11605 326
8053 5805 960 4243
8054 6029 1250 11397 4837
8055 1702 1623 7089 6527 7859
8056 8890 7632 1426 6643 11606 8997 7691 5238 11607 1428 6684 6023 5723 5983 5984 5630 771 5683 7536 754 6375
8057 1727 1829 3195 278
8058 8950 650 3942 232 447 5064 2891
8059 928 650 1673
8060 10999 4282 650 2445 8239
8061 1301 6156 6444
8062 223 650 3352
8063 650 3360 7523 8140
8064 650 7011 11488 5642
8065 1081 7181 650
8066 4565 650 9273 10158 2243
8067 8487 786 4321 1310 3486 1970 481 650
8068 650 1043 3380 477 7927 8353 5029 9506 8846 9077 4578 10420 824 871
8069 11603 6320 8700 1479 7562 2415 7557 2416 1410 10945 650 9083 11602 9571 4819 6372 10606 61
8070 7381 931 650 4921 1316 9765 6388 6780 4269 210 3090 888 7469
8071 6593 650 2878 7875 3833 2324 1627 3249
8072 650 5605 10622
8073 650 6052 3905
8074 650 99 2355 1600
8075 122 2242 650
8076 650 1554 122 1195 8931 10386 7151 8700 3043 1196 9645 6112 6830 10150
8077 650 5077 5202 5765 1162 7457
8078 8153 7149 6952 650 289 8277 10912 201 10002 908 6767 3744 3571
8079 650 328 630
8080 4287 650 6349
8081 1080 1879 650 10089
8082 6292 1585 5447
8083 123 650 7550 7036 6236
8084 650 4895 1372 7307
8085 650 3691 1137
8086 6022 1007 6402 7397 582 9811 2954 2008 3847 3160
8087 5749 5027 6017
8088 1792 231 3469 392
8089 3340 8494 2724 9521 3659 3503
8090 2368 1056 6483
8091 8669 1134 8807 8133 6416
8092 1800 1829 3413 11609 16 3410
8093 2017 11609 1861 8407
8094 3393 5220 5229 8721 1958 6697
8095 5366 11609 1093 5031 3215
8096 9785 6626 2871 1295
8097 11609 387 5214
8098 1211 11609 6312
8099 5785 7176 2221 4232 2672 807 6246 11609 9447 2629 2477 10251
8100 4271 133 3395 3572 9524 2979
8101 11609 11145 111
8102 10015 4287 11609 7144 5855 6566
8103 10211 958 7248 11009 5136 2074 657
8104 9336 4371 5488 1928 10813 10601 4952 483 1798 6416 2043
8105 588 6682 7001
8106 5531 10678 7288 2043 5476 8116
8107 8176 8670 4877
8108 4877 3564 92 5228 523
8109 4877 7583 4080
8110 937 6587 2738
8111 232 409 2547 11448 2594 8382 508 4953 551 5490
8112 1590 1114 705 2552
8113 276 4139 48 5805 11293
8114 4139 7740 5807 1576 9282 4342 7125 7294 7112 263 7544
8115 805 11075 4270 4139 9927 7530 5996 11129
8116 3733 1344 4139 3700 5829 10051 11612 11471 1196 6830 7150 11613 10184 10607
8117 1212 6540 9704 4139 1738 11390 101 1916 8405
8118 4326 4139 1923 1443 278
8119 262 4139 6750 1094 898
8120 6468 8087 5421 1181
8121 6204 1916 1105
8122 2126 3242 2208
8123 3160 9960 6401 1217
8124 1735 3703 5734 1124
8125 10949 8269 10995
8126 10949 2893 2710 7587
8127 4590 11615 1448 7257
8128 8844 8423 10334
8129 7231 122 1483
8130 1370 6656 1320 9544
8131 11618 7957 6244 3803 10635
8132 7309 4496 6244
8133 2730 6244 1872
8134 946 10386 139
8135 4301 352 10307 77 3294
8136 11619 924 4078
8137 1838 9595 6053 5536 10341 374 2864 9028 10669 7660 5555 8291 11233 3114 3107 8963 457 9018 4572 10355 6270 4075
8138 1838 5561 3151 4534 3525 1501
8139 2426 462 340 8706 11395 7734 1838
8140 7186 9582 6844
8141 7785 9131 6798 2725
8142 4971 5774 7785
8143 2222 7785 509 4712 3987
8144 489 514 5551 5492 11620 6757 10920
8145 5904 11303 78
8146 6680 5630 1525 8768 9231 3707 2607
8147 7542 9993 1662 692
8148 10920 1069 720 657
8149 9477 9774 1483
8150 9477 4855 1180 7806 11462 10828 4174
8151 8660 6112 11621
8152 9681 5308 8103
8153 10718 9865 11432 472
8154 4470 1949 8965
8155 5837 413 252 10601
8156 5916 5581 1725
8157 2629 8980 8120 4333 9081 211 3572 2618 5073
8158 3020 4376 3002 1346
8159 9327 9186 2686
8160 8147 2686 3973 8248 7071 1635 8883
8161 2686 3844 8178 3353 1925 2084 451 3579 1154
8162 2686 9397 6094 10572
8163 7342 494 11142 3444 3453 1519 7675
8164 3436 8348 2609
8165 2018 3436 8094 3175 848
8166 1772 1972 2326 9843 7854 3436 9425
8167 10475 9005 5693
8168 5805 1469 1470
8169 24 4072 7427 7045 2367
8170 9699 2190 4255
8171 7813 7758 9741
8172 3330 7423 9741
8173 122 1464 7563 11499 1479 61 238 3148 8786 11335
8174 3084 607 347 3085 6740 128 6110 10569 9313
8175 14 4993 1590 618 4994 2174 4812 706 1599 2161 3960
8176 183 2022 2279 4700
8177 2279 9521 5441 2898 10548 10939
8178 926 9767 3981
8179 11623 2070 486 11420 7998 8433 5127 5128 4953 1476 54
8180 3732 1806 4898 11189
8181 937 10505 661 3163 1806 5817 101 8560 126 8626 10216 3732 9786 11531
8182 3732 8757 10602 1704
8183 1783 8479 3732
8184 3732 1806 3352 1294 5139
8185 6383 6229 2745 2730 6506 3732 1806 6434 4939 5021
8186 603 3492 3615
8187 4255 6585 3732
8188 6228 5923 6378 3732
8189 4376 4409 5805
8190 579 4376 10241 2381
8191 2014 6361 4376 4377 5644
8192 1328 11293 6818 11624 7070 10771 4376
8193 11625 10271 8740 10036 5520 1137 2697 2445 2813 7638 3225 9545 813 814 6634 6915 3734 477 3464 10053 786 2258 9623 4089 2951
8194 3734 4377 9855
8195 580 3372 3734 4785 10800 2821 1134
8196 7056 588 4787 3876 4789 11599 9969 10929 11390 4788 6126 8819 5155 24 2559 1579 4790 4796 7710 8126 5489
8197 1806 176 10458
8198 370 10772 1806 580
8199 1806 3793 486 9438 231 8195 631
8200 5761 9617 773 2501 4367 10308 11385 1806 8868
8201 1806 6129 2998 9942 2793 8377 2226
8202 3547 655 3108
8203 1806 1987 10842 6529 11625
8204 5780 1806 9315 7905
8205 1806 3012 2135 588 5467 2607 1736 5652
8206 1806 4119 4162 4044
8207 4752 1806 578 194 1953
8208 4117 10794 1807 4589 11286
8209 7529 1807 5183
8210 8764 111 7168
8211 10190 4377 10822
8212 4250 2154 1114 2283 2883 5732 4377
8213 477 4250 10066
8214 4301 1585 2331 1635 477 8226 7842 3222 6255 8158
8215 1487 1553 1333
8216 11500 7800 3168 7068 578 6773
8217 7239 1295 1170 578 3410
8218 578 551 5779 4679
8219 1733 1084 6582
8220 578 8050 4095 10439 8222
8221 1780 3809 7762 4908 3410 10382 10768 1094
8222 2190 578 1267 1837
8223 263 3027 11627 11546
8224 551 9398 1407 3410
8225 10678 4553 3189 95 478 1407 194 1655 425 1262 2565 555
8226 10414 6802 3885 836 9334 4271 828 578
8227 578 4455 11051 3458
8228 2184 1535 578
8229 6923 578 1553
8230 2238 5479 578
8231 469 9599 290 6342
8232 3082 1516 578 9945 1045
8233 578 2765 3012 1558 2040 5140 3226 1910 1990 10908 176 5135 622
8234 3764 2573 7394 1246 331 578 9302
8235 8653 2072 578
8236 477 3151 5130 6026 8876 4832 10028
8237 3974 2925 7733
8238 7563 3974 8956 8418 7516 10988 11123 7268 9128 11629 11530 6484 10762
8239 6226 295 1360 1366
8240 11435 2605 10059 10102 9764 263 7302 2449 2216 10379 3359 4203 5585 3448 2100 204 2306
8241 2070 1295 8876 1393 8318 10212 9476 3948 551 928
8242 7049 9736 5705 10986 3958
8243 10986 9831 10818
8244 4063 1821 1791 7972 7859 5935 5391
8245 3338 298 8542 3572 1295 5618
8246 2126 2877 1868 2878 28 1151 698 4709 3242 5282
8247 9476 6601 4543 2274
8248 9476 708 10197 9190
8249 9476 4005 2377 2210 5734 516 9573 1857 2727
8250 4298 7506 9476 4299 10211 1144 1257 717 9688
8251 1132 9476 1040
8252 10197 642 9476 7919
8253 5015 8239 8362 1836 1199
8254 3861 8333 10583
8255 3811 3861 468 6540
8256 3334 3689 3861 5010
8257 3861 2451 1333
8258 4620 8621 3861
8259 3861 609 10319 3022 11622 4511 11499 64 11632 4291 567 1209 63 8450
8260 1922 628 5404 4850
8261 9451 7333 2821 5836 21 1183 6998 369 341
8262 5535 7011 3153
8263 7489 5169 9487
8264 1872 236 2605
8265 5535 5923 8778 1640 2994 8805 7767
8266 194 4673 5535
8267 5535 7883 6143 2603
8268 5535 3504 1224
8269 797 259 9715 1454 11067
8270 1895 918 5535
8271 10932 1977 11255 5585
8272 4015 3380 604 7028 8285 8878
8273 2107 0 3380 1866 2879 2292 1565 11209
8274 1453 11209 469 11202
8275 11209 8486 8562
8276 2266 11209 75 6934
8277 4207 11209 1267
8278 2732 11209 2600 152 1151
8279 2036 4989 7688 10463 10970 551 1162
8280 8287 4762 2808
8281 7395 527 1783 2570 2737 579
8282 1416 9946 3624 8853 2571
8283 10045 5202 10185 7409
8284 123 124 122 11634 11016 7074
8285 10122 7437 390 1110 7502 1907 9010 6794 2923 4135 166 7439 913 488 3751 6334 9028 4041 10662 4343 8186 5067
8286 1044 8703 76 2359
8287 3297 6589 2017 6135 331 193 747 11635 11230 7008 9446
8288 655 2894 1005
8289 7008 3619 7783 11636 10658
8290 7574 2814 7008 869 1348 3566 10773 3569
8291 606 487 75 7008
8292 7008 913 8796 3295 7816 1279 122
8293 7008 9230 9923
8294 7008 872 3793 4819 3170 804 11218
8295 8322 7280 3410 7008 4856
8296 8878 4296 7008
8297 7008 2692 184 2618 831 1448
8298 516 7008 3538 8201 11507 8634 4661 5314 11637 1162
8299 6705 3440 2092 11400
8300 11638 1867 5154
8301 7434 10882 9729 1482 3207 1232 872 7524 11639 6453
8302 413 5804 209 11640 872 3394 1535
8303 157 3942 4999 2074
8304 165 3756 11131 7437 6264 142
8305 8735 5376 3711 8343 5757
8306 5376 2513 7254
8307 1403 1161 3265 9757 5273 5077 8002 5193 5345
8308 4135 128 333
8309 278 9515 1232 4561 5845 4752
8310 7749 1280 9595 908
8311 4776 5801 7603 4917 2188
8312 9595 4124 5282 6543 6976
8313 10733 1472 1483 126
8314 3285 7372 4232
8315 7372 8269 585 1229
8316 2436 7372 1829
8317 10789 3085 5564 1477 8293 336 10425 8388 1746 8350 11502 11379 5349
8318 7372 486 7585
8319 11642 4078 10440 7372
8320 1974 4840 11010 5132 3256 7960 4852 1600 6386
8321 2618 2931 1162 6136 1212 617
8322 8871 9157 4570
8323 2073 8008 8246 8871
8324 2022 8730 8871 1424
8325 8871 203 3069 157 3202 898
8326 8871 2702 741
8327 8871 392 10846 5948
8328 655 8871 1267 2190 1546
8329 3636 3643 2923 1535 6769 3261 3065 5730 9150 204 8762 325 4840 8328 102 1161 11468 4560 1162 1163 3032 128 7100 11257 11251
8330 8122 8678 7223 278 871 1743 486 1137 2422 413 4383 11517
8331 1192 4232 869 7565 11263
8332 9643 9641 2747 2752
8333 4413 340 1092 845 2494 7977
8334 326 7070 8995
8335 5496 5432 3692 551 1946 2621 9121
8336 1553 6205 1946 9310 83
8337 1946 786 5269 8690 3092 4502 3489 2283 1232
8338 2004 5385 5575
8339 1864 9561 1590 1589 1587 1596 3242 705
8340 10381 10302 4440 8482 4773 3860 2375 266
8341 10302 2730 2865 2240 11411 1663 239 3044 3296 9536 8203
8342 985 9793 1769
8343 947 929 3604 72 7811 9920 985 5792 261 946 11645 5273 9842 2036 4989 10858
8344 8398 985 793 10096
8345 10810 801 2813 1589 2945 4697 2158 432 2290 2292 2588 2116 3055 7632 4995 4504 5319 4251 7038 3244 2325 2168 1887
8346 2876 703 2480 2524 1750 31 705
8347 5900 453 2527 937 624
8348 1360 10094 7649
8349 2001 3776 2811 4088 4172 69 3636 786 2204 2280 2665 4807 2258 4696 911 4187 1596 2288 2287 2283 36 74 4813 2295 2488 2293 2487 2397 3959 2164 1137 2115 3243 433 2582 2492 851 2263 4942 2168 2208 3966 4635 853 8261 2123 3968 11295 4633 1613 1614
8350 5099 7355 1851 7598 7265 2477 2068 5289 10486 3148 9113 833 1180 2573 11535 61 1884 2410 1615 1619 1611 1610 1616 2121 11295
8351 1126 2513 11295 836 7681
8352 2206 704 807
8353 2107 1820 4862 1858 10 701 1861 3076 6205 2293 2501 11295 1612 10406 4076
8354 6428 6613 3415 2254 1821 334 7381 1145 1866 3230 702 1576 2518 227 1160 1444 4422 2368 6969 3482 869 3370 2113 616 618 1587 28 6955 7339 6970 8168 2482 4977 6803 1602 2394 2295 2488 2291 3095 31 3959 3960 4630 5289 2296 2116 33 2117 2532 2886 433 3507 2582 6509 3964 851 2324 5551 1617 1618 853 2409 852 4635 11295 2166 6804 3139 2121 2311 3249 2320 1626 2671 2214 1887 6355 3247 1627
8355 6803 2294 2666 2758 2115 2116 11646 11295 8851 3967 3966 1619 1611 1610 1616 2211 1614 4126 2321
8356 12 1861 15 4064 2280 2112 4378 2479 2478 2480 2524 4250 2482 704 807 1591 1592 2174 1597 1593 2666 2287 74 1594 1595 7340 2285 2396 2395 2484 2286 2274 1602 2397 2399 1599 1600 2588 2882 2398 2295 2488 2486 2290 2292 1084 2160 832 1601 3959 2400 2164 2118 2117 35 1609 2208 1610 4635 2211 3965 3137 3967 1617 1618 1611 1619 1616 11295 2324 2409 3966 2325 3520 2215
8357 1114 3240 6140
8358 10106 4158 11647
8359 8605 1635 2265
8360 8781 1689 5852 5922 1080 9653 2418 5401 5735 11427
8361 7984 4116 7985 10282 6167
8362 2807 5657 2065
8363 2955 6741 8680
8364 4856 1199 9449 6666 7385 276
8365 7523 2258 1594 1595 2399
8366 2225 4770 2049
8367 2682 9192 2224
8368 2224 4684 1093 7029
8369 2224 2351 1938
8370 0 2224 2113
8371 2877 2198 9276
8372 10791 5625 8429 3288 4804 9276 11511 6821 9421 4406 838 2981 3131 227 1462 9315 9921 3680 5222 2355 4412 3243 9728
8373 11128 3724 4513 7816 9937
8374 9233 7869 8477 2416
8375 8215 72 7811
8376 4515 3334 609
8377 1640 11084 10995 3679 1304
8378 7122 2946 1798 9598
8379 7868 3465 9465
8380 5866 4406 6625 1972
8381 222 4988 8122 937
8382 4444 301 10022 623 7649
8383 588 7760 9287 5910
8384 4095 937 4399 3723 3030
8385 410 2036 3065
8386 259 7962 8856 8222 1137 6594
8387 5949 8876 757
8388 8876 2358 3126 2199 2357
8389 2907 946 9006 181 4869
8390 8876 2590 6057
8391 5783 4438 3006 3020
8392 2199 11421 11648 1944 2922 88 9673 1137 281 5953 5458 3480 9264 11023 731 8535 3124
8393 5783 4438 521 11380 9673
8394 8290 4082 9673
8395 9673 5783 4438
8396 6898 2030 6813
8397 1268 595 7962
8398 11229 1232 755 1927 3827 9823 3438 3678 9822 11649 1246 310
8399 1391 11649 210
8400 11649 7182 7510
8401 7062 11649 209
8402 2749 3998 6917 12 770 2203 1876 1587 28 703 11649 2174 2037 6350 2170
8403 9239 6656 3755
8404 1776 8476 2954 3126 4765
8405 4698 6650 2286 2397 2398 99 3095 4709 1601 2116 3961 3962 2117 3110 2884 2886 2885 5550 4357 2410 3967 3966 1619 2121 2211 3968 2122 2123 2409 1626 1627 2213 2214 1887 2215
8406 5914 9083 11650 8741
8407 8448 11359 1471 8943 10569 122
8408 5961 3753 4636 3981 2278 8158 7146 9366 2579 1952 4077 1953 4443
8409 7187 8513 1044 7804 400 5811
8410 1328 2865 3188
8411 10591 3188 8158
8412 3188 8206 5927 10268 10019
8413 5585 1655 10648 2148 1754 1732 4826 1923
8414 6763 694 9246
8415 1709 9791 1732 7118 11054 6373 3953 7120 4196 2413 4198 4730 7121 10806 9489 7119 4074 52 10144 8306 4200 11651
8416 2977 3262 2226 1732 4899
8417 3061 2017 1951
8418 10094 10298 9257 8948 423 8853 642 7005 194 97 5890 4836 1732 1964 10768 4828
8419 2192 7823 1732 551
8420 1732 246 156
8421 1732 1045 11367
8422 2988 10832 6384 3768 9633 1732 3958 2613 3439 9405 275 7830
8423 4096 7455 2184 10763 10975
8424 9350 8727 5470 635 11043 2505 471 1137 7741 2025 1356 1143 144 6334 3903 8246 8096
8425 8054 2607 5269 10117 6262
8426 1401 1137 7879 9659 7585 5712 9528 9682 915 5610 457 8963
8427 9918 3008 10644
8428 9918 2039 1479 61
8429 3559 655 946 10264 9133
8430 6728 6985 6508 9918 289 8788
8431 9918 1216 10543 10480 937
8432 494 1551 9918
8433 9918 5198 6214
8434 11594 10774 4618 4199 123 9918 61 8446 10714
8435 3485 4762 9918 5908
8436 8785 2917 5922 9918
8437 9698 11551 2613 5038 5831 3469 3218 1487 2512 789
8438 5311 11057 560
8439 4653 3834 11053 3257 11546 6497
8440 1248 7583 477 5213
8441 4290 5626 1554 11469 9698
8442 1065 2632 2633 7699 898
8443 10051 10688 392 6336 536 1483 11653 11360 10402 7257 11533 1479 10250 9413 5626 7260 10689 1438 1486 6214 1542 4819 2085
8444 560 10484 11555
8445 11654 349 11505 6303
8446 937 138 128 3302 5197
8447 3302 937 3272 1465 61
8448 7197 7151 7150 8374 8501 11430 2190 8934 3586 10664 8828 240 3302 9196 11655 3163 4394 11656 11288 11657
8449 4603 7196 9929 8447 6830 9248 11658 11659 3302 8441
8450 1194 2519 1137 606 7557
8451 4785 328 1972
8452 7943 1957 3529 4861 1955 6886
8453 9832 5663 3739 5000 10076 5311 1282 11057 2196 7215 5127 1972 5286
8454 271 8776 1194 8660 8661 4509 8780 2002
8455 937 1464 1465 10569 4488 9900 122 1479 8448
8456 10399 1539 10745 9227
8457 3097 6134 6547 83 101
8458 10129 2584 11661
8459 9010 3650 412 7060 4416 7234 757 118 5789 4588 7149 9823 532 5436 5705 3310 9513 1702 5101 11596 2269 7100 10037 3676
8460 7117 2584 7168
8461 3685 3705 8121
8462 5521 6732 365 685 7573
8463 4543 9190 2820 4346
8464 8600 1137 2687 3401 4882
8465 3015 3001 2381 9590 6506 10351 7695
8466 109 2683 9497
8467 5405 4652 2445 2222 6443 11319 1704 481 5316 1720 2381
8468 4168 3789 8788
8469 2009 2381 8219 2238 4415 3825 8094 7178
8470 2381 9338 4490 10203
8471 4625 11378 8504 520 2381 10541 3691 4089 7202 1551 6616 1110 3928
8472 11160 3921 3922 2002
8473 11548 983 289 7789
8474 748 227 157 361
8475 11662 292 1922 1751
8476 11662 8924 9228 4752 1692 10024 7257
8477 7753 11662 247
8478 1775 11662 2186 4290 231 9798
8479 4353 11662 7434 261 6555 3265 8626
8480 9322 448 3408 11662 3772 606 3834 7862 321 3082 2221 874 1216 624 1348 7653 8390 10937 3447 3275 3290 8090 1010 3096 2992 3327 3084 4828 7456 5034 2594 10543 257 11119 2932 7326 2770 2894 5688 3395 899 571 6501 1771 3434 3081 322 10756 11663 2763 7459 5893 5135 11664 3987 9562 7458 1280 3086 4526 4648 10052 10922 11665 3080 2507 7207 7014 10764 7051 9056
8481 5131 1094 4450
8482 7657 3001 6521 10801 4450
8483 4054 6400 1977
8484 10358 2571 70 2738 10480
8485 10358 644 2386 3057 9239 9534
8486 453 9503 2029 2002
8487 9615 3764 9259 6723 1827 7925 293 10547
8488 7786 331 3834 6376 1938 6683 9503
8489 1545 10326 1978 147 7368 9948 9503 10642 10224 9181 6982
8490 6808 5050 142 338 6462
8491 3169 5953 7951
8492 3767 11091 9307 11520 4199
8493 1797 2573 7434 6607 5207 3645 6899
8494 9307 10998 2513 1882
8495 738 7396 7652 1134 9141 6925 3842 5963
8496 2278 4836 4436 4482
8497 7396 2366 2238
8498 3020 8265 7396 4570
8499 7396 10822 4906 7360
8500 3033 7396 3004 9007
8501 6668 10950 2017 3453 11285
8502 6748 3874 1385 11477 2185
8503 11477 3453 8774
8504 11477 1119 4409 4261 464 7362 5838
8505 11477 3505 4381
8506 4012 1023 10458 10076 9597 11477
8507 11021 3594 6982 6431
8508 5561 9578 6431
8509 10511 11668 328 6431
8510 11669 5834 7632 6431 449
8511 6431 6157 9243 1349 8439 2581
8512 9392 9657 6205 6431
8513 6431 1183 5220 7126
8514 11255 10424 38 8875 7756 5237
8515 1709 10535 6431 268 233 7930 5718 7859 11668
8516 246 2619 6431
8517 4791 4792 6431 1702
8518 5653 6431 265 7756 276
8519 8777 5985 763 1922
8520 6431 6685 1736 8375
8521 1666 6431 7859 3658
8522 1020 10535 6431 328
8523 7692 6962 1349
8524 6431 268 8190
8525 7011 6431 3082 1348 3942 913
8526 165 6545 6312 5655 1977 3902 11040 2830 3689 2120
8527 1433 4066 2692 6062 1665
8528 9622 10904 6714 8759
8529 1953 4443 453 4442 9622 9743
8530 10437 1702 6908
8531 11433 866 1702 588
8532 6698 9932 1934
8533 268 1702 10900
8534 1702 1590 4257 2113 4124 6139 432 2482 4698 4978 6650 2525 2483 6902 4697 2174 4706 36 2114 1603 1604 2758 2398 3095 2293 2489 2397 845 2115 2116 3961 3962 4995 4504 2885 2886 6976 4251 5104 5551 2408 2321 860 194
8535 1702 5307 4372 1415 5922 6304 5305 10297
8536 2725 1702 5266
8537 1702 7899 8317
8538 144 183 1702 11671
8539 7756 5108 994 328 1702 4372 4830 9346
8540 1702 2249 9493
8541 1702 1261 6069
8542 5470 3970 3265 6687
8543 3036 8910 7799
8544 5474 283 374
8545 10195 268 11155 7573 267 1702 7876 1729
8546 6100 281 1702 6792
8547 1702 637 11561
8548 1702 268 6908 4372 8190
8549 1702 4094 8760 11403 5320 3153 8585
8550 194 9442 1727 96 3646 2704 2001 3745 3111
8551 7436 9552 2494 9651 6603 8274 268 328 6400 7876 685
8552 1702 7573 268
8553 1094 4270 2041 685 1488 1640 11365 1702 7756 7092 5303 674 3689 3175 8808 5551 4287 133
8554 1702 2607 5132
8555 2017 509 5009 1702 1729 1976 4255 6492 2074 2130 7200 3002
8556 1160 1501 7819 10276
8557 8434 5505 7819
8558 9961 328 7556
8559 2189 3536 5816 4027 10509 10583
8560 7819 11191 328
8561 5935 8918 9736
8562 7819 2873 1820 2474 2857 6189 2257 2876 2126 1866 1080 2102 2878 4632 7059 4458 2481 2472 4696 3095
8563 3956 2794 7909 2619 7819 4372
8564 8836 9480 7819 4479
8565 268 5935 11191
8566 11191 10907 2183 9033
8567 11191 5686 8864 4232 7514
8568 11191 5935 3773 289 9227 231 122
8569 1134 3773 2359 8783 6447 11191 9702
8570 2055 628 7202 144 1975 5175
8571 1009 261 3271 1984
8572 6887 5589 3683 2878 4250 2879 616 618 2157 4978 2555 2883 3095 1601 3242 2859 6196 2408
8573 1564 11012 6881
8574 2083 5537 7780 8305 6714 9969
8575 6714 2018 11672 9113
8576 5103 9711 8759 9743 770 10864 5061 7644
8577 9617 5944 9813 8555 1296
8578 4089 6759 3513 9813
8579 9813 10864 8745 2251
8580 2954 1305 1324 6683 2745 805 5055 1281 809 261 6464 1161 1163 2068 4691 1771 3479 8587 1162 7887 9947 3911 5186 974 7911 5634 1693 909 5400 1487 10493 9055 340 768 7728 4008 5662 4920 10991 317 4451 11265 9401 3493 40 3244 8616 5991 11339 848 3607 559 7503 617 907 3209 7502 3322 913 920 2596 10717 3245 157 6075 5884 190 4631 2965 185 895 6087 2037 8199 10600 2238 4502 4251 9883 5290 6572 5343 1358
8581 1714 3492 7507
8582 6308 10860 1118 2426
8583 7048 9693 3764 8003 11673 1142
8584 9141 1085 3572
8585 4454 2690 4360 5219 4989 11091 4187 6709 7248 2177
8586 609 10029 3041 6120 3265 9659
8587 2107 466 649
8588 10042 3787 2105 408 4944 5239
8589 2497 2431 913 8414
8590 8086 3655 3221
8591 8755 6533 10540 8086 4578 4889 5571 3529 3902 2506 1155 10055 9156 5026 6130 11222
8592 2813 6206 3481 5116 4123 1878 4257 1590 2258 2477 28 2879 6207 432 2485 2292 3242 6103 2263 8086 1884 2171 3247 7968
8593 6214 9571 10689 3408
8594 471 7000 314 2085 1132 4619 2086
8595 1295 474 1981 1142 7449 1600 2377 9056 4146
8596 8753 1483 7815
8597 4844 4242 2879
8598 7910 10098 4844 1017 18 4816
8599 6165 6332 3756 4844
8600 4844 11313 8596 6835
8601 434 9387 2274
8602 2582 2471 999
8603 434 3919 6291 43 2208 1616 6199
8604 6914 2017 1635 1079 2084 434
8605 2662 2394 434 10075 2303 3508 6221
8606 4411 1770 4008
8607 2561 2476 6954 2666 4706 2159 2284 2758 2487 2115 2116 33 1603 1604 2404 2298 3961 3962 3110 2117 2118 3964 3966 1619 2121 2409 2211 3968 2325 6198 6196 2214 1887 1626
8608 4645 3685 9141 10226
8609 3784 3685 2278
8610 175 3685 5353 1741 2609
8611 3685 2100 2698
8612 5250 9752 3685
8613 5344 5507 3685 2959 5935 1488
8614 10782 3685 3705
8615 7664 3685 10784 8214 4946 2100 3453 3645
8616 9559 3892 2513
8617 2546 3743 5432 8762 6297 486 959
8618 227 2334 9250 5239 9683 3834 6698
8619 4092 9683 3366
8620 9683 637 2238 9273 6067 10529 1914 11312 8880 4624
8621 2546 5231 157
8622 7341 10808 7093 4101 4668
8623 944 7590 8201 7442 11074 2098 1134 2426 7341 1415 7951 1014 2022 195 6305 5615
8624 7341 1267 6474 1802 156 11124
8625 5840 259 7341 9280 1137 9450 4184
8626 7341 1704 6345
8627 2654 7341 770 5116 4123 22 2288 916 5715 2491 3959 3960 3493 705 2163 2115 2117 2118 4071 2669 3965 4633 7934 5716 2320
8628 468 10710 7453 7341 719 7247 3666
8629 2632 9066 10839 1094
8630 2865 8286 5721 7114
8631 271 8809 477 11676 122
8632 1194 8774 8727 2541
8633 6718 2541 10669
8634 1443 10410 128
8635 2541 5077 10134
8636 2541 8999 3292
8637 1359 633 3412 4119 8050 5047 7288 10772 4543
8638 1359 332 10123 8581 5700 5624 7120
8639 7240 1359 4301 3546
8640 8572 1359 7389 6245 4284 6097 4552 3009 3807 6700 4875 1058 3605 871 303 18 3500 2495 7493
8641 1359 767 1776
8642 3407 5580 4803 4804
8643 2506 1359 4245
8644 1359 6209 4571
8645 423 11448 6926
8646 3301 4543 7667 3004 10017
8647 1954 8180 10489 1341 180 7690 946 11678 8359 10655 5694 10264 7560 8204 1151
8648 9194 1775 7090
8649 5274 9 3074 1860 4354 1028 4993 6101 1589 1587 9522 4124 6139 2481 9195 3095 2532 3140 2172 1628
8650 7020 7125 7058 3771
8651 11023 449 7640 6533 2347 967 8666 7708 2216 8017
8652 6345 2068 4815 5938 6290 3931 5130 8274 6026
8653 8721 4095 138 1379 3313
8654 4440 8721 1310 83 11484
8655 8721 6328 3835 10294
8656 6259 7830 11231
8657 9877 1733 244 2193 1338 3658 10070
8658 1194 9018 5545 5807 3019 1471 10452 6050 9794
8659 11681 582 4010
8660 8775 7610 11633
8661 3194 3533 475
8662 3194 2946 5245 1093 2494 3219 3262 3263 4911 3885
8663 3180 7896 6510 5556 4524
8664 5200 2954 3415
8665 9021 2057 4974 2041
8666 5357 2342 1216
8667 6625 1850 11154 8991 2926 4653
8668 3330 11115 6088
8669 4478 383 4498 655 6625 1183 3951 2238 10 5948
8670 6625 3008 3341
8671 6625 3635 9800 3359
8672 6625 2154 618 2406
8673 8325 7066 913 2041 4285 9744 8337 103 10887 3365 2103 3124 1204 6549 1467 11225 10448 3634 5425 2407 842
8674 3012 7716 448 931 1704
8675 1297 4816 8077
8676 20 6955 8168 2295 2525 2488 2293 2758 1884 855 1616 4635 2121 3968
8677 3152 11313 4022 3468
8678 1328 3152 5316 5476 3297 641 10754 9364
8679 1775 4473 1094
8680 6307 3637 4473
8681 5988 555 4473
8682 4473 8014 9575 7672 11672 6026
8683 4473 1973 4287 2702 3545 4460 3848
8684 9939 6652 7221 8917 150
8685 68 9939 5247
8686 1924 1322 962 624 1769
8687 2109 962 5945
8688 478 476 4471 8758
8689 4471 2427 5929
8690 551 111 4471
8691 6924 7533 2454 3503 3491 5628 910 7475 8385 3928
8692 10081 10092 2702
8693 2702 10109 5339
8694 7806 2702 10109 9101
8695 2702 469 1797 7436 3393 3226 4228
8696 1344 1367 8333
8697 2702 1334 9617 232 11331 2726 8146 278 5713
8698 2702 1775 6817 5266 3200 1001 6189 1185 3442 1877
8699 1494 2914 7410 6435 389 615 1216 1792 2672 780 832 5132 3775 6815 4187 8247 2163 1342 175
8700 2702 9287 9352
8701 7980 2702 1349
8702 4562 3223 2702
8703 2702 1267 1554
8704 2702 11324 7249 9559 3024
8705 9639 185 3885
8706 779 2702 551
8707 1775 3575 2702 331 232 234 4589 227 9961 5811 5336
8708 4558 2702 2068 9161 123 1465 122 1464 1479 11683 8448 8356 8184 10651 11684 1478 11622 7263 7074 10445 63 126 11585 11685 124 8203 11464 9495 11686 4819 11376 8450 2085
8709 2702 9173 8251 2196 656 41
8710 639 4771 2702
8711 3175 2024 147 5321 2702 10847
8712 10102 7788 487 5334 361 4511
8713 926 7931 321 2702 1185 5551
8714 6288 5303 6096 48 2702 2572
8715 7401 2702 1745
8716 8992 4252 2702
8717 2702 2076 184 864 6374
8718 2702 1134 285
8719 2702 909 328
8720 8852 439 2702 1549 10295
8721 7847 7195 10307 2937 7397 268 11668 7027 1810 4119 9985 1790 8074
8722 6533 4227 4909
8723 9935 3682 5467 5237
8724 1984 11339 11687 4909
8725 8371 4909 4010 2660
8726 3994 347 9910
8727 4227 5891 4257 2478
8728 971 3634 8457 1399 4227
8729 1069 4227 3298 3052 1640 8991 6649
8730 28 21 2261 31 6976 6179 1884 9861 2210 3768
8731 453 4440 4227 10362 11688
8732 6220 3990 6766 1643 381 5871
8733 7622 5891 1094 9482
8734 328 967 2105 1876 7875 1589 1587 6139 4977 2322 4893 6416 1616 5891
8735 7299 1249 1349 5891
8736 8551 7307 8472
8737 7307 8550 3768
8738 3240 1876 7307 3012 11197 1407 5212
8739 7307 2981 5944
8740 7307 2567 1858 3920 2110 1585 702 6969 2281
8741 10708 7710 1094 4116 7307 1624 5562
8742 7307 7720 2557 4784
8743 6021 10619 9337 5468 1393 2611
8744 6798 10000 4384
8745 3033 6326 9073 6794 628 7230 11371 6488 1295
8746 1134 8550 11416
8747 11200 4338 2725 7197 6112 1195 10605 606 8550
8748 5863 6848 8550 1349 579 4130 4476
8749 1819 2872 2107 2645 11 6189 13 4069 30 2481 3243 4504
8750 3559 3605 6248 1840
8751 2986 7247 9119 1745
8752 10458 4012 3855
8753 10458 2756 2068 2160 2492 3511
8754 10458 4113 7997
8755 6665 2295 705 10458
8756 3514 3668 3818 4412
8757 219 2660 3401
8758 16 9217 9286 3960 3242
8759 3768 2713 1242 7071 1977 391 11484 5890 456 1219 214 8081 3661 8646 9700 913 5847 6291 8808 7280 9327 3053 4040
8760 4175 2199 7504 7995 5711 4008 1081 3424 7892 6342 4639 4893
8761 8762 6183 3334
8762 10092 9768 2465
8763 4773 345 11276 4618 126 123 1484 8113
8764 4557 1737 4788 6783 9919
8765 4773 5944 5083
8766 6157 3745 9915 7250
8767 3683 7250 8856
8768 1247 2284 9450 7250 895 2216
8769 7313 786 6101 4765 1587 432 6803
8770 9639 168 4774 568 3165
8771 4774 1338 1820 3998 2474 2109 4063 4064 4978 7340 4705 2114 4706 36 2397 2758 4709 2116 2115 3110 2885 2884 2886 5550
8772 4774 5985 4161
8773 5572 9800 8455
8774 194 1298 8455 6767 738 3325 9853 3568
8775 5857 621 1354 1318 6566 10040 516
8776 8455 10011 4983 4415
8777 8625 9962 9379
8778 1527 2190 477 478 11448 2620 2719
8779 1393 4301 557
8780 2144 898 2621
8781 551 9739 383
8782 9739 5081 3251
8783 2812 10485 787
8784 2496 8566 1142 8976 9139 3446 2017 6802 10180 333 7575 2057 7005 4707 5806 5506
8785 1043 8008 527 5346 58
8786 1560 68 4449 10454
8787 9895 3201 2506 2584 745
8788 7208 2373 5167 9421 567
8789 10647 8257 4123 5098 2205 1316 2161 3493 4722 4073
8790 1190 559 7767 6312
8791 4020 1317 4554 10852 1783 866
8792 2384 4478 7979 2181 10783
8793 1044 642 597 4469 7967 1798 1672 466 5010
8794 1866 5696 8092 11689 9387 11080 2157 2397 5100
8795 10018 4515 10868
8796 5576 161 7117 342 4619
8797 9871 11100 11527 7744 6050 11106 7945 7345 7147 10214 8270 5576 5353
8798 11013 7397 5900 11438
8799 2070 7673 1508
8800 126 7064 11639 2389 1483
8801 7397 383 4273
8802 9065 7397 1249 5102 3540 551
8803 3334 3636 7504 3612
8804 1959 1820 3234 1858 2385 2110 5900 7397 1343 2322 2166
8805 2975 5696 10453 1579 6959
8806 162 6503 7397
8807 7397 6859 2190 1798
8808 6849 5297 10741 5371
8809 474 6974 5732
8810 1295 4245 4302 5205 918
8811 4140 6965 2684 9094 379
8812 8137 6168 597 3764 8063
8813 6965 7141 10088 4172
8814 3802 679 772
8815 2741 2621 4652
8816 1320 5927 5523 2068 3764
8817 3690 7069 7206 128 6979
8818 2922 5333 2751 7240 1585 2518 4920 2238 6441 1954 7338 2385 1647 11373 10104 783 6954 2480 2479 2524 11137 6940 2646 807 1594 1595 2485 2666 2287 1591 1592 1598 2283 2159 2286 1596 2393 2396 1597 1593 2484 2588 2289 2501 842 1084 832 2290 2292 916 2288 1599 99 3494 33 937 2116 2299 2300 2816 9284 2117 2118 3505 3386 3508 2530 47 1883 2600 565 6651 2838 2839 2840 4635 1619 3968 853 1616 2122 2121 3137 1611 1615 1558 1610 2214 3247 3523 3522 3518 3521 4633 1614 2213 1887 7316
8819 2471 1857 6 2385 2878 2484
8820 2385 3533 5234 396
8821 2385 1080 8643
8822 2385 4067 2282 5715 4893 6543
8823 2697 2385 4120
8824 4548 2385 7 2647 2475 2112 74 2293 2489 2398 2482 2395 7340 2882 2115 1603 1604 33 2404 2403 3961 3962 2117 2118 4980
8825 8227 5618 4686 2392
8826 5915 3551 5349 2385 1907 1778
8827 2385 8237 4111
8828 3787 2849 2914 2385 1441
8829 5621 1977 8729 7826 2070 4451 8072 7941 10861 11691 6349 8364 10006 2385 5040 3981
8830 2385 88 974 96 9499 5482 4601 227 4801
8831 4051 2141 1137 5542 3051
8832 2385 2750 1820 2108 5267 4067 3088 2755 30 8168 31
8833 5776 6122 7506 960
8834 11692 2730 4564 3534
8835 11692 5234 7003 9280 6312 6802
8836 11692 227 8278 10927
8837 11692 4 5 1820 9 10 3074 1861 2475 4354 1080 4993 4257 2478 3960 4694 2135 7165 3057 4346 433 6991 4704 2631 6315 4252 2534 6823 2409 2170 2173
8838 11692 2751 5116 2258
8839 7728 4150 8510 3642 755 3230
8840 5008 9658 2506 6666 11371 8036
8841 1071 8878 642 11011 604
8842 1173 2245 9094 2934 8661 5671
8843 977 516 577 7100
8844 869 606 4012 2085 9734 1788 329 122 2087 11141
8845 2656 2461 3244
8846 179 5297 1089
8847 3807 477 1114 1592 2298 2407 3246 1559
8848 3600 7732 1545
8849 3009 4290 6510 915 508
8850 3297 4269 4945 7033 8816 1882
8851 9817 3122 7518 6459 10811
8852 4862 7 5468 2257 3919 2269 11512 2451 6665 294
8853 3881 6470 1236
8854 7048 5201 9499
8855 9832 102 5604 5616 9499 4884
8856 9787 8166 453
8857 4025 5186 1232 4654 5252 7477 5569 7103 3134 2311 70 4333 3032 243
8858 1974 1137 1985 428 148
8859 2439 6671 1110
8860 1 2750 2257 6206 1334 2524 2280 4378 2112 4250 2522 8376 6147 2286 1596 2285 2174 1592 1597 2395 2484 2396 5757 4812 2393 2287 74 2399 832 2274 2160 2489 2289 2293 2398 916 2501 5715 2397 1599 2526 2305 2401 4908 2491 3959 3960 5289 3493 2115 1603 2118 3508 5020 1617 2211 1609 3965 1615 3967 394 4196 2413 2535 7317 6354 2213
8861 5679 6486 1644
8862 4321 4755 6287 663 2101
8863 7681 8158 1734 1162 4350 2724
8864 1471 1465 122 1483 8158 2070 2730 6931 10394
8865 3774 11411 8158 4828 4247 6561
8866 8158 2566 1407
8867 947 4328 371 1277 3748 1272 383
8868 1821 8406 2562 5765
8869 3410 8158 2070
8870 8158 3013 482 35
8871 6060 8158 4296
8872 1045 1948 6193
8873 878 3723 4961 6302 8855 122 1471 4187
8874 4961 1090 4069 2287 1591 1601
8875 11618 5389 7089 820
8876 3336 10979 10846 1536 9804 899 7586 3138 3823 7244
8877 11693 8743 3474 2254
8878 550 4273 194 109
8879 1471 10456 8356 10708 5121 123 5256 11303 11429 6462 10236
8880 2368 1752 2284 11054 8817 6221 4198 9791 7118 4074
8881 6112 11696 9930
8882 4360 5676 6626
8883 10455 1553 2386
8884 6261 1360 8114 1553
8885 5074 142 6462 2269 7478 314 1553 9024 8544 5381 8405
8886 1553 2167 1707
8887 1553 7353 6656 4168 8414 10738 3054 8749
8888 896 1553 3835
8889 1553 8665 2809
8890 1553 3230 2813 2947 1341 3796 10908 3239 888
8891 10785 5244 5986 3615
8892 2513 1553 2008 9121 1137
8893 8091 1553 481
8894 9591 1366 734 1333 5020 2426 1553 4338 1227
8895 1553 6654 11567 1186
8896 10525 2917 10163 1553 2590 1249 2240 5608
8897 1553 2017 2032 7736 1655
8898 1903 6885 1553 2426 1295 7508
8899 6349 5392 1553
8900 1553 2813 3406
8901 1553 1360 5139 2426 9393 1698 7535
8902 2425 1655 844 1693 1553 4993 1964
8903 1553 6686 627 5219 97 9007 5683
8904 7529 2254 1553 9907 4287
8905 254 1553 2426
8906 644 1553 6340 2426
8907 1553 6748 551
8908 1553 3796 7535 734 2913 9582
8909 7248 10976 4923 11698 18 10678 9693 3041 409 6621 8043 3424 4711 3057 1553 551 2426 4971 8342 4496 1655 3314
8910 7821 4158 11699 11647 10404 7261 4513 2955 2243
8911 2359 3745 7544
8912 1655 7078 10834 4965 3825 2067 8027 3386 379 8507 1799
8913 5152 2067 8745 3937 11668
8914 1379 8934 225 2067
8915 1734 6570 6642 10321
8916 5442 2513 7594
8917 10253 10405 8608 1816 937 10085 1195 2067 5440 2242 8481
8918 431 1745 4454 2067
8919 2067 2093 4273 8166 641
8920 1219 3503 6623 3468
8921 9060 4290 527
8922 6251 9060 9334
8923 841 6743 6849 11701 5267 7052 10962
8924 1587 1589 2113 166 2116
8925 8553 4232 208 8668 9726 8852 10379 3689 414 1055 1976 2256 4406
8926 9341 2238 1150 4107
8927 5633 4107 3816 7906 5953
8928 10953 5915 5923 4746
8929 2475 2679 4107 6627
8930 5491 11697 3133 4107
8931 4107 1780 3612 11456 3323 801
8932 5357 842 2269 888 4107 7793
8933 4107 5633 2190
8934 1 4107 1137 1114 2481 4697 2482 4698 6650 2525 36 4706 2114 32 2397
8935 392 11299 7336 9991
8936 7336 3857 1924
8937 8472 2510 7336
8938 5500 111 8043 7041 7336 761 4507 1135 6517 1798 9702 3664 6744 5391 1660 4187 707
8939 4274 4331 273
8940 2516 6189 4271 2157 1599 1600 1617 1618
8941 1128 4223 4271
8942 5695 9712 5682 4271
8943 4271 3790 2404
8944 4247 4271 3958
8945 559 10654 8730
8946 6245 9208 11703 5470
8947 5266 205 1194 8372
8948 878 4548 9840 2195
8949 4543 4548 5631 6807
8950 9251 1950 6862
8951 1908 8604 786
8952 6798 11241 6043
8953 7693 5500 1334 551
8954 5500 374 6533
8955 7533 7870 7192 9479 3830 5500
8956 10432 6308 5500
8957 5205 5500 5838 11535 8415 7852 10831 493 1985 7669
8958 2450 9987 6462 7613 5500
8959 8470 551 5500 8255 6751
8960 2924 3764 6305
8961 409 7508 2450 5017 2278 2510 1205 6151 4253 5357 4415 6931
8962 2603 3419 1191 6376 4502
8963 4147 8979 6494
8964 2480 2524 706 2161 1603 3242 705
8965 3195 7310 3241
8966 6765 5968 5432 9129 7767 9914 11706 8891
8967 2645 1866 1114 1596 4188 3240 1084 2490 1892
8968 3128 3026 3075 214
8969 6340 2022 218 1227 1122 5730 7471 227 2047
8970 1928 1906 8537 2741 7814 5905 1122 10049 3393 1181 3059
8971 2142 5335 1119 9516 1122
8972 4027 5161 3195
8973 7699 276 265 5173 4351
8974 10683 10684 6592 7688
8975 4679 4451 7471
8976 4917 3919 4889
8977 4344 7665 2559
8978 6622 1585 2476 4123 3442 2481 6902 2393 2190 4698 6650 807 2483 1595 6971 2406 2529
8979 1415 1094 2730
8980 4880 3631 6675 2730
8981 6727 1162 4880 1137 1163 3364
8982 8416 2245 10604 8910 3451 11521 2100 4880 10092
8983 514 7388 4880 7734 3057
8984 4880 748 570 2036 3210
8985 1295 551 214 156 390 1704 4880 4413 866 898
8986 4141 4880 3317 738 2572 4342
8987 4880 2445 842
8988 6317 2926 6214 1542 8936 5937 9282 4819
8989 597 2368 3099
8990 11196 1112 76 5650
8991 767 8340 4512
8992 2513 4804 1065
8993 2865 7151 4394 4515
8994 3193 2625 128 101
8995 3790 6153 6209 11709 10249
8996 6536 7179 3790
8997 3602 8670 4302 2636 8604
8998 5998 782 4302 7239 101 8165
8999 1829 3218 1881 4302 1954 7097 4618 6176 8511 8650
9000 4302 4241 9890
9001 4302 38 7740 2454 1533 946 7671 11391 5405
9002 1080 5803 1871 1875 2417 4436 20 5098 4904 4302 703 21 5061 2357 706 6178 851
9003 7379 8363 4302
9004 4302 3804 2398 10935
9005 4302 2600 649
9006 4302 9890 5908
9007 9103 6214 9190 3942 11710
9008 2269 10880 5392
9009 1044 724 2222 509 3788 1737 398 5191
9010 1134 4 3581 8706 11433
9011 2628 122 2035 4784 4478
9012 365 4478 4785 9119 10763 1094 3012 3005 11711 4270 3114 493
9013 4478 4063 5857 2880 2397
9014 1858 1820 494 8039 7391 4478 11157 6634 6955 1877 3092 9461 2756 5132 2523 6101 698 5188 2669 4981 2215 5716
9015 466 1045 10161
9016 4478 6189 655 2410 2169 3139
9017 5497 4478 7760 10765 11367 6944 6072 7386
9018 9376 4229 8818
9019 10393 11657 4339 8412
9020 1721 5518 5577
9021 321 7705 7070 132 10966 6609 1721 3083 2894 471
9022 9796 5439 321 6763 3170 11712 1218 11713
9023 2645 12 8399 1860
9024 11049 5765 3859
9025 593 11714 10082 6122 5651 9497
9026 11715 58 5964
9027 793 1434 5964 700 5 2475 2110 4354 2876 4064 5065 6615 1598 4257 2478 705 3243 197 1349 10761 8359
9028 5964 4453 8140
9029 8140 11509 10691 5525 10657
9030 1465 11716 11717 11376 11718
9031 11509 1896 1754
9032 11509 7598 11309
9033 10607 11509 8448
9034 11509 4488 1209 124
9035 11509 5792 8965
9036 3060 4255 1746 9067
9037 4222 5191 10380 511 1979 2988
9038 4158 1478 11721 6447 5470 5077 7047
9039 118 4321 1150
9040 1638 2793 7047
9041 3044 7514 11007
9042 10596 1157 5784 10456 8708
9043 8539 9995 428 7154 7698
9044 307 4356 3158 7892 5987 6401 6491 4259 275 2513 4301 4742 8680 2336 97 4408 1094 11144 10676
9045 5054 2399 4408 2500 2879 2486
9046 5061 3813 5054 55
9047 9 3074 7965 1416 2476 550 9363 5921 2292 2290 3135 4854 1627 1519
9048 8111 9381 235 11722 2336 10963 1192
9049 2803 101 1527 1500 2445 1079 2262
9050 1857 5 700 9 10 2475 3074 2474 2110 2751 3230 4120 6101 2258 1114 9703 6777 2282 1635 2295 2488 1601 2404 2403 2117 2118 3962
9051 694 829 8461 6766 11506
9052 829 11076 10042
9053 4829 764 9811 7220 5561
9054 222 9811 9227 6402 7220 223 11045
9055 10670 9616 9854 7496 4583 8913 2890 226 5288 222 5338
9056 222 4824 6711 6733
9057 222 6044 595 6923
9058 1419 2096 222
9059 4496 3277 4654 6828
9060 222 3004 4570
9061 281 222 1798
9062 8624 118 2059 1247
9063 6643 6089 11606 222 1947 10283 1853 78 10478
9064 71 1378 222 72 6307 7179
9065 222 82 8071
9066 201 7574 4645 222
9067 222 7644 3833 11488 6291 8830
9068 222 8624 9402 1580 3788 5552
9069 222 8734 4804 6091 2114
9070 1776 6915 2189 4815 222 9274
9071 3482 222 786 11724 2258 28 2113 2281 3092 8168 2206 2322 31 1594 1595 181 2116 2163 4251 3115 3245 707 2214 9626 5861
9072 10061 5228 7673
9073 8539 1391 3771 7521 9173 11111 1129 11024
9074 9738 11284 3927 3333 8487
9075 7703 9122 1076 10879
9076 4059 1706 973 1388 1678
9077 9330 1037 715
9078 1253 5962 5745 8195 2177 2621 138 7433 5188
9079 5962 10384 5392 5554 2098 5553 6805
9080 5962 4863 494 6688 11328 2009 11725 2985 778 5753
9081 227 4328 7900 268 5962 2593
9082 8290 9621 6802
9083 6808 262 133 1028 2449
9084 1840 8574 3352 5659 6403 8031
9085 4232 3352 9723
9086 3352 8680 2351
9087 9427 2995 3352 10748 1010 10756 3043 767 11726 7319 4737
9088 9252 3352 2238
9089 4677 285 5237 3500 1219 4653 379 227 9051 8348 3352
9090 5450 1147 1728 3352 2453
9091 656 2472 2881 6902 2287 1592 2288 916 2397 2400 2882 3352 5289 2491 705 2117 6624 2211 50 2313 6928 2315 4725 2314 3520 4308 4310 4312 2673 4309 6200 2674 2305
9092 2075 1696 5204 874 5987 273 11263 4581
9093 6205 18 3481 4922 3651 616 1587 2280 4977 9389 3848 6812 1598 1591 1592 2288 32 31 4706 2485 4705 2396 2289 1602 3352 2666 2274 4813 2400 5289 3959 74 2296 1603 1604 2115 2116 705 33 2403 35 2404 3961 3962 2117 2118 2527 7752 3508 2304 47 2306 2084 394 7314 855 50 2325 7317 1559 6198 2671 2320 7321
9094 6614 5435 3352 1272
9095 2145 7168 11229 2947
9096 3352 6990 2351
9097 3352 1635 1185 2370
9098 3352 10612 1173 7557
9099 5077 3352 4101 1228 2132 1286
9100 763 3352 5448
9101 1084 11729 3352 1483 68
9102 477 3677 101
9103 2600 3953 9259 5431 7339 4527 2757 3493 2492 4914 5551
9104 8621 2137 1704 7112 5237
9105 7829 6734 6097 104 4527 732 6843
9106 3382 10871 4235 6751 142
9107 486 869 2942
9108 11730 5863 6236 2278
9109 10709 4305 6650 1738 9771
9110 7056 3813 7287
9111 11396 86 2030 8621 4174 6344 10011 1840 1129 6324 5046
9112 4090 4163 6730 590
9113 932 9166 7769 9536 8280 11192 9527 1729 10444
9114 4090 1044 4481 3547 6529 1408 9972 1094
9115 4090 5140 1161
9116 4090 4467 5476
9117 5205 9116 5772 8315 10216 4406 227 7890 946 11518 11052 2040 2539 7986 11669 10042 7674 6053 10911 3372 5670 1720 4090 1348 8388 579 9236 6346 604 6416 111
9118 10842 4090 2566 1192 6683
9119 4090 6769 1161
9120 4090 68 3205 4114
9121 4090 4890 3959 698 3960
9122 1745 7287 2563 4090 4920 8320
9123 590 4090 4467
9124 2085 5399 1556 4090
9125 4090 398 5697
9126 10785 5114 4163
9127 1478 1464 655 70 7441
9128 1857 3205 11380 5123 1727 2238 6429
9129 11731 5000 5126 6429 3398 5309 8048 3739 5542 456 6896 4456 2022
9130 6429 1953 4443 1098 3870 5467
9131 4529 6429 4504 8398
9132 1344 520 494
9133 6429 7357 4923 5329 2061
9134 1727 5026 8255
9135 6846 2030 4574 5579 481 9442 8195
9136 1159 11732 8346
9137 8487 6308 8019 7485 71 4085
9138 2645 9830 1797 2750 6 7 1820 10 11 7990 1308 186 1861 11189 3664 3112 3088 6101 2258 1589 1587 1879 1114 4502 2288 2523 704 916 2284 31 2296 2117 4996 2324 2169 2170 2408
9139 3443 1848 2582
9140 494 10429 11510 11733
9141 3987 10676 2336 5295
9142 3827 5295 210 1311 6580
9143 7380 3642 1471 11017 1986 11734 11735 11576 7267 11736 1481 63 10443 7158 5295
9144 10830 6744 11308 5295 597 2893 266 3334 5607
9145 9265 5295 3467
9146 1192 10286 311 4986 3482 5295
9147 5295 10730 2044
9148 369 7622 5295 9344
9149 5473 6581 5946 261 5234 5213 3351 1410 1470 5295
9150 1775 6434 5295 10168
9151 5295 57 3564 2361 3316 871 8076 595
9152 9009 5295 411 2566
9153 5295 2449 311 871 11737 11488 944 5087 8088 8089
9154 5295 3600 3793 11738 11405 7257 10870 5076 4158 325
9155 5295 7489 6230
9156 6952 4690 5295
9157 9088 1664 506 5295 477
9158 5295 3005 2024 871 3265 3973
9159 227 3797 11723
9160 1304 4511 1798
9161 642 1964 1640 185 10411 5295 8092 633 10015 6667 2656 8602 6626 3070 4492 8342 450 11082 8101 2164
9162 5295 4503 6667 10740 1878 4187 2282 3960 8133 3964 4252 2323 3139 2408 1612
9163 5295 3645 3957
9164 456 11172 8677 342 7006 11177 1142 2938
9165 5692 8134 9193 88 1471 1137
9166 2576 365 802 8134 3990 2186 11221
9167 8134 10669 9120
9168 3453 8134 477 4803 8800 4574 11285
9169 2600 4276 9179
9170 642 2573 9217
9171 2141 1080 1450 5557 6947 3297 1350 6466 7598 11304
9172 7800 1079 1362 9130
9173 4453 10944 9839
9174 4453 1964 9500
9175 4453 2372 4101 2299 1893 11019
9176 2647 2810 4453 1660 4367
9177 2068 2590 6449 4080 1137 5174 11236 4300 624 3558 3795 937 177 1454 2221 3084 2949 923 10047 3265 7144 7587 1151 1552 2950 8399 1829 8039 2524 1587 1556 7434 5076 2375 1162 1928 3482 3272 5256 902 1163 1822 7118 11054 4198 10820 6373 261 7119 8306 6180
9178 8155 1238 3132 189 2068 2057 871 1366 2656 1178 3261 181 83 6087 1535 261 1161 1163 4386 204 1094
9179 2068 1011 11739
9180 4 12 6667 2105 2068 4355 705 1499 853 1883 7645
9181 2068 6969 6925 3242 4705 2882 705 6140 707
9182 786 2878 5049 2113 616 4188 2756 2068 2284 2116 6140 1881 3243 2552 853 8261 1612 860 7781 7782
9183 8092 1858 2475 3074 2257 477 4120 3088 2665 4378 2157 6476 4502 2206 1596 31 706 5100 2068 7416 2161 2859 2298 8059 4190 2302 9390 4252 1611 1613 4126 856 5551 4814 6972 3519 1824 1629 9724 2761 2173
9184 2876 2751 4993 6634 1114 6527 2879 2068 705 10368 3245 3244 1607 3968
9185 2068 469 1922 3343
9186 672 4575 2068 2726 2389
9187 3230 1589 1587 2068
9188 2068 767 8764
9189 2750 1820 1864 2876 3683 2111 1137 5942 2755 166 2068 2158 705 3240 3960 706 8059 9624 2263 2209 856 3519 2589
9190 2068 2765 352 184 4333 7111 128 9864 3028 9959 6013
9191 4 1 700 5 7 1821 9 10 11 2647 3074 1860 6189 1861 4354 1857 3076 2257 6205 22 2480 2478 2280 2479 2281 2472 2282 2068 2295 2488 2285 7340 2396 2293 2489 2882 31 2290 2294 2397 1601 3959 3493 2296 2116 1603 1604 705 2262 2883 3242 2117 6013 3169 1617 1823 5104 10653 4635 1883 2122 2836 2324 2409 1615 1616 1609 1610 1619 852 2410 1611 3137 3967 2211 3968 2121 6213 6199 2212 8261 6198 6196 2411 2213 2860 4722 4126 2321 2320 2215 3520 2671 3246 3247 1627 1614 4633 3140 6355 2214 1887 1626 4188 823
9192 2757 2068 1823 2888 853 1613
9193 2068 278 5010
9194 477 210 393
9195 1931 1655 551
9196 2281 2068 4630
9197 6214 4819 6372 1542 8221 8924 10584 11740 4101
9198 2068 1433 869
9199 3076 18 3376 2524 2480
9200 2017 1137 9322 1295 3973 5654 6984 3343 1495 3338 3345
9201 1588 2068 3959 6976 2320
9202 2068 1092 9385
9203 887 0 2750 2068 2555 5104
9204 4819 2085 3272 2068
9205 2068 1 2343 3017
9206 4124 6139 2068 4697 2293 2292 2532 2492 2885 3964 1885 2888
9207 6796 4069 3092 2068 2292 3493 698 2404 5282 6976 4995 2298 2760 2403 1823 6199 1886 2321 2860 6514 1824 4076 2618 1483
9208 1202 2068 3098 3744
9209 0 2068 4436 3863 7460
9210 10066 8307 3860 2398 5914 2068
9211 1866 7636 9554 3930 1962 2068 4813 6943 5116 1876 1878 6954 2396 2159 74 1151 4356 2883 3960 2555 3968 6199 6109 2084
9212 2068 2400 1822 2286 3959
9213 7313 2113 2280 4378 616 2479 2396 2068 2393 2486 4813 2294 1602 832 2160 2882 1603 1604 3964 6199 3520 2860 2213
9214 2068 472 131
9215 2876 6205 6943
9216 3525 2154 2665 8763 1114 28 703 4502 7236 7061 2288 2068 4356 2880 2393 845 2164 698 2582 6770 2760 853
9217 2445 18 2607 7385 2068 2287 4406
9218 2068 4436 2730 6924 551 1642 1782 3764 6950 9744
9219 2068 101 5278 3292
9220 6634 5605 2112 3697 9522 2068 1594 4893 3243 1823
9221 2749 887 2017 2107 10 4977 10256 2068 4635
9222 2524 1590 4812 2068 2552 44 3244
9223 2068 11401 4469 5628 1573
9224 2068 2891 4486 9773
9225 8131 6568 11554 72 1413 9026 1536 2770 11181 2068 1169 7587
9226 5098 2851 2174 2068 3110 2885 2884 2886 851
9227 4182 9725 4529 2068
9228 6189 1879 1594 1595
9229 3366 1728 4553 10846 5526 2068
9230 1278 484 2741 4006 1137 2068
9231 2417 11189 1415 2289
9232 1323 452 3764 1496 6058
9233 4892 1226 6732 4041
9234 2782 466 1972
9235 5215 869 2782 4704
9236 1839 948 72 937
9237 5279 8727 5247 2254 11312 3803 2822
9238 8050 7719 2625 10812
9239 4543 5548 5908 5474
9240 9776 4933 6 9 1588 1590 2523
9241 5027 2426 4665 3683 11567 2521 5749 5435 5209 5833 9844 1163 204 10493 6653
9242 1077 7194 2240 11742 937 10171 10541
9243 304 6798 550 7882 4804
9244 4619 103 2134 2322 8697 11304
9245 7247 5908 1514 8063 2390
9246 8320 10272 2985 10421 2235 8043 4845 6621
9247 869 7351 3979 9324 11221
9248 697 2416 4845 8782 937 5804 2379 4660
9249 7899 4845 9720 8005
9250 9354 494 8949 597
9251 931 4529 7749 4860 3067
9252 7838 1355 3556 4104 4529 5626
9253 4529 1183 2723
9254 2951 6003 10069 4559 5205 4529 6000
9255 701 4529 5696 1868 2879 2501 4697 4978 4709 3095 6902 2489 2115 2116 33 1604
9256 2440 11701 7342 4640 5116
9257 4529 2396 2293 2398 2489 2115 2163 2116 706 4252
9258 2001 311 4529
9259 2020 9045 4529 3804
9260 1232 7494 3219
9261 5853 4529 2007
9262 4529 1090 1805 11348
9263 1076 4529 10313 10312 10314 10311
9264 5734 1137 5074 2657 2554 11215 3622 7692 5991 2758 4529 2976 83 8129
9265 865 7994 957 2804 6081 10 4576
9266 869 5154 3351 754 3744 912 4288 9126
9267 2804 5655 8436
9268 2804 947 7116 5545 5993 4232
9269 4900 2804 10943 11020
9270 6233 3664 2804 2959 1655 5838 3394 11743
9271 2359 869 2804 11623
9272 5385 1965 451 72 2804
9273 6231 2804 1513
9274 4010 2804 9459
9275 7294 11567 11 68 2190 2804 6891 2960
9276 3834 2804 7899 2322
9277 3030 2804 5511
9278 105 2361 2471 2021 2804
9279 4216 258 1621 1135 88 11731 11721
9280 258 2800 5770 10932
9281 258 1797 548 5652 3062 10930 1749
9282 3384 4029 2194 3534 3316 10317 9677 4236 551 1094 6830 66 3008 937 7292 530 4490 3065 11136 2603 2831 310 11604 10577 10426 7456 5021 3753 5884 7502 4408 2829 4038 10498
9283 7153 8181 7760 11744 4515 10319 5906 2085 2243 11745 10726 7384 9137 11746 1028 10553
9284 3905 3094 1982 4692 185 1169 8454 7832 316 1654 5323 2745
9285 1091 2709 3768 5361 3924
9286 1134 6941 11681 3795 71 1741 2494
9287 7366 5817 878
9288 3257 5817 1450
9289 1519 2251 486
9290 9524 5817 5707
9291 5817 8210 1546 9495 10462
9292 9380 11553 10377 5817 5161 122 5606 5152 3600 1483
9293 5817 1159 2600
9294 9229 7081 5198 10752 8795 7373 5197 7037 4043
9295 5817 6924 4735 743
9296 10594 3743 11620
9297 9413 4288 7020 2613 5546 209
9298 469 7178 204 160 2016
9299 4929 8745 5657
9300 3118 4929 6162
9301 4929 2445 8646
9302 4929 4704 7703 6361
9303 4929 1199 9776 4623 8505 508 115 8232 8280 8281 10075
9304 4732 494 4497
9305 6445 6534 11747
9306 1700 5324 728
9307 4732 227 10139 331 871
9308 2359 2631 5062 5441 4732 4147 5195 3745
9309 486 8897 3574 3600 3612 4732 6827 6683 6262
9310 4732 7765 4386 7964 1697 290
9311 4021 1503 6168 321 1484 484 11344 11185 3296 5254 362
9312 4819 4732 9162 11748
9313 1238 153 369
9314 935 5143 7765 283 284 4348 4732 5646 1796
9315 4732 4301 9236 1551 1953
9316 347 2985 227 413 4732
9317 4732 10438 5680
9318 3747 1402 3687 4732
9319 466 2539 9887
9320 11435 8665 6606
9321 8665 9855 5831
9322 3887 2747 477 1079 311 617 3057 9122
9323 2416 5545 6174 2002 575 10573 1194 11476
9324 2779 10936 4514
9325 1775 6719 1059 2779
9326 2779 194 2683 4079 4496
9327 8255 795 4804
9328 1465 113 4284
9329 9177 8055 7714 113 5035 1145 1457 7538
9330 1203 3415 9 113 1866 3488 6207
9331 644 5195 737 4320 11339 3274 1495 113 45
9332 113 54 9810 5115
9333 113 2501 551 5234 6091 9331 1137
9334 494 3912 2685 5408 9236 6411 9284
9335 1515 7699 786 1297
9336 5470 4669 4332
9337 508 557 6245 480 6821
9338 8941 11749 4396 3916 3336 6953
9339 6245 236 6919
9340 7019 6233 6754 6148 3201
9341 1161 7019 4009 2927 5634 3277 5258 1181 9821 9417 1137 1535 6769 3032 2240 204 946 1697
9342 1833 7019 1023 3796
9343 7535 10549 2462 6359 2479 7832
9344 7019 261 9333 3473 4389 1608 1161 687 2511
9345 2245 4816 5917 6505 4823 2100
9346 5917 1923 2730
9347 105 681 5917 474
9348 11069 6994 8904 11266 11750
9349 5917 3919 7034 6952
9350 5917 5251 379
9351 5917 10267 1964 4111 3559
9352 5917 402 2613
9353 11484 2950 6173 4037 1277 1278 5540 6802 9126 11751 10293 8281 4138 7407 7469 1147 1096 4401 2822 5881 11080 3044 2708 903 10074 2187 3473 844 4953
9354 786 1137 9110 5725 2582
9355 8641 9315 779
9356 887 2750 4862 1858 2109 9315 3088 1114 5024 43 3964 5862 6745
9357 9315 1391 1659
9358 6174 8776 8660 7197 11752 2415 10392 9315 11753 4451 5960 1915 5592 10342 1204 8571 4654
9359 9159 4291 1195 8423 11733 10334 2090 10336 3848
9360 786 6294 8888
9361 1495 2417 3445
9362 6118 1096 9159 2700
9363 8190 10244 9359
9364 10244 4 8549 10154 9488 9007 3004
9365 10244 10062 9195
9366 10244 8558 10402
9367 2594 10244 7893
9368 4809 1994 2231 6433 18 8523 786 2717
9369 9765 10749 10885 4456 4450 10713 5243 11157 8585 5809 10830
9370 1249 8367 8346 5424 10255 9516
9371 2893 2544 1249 760 10412 3203 5360
9372 2827 2049 1249
9373 1249 5775 8873 3956 5996 513 2155 85
9374 1295 1648 4879 1249 1863 2454 4704 5519
9375 1044 8175 1249
9376 9869 3773 2593 1250 1249 328
9377 2223 2567 2049 5402 84
9378 6376 9185 5482
9379 1513 227 1194 1866 1249 8135 10630
9380 6659 4963 1249
9381 1249 5978 5979 5980 7347 11398
9382 3195 1249 9120
9383 5024 3844 1249 6739
9384 1347 7756 1249
9385 779 1249 1488
9386 3078 7039 4123 1922 3992 9455 6803 4705 2501 1249 2854
9387 3286 1813 365 1249 7494 1134 551 3423 2250 7435 7431 4943 7169 898 481 946 72 2923 1238
9388 18 20 1588 1249 2258 2113 4109 3092 7416 31 2116 847 9624
9389 1682 3469 2704 5374 111 1044 6915
9390 937 10589 4199
9391 9194 7187 9241 2346 10110
9392 9194 3018 9929 6830
9393 3949 7711 2268 2127 6273 137 4294
9394 10718 3949 3559 9274 1369 5421
9395 2061 3949 7702 5191
9396 2813 2154 2206 1592 7236 8681 2183 7693 8509 5421 3496 6783 876 2895 1212 902 6451 1301 3949 899 7018 4918 7880
9397 461 8400 5176 471 1367 7425 6176 3665 3037 10429 611 4068 3949 1739 6371 3276 2755
9398 3914 7285 3047 8110 8386 402 3044 1326 1663 3295 28 9364 7118 3949 4468 4198 7119 10144 7121 4733 7120 11755 1891 4200 7322 4734 8306 6221 7450 2413 10925 10924 2414 2670
9399 111 96 3949
9400 4301 7560 10631 4614 8204 9003 7465 10954
9401 3359 11753 16 9659 2665 2532 361 3964
9402 1775 28 4698 6902 807 1598 2283 1596 2159 2666 7340 2289 2758 2116 2115 2404 2298 2403 2117 2118 1604
9403 13 3088 2113 28 3761 2666 1594 1595 36 7340 2758 916 2485 2290 2283 1596 1593 2392 1591 31 4709 2294 842 99 1601 33 2115 1604 2116 5282 3961 3962 3110 2885 2884 2886 1616 8261 2411 2410 2409 6198
9404 3076 16 3482 705 2855 2532
9405 4669 144 10412 1788
9406 946 10699 4669 1169 4999
9407 1729 588 4417 1409 1407 11571
9408 3646 400 1738 1987
9409 9843 6737 1684
9410 10211 4819 9688 11332 1137 8943
9411 5548 5844 5130 11466
9412 11757 1183 947 5771 271 2678 10035 1080 147 3215 1134 2255 937 1238 7556 1579 3869 285 6020 72 4874 1519 9342 6938 11254 10255 5193 3721 423 361 3059 10265 3259 3206 2510 7718 4902 3298 7479 5059 4333 3032 6225 8634 1008 1009 8769 181 3753 5317 2943 9840 929 6283 1504 4840 872 6470 10039 6335 1693 3823 3570 4385 767 9356 1150 289 1994 376 5915 9858 4543 9383 9664 4415 2949 2097 6240 4694 7529 5361 3107 3362 10344
9413 721 10635 1129 4874
9414 7097 266 1464 2148 6214 1542 2085 2242 123 11745
9415 1465 11347 4819
9416 5215 6900 8352 9494 5487 4776 3889 11146 10506 11220 2568
9417 802 9144 4274 7826 109
9418 946 802 7160 4840
9419 802 4037 1137 666
9420 10738 802 11150 8973 6057 5346 6868 3142 1743 10650 1233 783 3557 8511 910 3530 8634 2971 1174 4934 7279 4026
9421 3971 5163 5253 6884 5717 628
9422 2459 2659 1237 4576 7970 3375 1600
9423 1072 912 549 1573
9424 1573 3054 9156
9425 3743 2190 1573
9426 1573 7144 5968 1134 5470 392
9427 1573 518 4051
9428 6158 6674 3855 1150 699 1134 8675 4549 5705 5138 9946 5927 5855 8015 1076
9429 1523 1137 9091
9430 3480 6189 8055 477 1875 7707 5116 786 2755 6578 1333 3362 4502 1499 2552 433 6178 2220 3239 3173
9431 6367 3705 3789
9432 2150 9907 7041
9433 3705 6995 227 5432 7520 1233 7799 5081 282 6691
9434 2205 8364 7198 4620 9437 3705 1194 651 9050 10263 11758 4386
9435 5230 1729 3705 10680 9970 5226 3226 1407 1748 1098 9894 10929
9436 8727 2254 2732
9437 7718 2945 3683 11482 5368 2113 2879 703 704 4978 6650 2483 2284 31 2525 2666 2283 4706 2114 32 2295 2485 2292 2397
9438 5462 8836 9283 91
9439 10272 268 9736 6316 8007
9440 9985 1513 2359
9441 2448 9985 7930
9442 10187 9985 97 7888 92 5144
9443 1814 283 3857
9444 8902 9206 1123 10572 3855
9445 3408 9896 6372 4619 2969 5593 3314 11254 2423 162 317 6060 2135
9446 11254 8896 5362 6641 8755
9447 11319 639 1788 1094 5503 477 7401 469 216
9448 969 10756 7498 2894
9449 6924 5043 11457 10617 7760 5503
9450 5503 261 2190
9451 10874 8643 8828 2730 4859
9452 1818 4975 967
9453 328 21 4911
9454 9349 1002 9274
9455 10437 9855 1023 1788 8015 11324
9456 946 11759 2418 8546 6456 10437 7774
9457 8402 10437 9919
9458 1407 4829 6309 9903 1019 1972 10034 10437
9459 603 2099 6888 2070 10437
9460 5047 5051 5596 7141 10133 10707 10437 5373 111 3939 1617 1618
9461 10437 10225 1415 11506
9462 3989 2359 2706 1328 418
9463 10437 5634 8881
9464 469 6116 10437 4130
9465 11211 10437 2148
9466 11088 5900 551
9467 328 5900 5703 176 6305 4253 4455
9468 331 5900 4469
9469 5900 4116 588
9470 5900 5703 4222 8993 3833 2083 3012
9471 5900 10105 11452
9472 1669 1332 2025
9473 5900 7622 11486 10572 392
9474 5900 4391 3616 1994 2730
9475 5900 9830 1797
9476 5900 3834 487 7454
9477 3764 3503 351 4281 869 1464 123 607 3677 72 1471 7839 5471 6157 2357 565
9478 3200 7958 10791 9119 5748
9479 7787 1079 5765 3126 1217
9480 75 35 2313 2314 2315 4727 4308 6929 4310 4311 4312 2673 6200
9481 1575 10751 5696
9482 1660 4735 3751 11101 2180
9483 1304 4999 5924 2345 7436 8168 2492 5944 2669
9484 6083 4528 6116 8233
9485 9239 2092 96 6083 9787 1867
9486 6083 8645 9198 5993
9487 1183 6083 827 2296 9526
9488 1660 10187 3504
9489 1273 4269 2337 604
9490 3856 1822 706 2118 3242 4504
9491 3844 10080 5323
9492 4534 1044 1094
9493 466 4178 1044 869
9494 66 4515 8381 684
9495 657 1044 1972 4333 10099 7727 306
9496 4300 10855 1044
9497 2632 1407 5049 1704 1044 3205 8431
9498 2516 1044 8299 520 5586 6106
9499 5746 6057 1549 9010 1044 780 4124 4761
9500 4096 208 11760 9951
9501 1044 4481 11050
9502 1919 1044 3847 304 6859 8968
9503 6749 1044 4923 3575 2074 551 266
9504 724 6322 1979 6641
9505 1583 2426 2647 1044 8549 1124 9072 6042 97 10274 8988 2394
9506 10930 10776 3317 3834
9507 1044 551 874
9508 10822 3559 4009 3691 2
9509 11084 8870 9065 682
9510 1044 11359 122 1465
9511 1044 10421 1362
9512 10507 1044 738 6168
9513 2921 2403 1044
9514 1379 3012 1044
9515 7536 261 185 157 5193 6895 9717 9497 6581 7840 3106 362 7409 365 9779 227 1162
9516 7406 1044 2137
9517 10506 2927 7262
9518 1044 4704 1486 4621
9519 1044 1906 3336 1295 2187
9520 1044 10189 948 5222
9521 579 11245 633 1044 9854 11035
9522 4080 1798 4882 11057 3332 9846 5765 8214 9579 1044 4259 6931
9523 4892 2022 1049 4882
9524 1044 6915 3366 3205 3871
9525 1044 8136 1451 325 122 126 4746 10688 10584 1465 1483 869 11762 101 123 5935 7831 255
9526 2062 4207 2022 2238 3809 5618 1425 2978 68
9527 1044 1164 361 1478 3272 10673 7267
9528 1044 3195 3218 2625 1483 11127
9529 1044 604 1094
9530 7385 1727 7703
9531 122 1044 1465
9532 4445 2564 8314 2342 1736 633 2624 3410 551 1094
9533 7389 633 8653 4819 10241
9534 633 7180 10875 9331
9535 633 724 3572 11093
9536 633 9171 11764 1670 425 2730
9537 633 1385 1974
9538 702 633 3481 2112 6650 6803 32 2397
9539 11498 11046 5063 10126 9706 11765 633
9540 1162 633 8704
9541 633 7525 7333 3205
9542 633 551 6209
9543 3780 1660 2454 396 633 1859
9544 633 4700 10819 9690 8318 2188 3809
9545 633 157 1407
9546 6698 633 2334
9547 3756 7432 3938 633 1972 743 128 8564 5881
9548 176 3534 1407 551 633
9549 633 304 2238
9550 278 1030 1211 515 3723 633 10532 869 11766 7457 3743 641 6133 8469 3487
9551 7730 10303 6728 4119
9552 159 633 2132 4285 1137 5501
9553 3412 633 3809 4080
9554 10877 4017 7703
9555 2000 11201 1035 1038
9556 2074 4253 6682 7622
9557 1300 2021 10265 7171 8859 10677
9558 7714 10265 5731 10111 2021
9559 2021 6718 9510 4827 550
9560 227 10511 10710 2021 5595 9548
9561 588 4938 2047 2522
9562 5572 5413 4764 4836 6938 7159 4486 2021 9388
9563 5507 5010 3412
9564 10296 3412 4873 2594
9565 1747 4474 8016 3412
9566 7848 6620 9646
9567 10080 1925 2848 3412 2017 5602 1972 477
9568 7117 3412 5625 1459 3347 2016 11145
9569 3412 4398 10115 3809 8497
9570 887 1777 3412 5914 3482 3263 7671 2908 3376 6363
9571 5257 3412 5922
9572 6507 627 8098 404 9300 1585 204 335
9573 28 2286 3240 2758 4071 2207
9574 560 4467 11312 1608 10866
9575 5786 5820 230 5686 5661
9576 5596 5049 400
9577 5596 5010 185
9578 1879 11463 8146
9579 4247 590 4116 7534
9580 1317 3860 2351 3615 83 5686 289 1211 11128 1519 2496
9581 757 3072 677
9582 3072 268 5453
9583 3072 6452 5935 11267
9584 3072 11442 7919
9585 10737 486 872 946 10970
9586 5046 10242 8203 1483 1471
9587 1907 486 2923 874
9588 3115 9390 4073 3345 9638 1628
9589 3129 3482 1587 703 2287 2161 33 2117 4812 6976
9590 3757 1684 928 7451
9591 594 1071 8320
9592 594 5910 331 1752 486
9593 398 6819 11231 594 4266 4482 101 520
9594 594 2877 723
9595 2136 10418 976 594 8406 8524
9596 594 1586 6316
9597 1434 115 972 1684 4575 5907 1672 1687 1393 787 8458 4059 1577 594 7752 1563 7757 2514 928 1668 1332 8065
9598 6585 594 1415 2097 4303
9599 6925 594 567
9600 3015 5076 10273 594 8176 1417
9601 3848 1878 4250 1114 2879 928 1149 594 704 4994 4698 4978 6902 2525 2114 4709 2397 4697 6650 2483 2293 2883 33 2115 1604 2207 2860 3520 3519 4076 2213 1614 3247 2214
9602 594 4066 1533 1710 1765
9603 74 2285 5100 6810 2555 2118 4908 4893 1037
9604 8092 2109 786 703 2879
9605 2274 725 6303
9606 2950 725 2983 6916
9607 725 6571 5775
9608 10 20 2157 704 9326 2115 9303 35 3964 5716 4838
9609 9481 8563 6386 5166
9610 8770 9481 1585 2113 2524 2480 616 1114 1590 2478 2665 28 6403 2472 2482 6902 4698 1591 1594 1595 807 36 7340 2666 2283 2484 1593 2395 4705 1602 2399 2882 2400 2489 3095 2293 2115 2117 3110 2885 5551 2410 3010
9611 9481 4064 5633 702 3088
9612 7965 9481 4699
9613 275 8857 7167 9211 5954 8629 453 638
9614 3085 613 6050 2256
9615 6274 5907 115 1132 4575 11570 1563
9616 6122 10357 1068 9330 722
9617 10879 4 700 2750 9 2647 2110 2878
9618 6669 10055 3468 2481 7783 9555 317 4388 425 9928 6869 3745 7798 3619 1904 2951 827 3759 5174 10998 3699 1342 2503 7432 486 6698 4957 7224 7192 2963 1938 577 2715 1527 919 4412
9619 2513 5044 10930 1954 1678
9620 1668 2008 127
9621 751 9723 9686
9622 8269 6067 8348 8718 1638 9947 1668 9358
9623 1668 227 261 16 7090 6895 5875
9624 1668 2922 204
9625 2190 4406 112 1668
9626 676 1668 4449
9627 1668 2203 2285 6665 2664 2969 4709 4995 2211 2170 5495
9628 4904 2609 726
9629 1134 726 786 225 2093
9630 2522 726 719 11078
9631 5612 383 726
9632 1841 4059 5907 9687 1622 1684 10454 6883
9633 3286 4059 133 3465
9634 11078 4699 702 2480 2397 2400 2491
9635 2361 2176 6273 11078
9636 1142 75 3813
9637 75 735 716
9638 1333 3743 1028 8245 8457 75
9639 75 257 3469 1234 484
9640 75 10116 2126 11248 8972
9641 4619 10487 75 6190 1357 3209 8106
9642 75 761 1144 11239 8444
9643 75 2632 3939 2074
9644 6769 913 261 10221 912 75 9330 4840 11227 204 7914
9645 11447 11635 7760 11771 4509 4552 10145 333 9500 75 7373 8660
9646 75 10976 10702 5341
9647 75 7028 9330 1132
9648 11165 75 676
9649 2442 9010 4451 11287 2554 9417 4780
9650 722 2993 3713
9651 10621 4922 3005 9528 4261
9652 5855 7583 8458 7573 803 4922 1295 787
9653 3447 118 4922
9654 3857 8690 2880 6970 4349 2274 2491 601 2555 3242 2164 845 2262 2118 2582 5992 6178 6199 2408
9655 601 719 6933 1257 11201 6122 716 712 5589 5612 751
9656 601 887 2872 0 2750 10 6189 1871 3482 4250 2113 4378 2478 2479 2112 2524 28 4124
9657 7777 10787 1648 3761 639
9658 700 5 3761 1821 4354 1585 2755 6101 2280 2113 6954 2665 2396 4706 2114 807 2399 2397 2882 2293 2398 2294 2489 4709 916 1596 2283 4813 2487 2115 2123 852 2324 4635 2311
9659 607 3764 4619 6683 3761 2454 1163 1743 3261 687 3787
9660 6411 3575 516
9661 8950 3761 1066
9662 6956 9297 1638 9799 2539 5646 383 11250 5254 8810 2254 72 7811 6442 7767 475 4949 7103 927 1635 3761 719 5823 2135 7273
9663 7473 3761 958 8486 959 9464 7298 10211 7413 11772
9664 3761 477 1783
9665 6887 10960 5174 3638
9666 7850 11011 6934
9667 959 810 5723 4035 4975 4096 1063 10856 7536
9668 10395 7612 9769 6372 1544 5606 9926
9669 5010 2490 5621 7028
9670 7028 1143 4353
9671 1562 7028 10105
9672 1077 6666 5466 10750
9673 761 520 6584 3457 4347 4755 4406 1437 3605 6967 607
9674 761 11399 8284 1128 8048 7808 11681 194
9675 2871 721 11012
9676 3638 2871 11613
9677 2871 10819 3336 1160 1216
9678 708 711 4299
9679 110 4299 400
9680 2017 8092 701 9892 4502 4299 1602
9681 4299 7285 4613
9682 1554 10495 6112 9248 8373 11335 11733 11767 11475 4605 8925 11525
9683 184 1714 713
9684 8562 414 711
9685 4643 2100 10844
9686 733 1188 5907
9687 7284 10617 116 7413 1714 4643 1670 928 9947 471 696 6737
9688 6886 958 973 10197 3915 2064
9689 4237 711 6303
9690 4237 958 10067 710 6886 4236 1453
9691 4237 709 1565 11198
9692 4237 4436 2496 1899
9693 1901 976 1386
9694 10454 6935 1393 1388
9695 1775 417 5429 3575 3793 937 5707 11002 1670
9696 10211 604 4296 4236
9697 4799 219 5275 478 2017 10040 955 10211 1391
9698 4755 7777 4238 10197
9699 10211 1768 718 10357 11012
9700 3389 2923 131 310 4622
9701 3636 1162 8173 10211
9702 2368 9103 719 11418
9703 719 11012 1034 11217
9704 719 5696 2112 28 2397 2293 4709
9705 984 719 7451 117 1532 9688 11011 1533 2136 10212 11343
9706 719 6876 10212
9707 719 8064 869 9043 4065
9708 2025 9685 3205 67
9709 719 10218 6021 386 6868 1138 9351 3257
9710 10 4501 477 1585 3088 22 4705
9711 719 4575 10913 1440 1434
9712 5323 9322 9792 4949 719 1080 8572 2027 1704 192 268 9191 7573 2950 6802 7859 352 6374 361 153 2081 9075 5021 6676 8192 2857
9713 719 7201 2145 3931 8428 1660 3884 6531 3551
9714 719 3956 4051 5777 7812 1079 1795 6664 3077
9715 719 1562 9330
9716 11202 713 719 3690
9717 719 8310 604 1251 710
9718 1711 1712 8791 414 3255
9719 757 469 864 544
9720 1621 11774 5127 3902
9721 757 10381 7212
9722 1649 2310 8241
9723 5700 1649 9491
9724 3054 1238 6935 3053
9725 1649 7637 331 5536 133
9726 1649 7444 1497 6064
9727 1401 1011 9579 8144
9728 3349 3181 6383 1401
9729 1401 2442 3005 4069 2398 1604 2116 2262 2115 33 2532 2534 853
9730 10454 8430 1332 2150 3827 7752
9731 10454 6883 1687 5613 477 1686
9732 10454 352 1758 128 130 3925
9733 5508 740 734
9734 3995 414 1683
9735 1071 672 6361 70 2454 3930 4552 153 3125 11241 5204 3366 11264 8507 2902 5971
9736 2581 4169 1071 1635 7549
9737 1402 871 2770 1988 1071
9738 1071 6511 2471
9739 1071 3334 1146 10633
9740 2908 1407 5009 2030 1727 8293 10880
9741 959 1388 7776
9742 709 9223 11204
9743 2397 958 709
9744 738 9238 9768 1675 55 4370 2714
9745 10619 6627 9445
9746 1675 6303 6238 2616
9747 7999 1675 10265 493 404 8715 6859
9748 3900 8741 9884 2190
9749 973 10233 10229 10296 9887 6886 4236 11776 7507 6865 3022 1481 8452 11777 1474
9750 6445 2533 9174 6136
9751 4904 6771 4058 1650 1673 2084 133 10475
9752 4238 9522 2288 2160 5550
9753 728 11486 10027
9754 184 11722 728 4329 1137 9016 10732 3292 2454 3277 11339 1527 59 946 3798 487 3257
9755 942 1433 974
9756 728 4111 1045 5143 10036
9757 5254 1148 5509 5890 194 328 728 2918 1906 3323
9758 958 4069 1590 2479 2174 74 2395 2486 2588 1084 32 1598 2285 2882
9759 958 1332 6273 6583
9760 958 1706 6238 881
9761 11522 3834 1162 1163 8208 896 3032 3276 2718 3798 261 929 5603 767 738 7387 8594 5804
9762 5 6 1860 9 6943 3088 1151 1594
9763 2393 2174 4755 2171
9764 729 68 567 118 7304 1706
9765 5334 6583 2723 1229 378 4421 1139 4755
9766 784 4755 1997
9767 484 5328 9343 4755
9768 1134 6099 4755 3394 5970 2567 3428 3811 11072 4150
9769 5188 869 168 3492 4755 2500 2893 4495 3671
9770 6585 7472 1569 68 3564
9771 2645 1820 4862 1864 2257 9464 9750 1137 2878 2113 28 3489 2482 4698 6650 4697 4978 2483 6902 1591 2288 2525 2392 2484 4705 4706 2114 7340 2486 1602 2399 2882 2489 2588 2293 2398 2290 3095 31 842 99 32 2291 1595 2295 2487 2488 1599 1600 1601 2115 1604 2116 33 3961 3962 3110 2885 2884 2886 4942 1885 2407 2410 8261 6198 6196 2411 2169 4722 2671
9772 5254 2386 4772
9773 10689 2243 10672 7257 4772 9186 7760
9774 9513 5130 6751
9775 8027 8879 2593
9776 599 9440 538 622 5549
9777 10767 8072 10363
9778 973 2947 1388
9779 869 6581 6461
9780 6859 11517 7487
9781 331 2539 11448 3043 6821 304 1464 508
9782 304 9336 3091
9783 101 10329 1484 3976 520 142 304
9784 10715 1325 9897 304 9440
9785 304 3722 1273
9786 11316 304 7141 1716
9787 2175 2176 5566 9426 11780 125 8448 123 6532 130 480 2364 3022 1471 304 7744
9788 111 4704 5374 304
9789 653 304 5737
9790 6483 10912 1229 123 304 6791 4789
9791 8095 4788 588 467 4632 4796 304 6820 9973 2951 9894 4790 538 10715
9792 9153 4406 2448
9793 293 2908 3813 304 866 3484
9794 1360 2872 1820 4188 2288 3240 1822 9326 2162 845 1499 433 3621 3048 4997 6178 3244
9795 7753 7814 3408
9796 1224 7117 4860 153
9797 4860 4518 5413 10768
9798 4860 3230 649
9799 6116 4860 383 4704 8121
9800 2442 5035 6024 4287
9801 3746 888 310 2852 3826 5220 1134 40 3492 8281 1317 2258 2392 10735 6257 2442 5341 3924 5030 9839 172 9695 1238 11503 2573 7517 4953 3295 8280 10052 8557 1938 937 6346 189 10736 11675 1594 2446 1247 10032
9802 5305 6740 3465
9803 2442 11765 8918 6948 4021
9804 4572 4333 157
9805 8757 6685 2442
9806 967 3850 2442
9807 2442 2725 3033 3615
9808 2898 8524 2442 1919
9809 2442 1836 8433 6073 520 3445 6740 102 10777
9810 2257 2126 2442 4356 1084
9811 2442 1594 1595 2450 7848
9812 2100 2442 5318 5461 168 7202
9813 5868 3636 2442 1644
9814 3857 2025 5806 2442
9815 1062 4155 230 2442
9816 2253 2442 4005 8300 5077
9817 8621 486 4334
9818 9699 3661 7470
9819 9699 8596 2258 3092 2756 6543 2473
9820 9776 3336 3394 9699 4232 10339
9821 7470 11517 5854 9228 3569 5193 18
9822 3338 133 10266 9699
9823 742 9699 1163 3306 5607 11553
9824 6317 9699 9948 1241
9825 9699 4859 1328 10053 494
9826 11577 142 4753 10733 3987
9827 11783 3032 6376 2914
9828 7070 11334 6374 5875 9052 3258
9829 550 11418 1954 579 580 10142
9830 3627 5370 3802 3336 869 2190 7525 4030 8605
9831 7056 8053 111 2704
9832 58 9436 9216 7056
9833 7056 588 10895 7710
9834 7056 1294 3870 551 4925 5760 5028 5222
9835 1126 4420 1736 4424 5556 3953 4198 7119 7120 1891 7121 7056 8306
9836 1740 2765 325 10403 469 8427 2496 1310 3129 7069
9837 1798 1740 3534 2566 1976 1217 8320 1991 2074
9838 4416 3547 4452 7069
9839 6670 8140 4234
9840 9778 8839 4412 943 4308 6929 4309 4310 4311 6200 4312
9841 9431 3327 2600 8088 2621 3082 11664 5382 2767 2594 7953 874 624 11784 3030 5169 7919 7515 10385 8089
9842 8088 3605 6117 4486 5593 11021 448
9843 10582 588 7673 8317 3655
9844 3334 466 4432 2986 5020 6608 11354 1094
9845 1079 9541 918 4599 6618
9846 4599 7814 6672
9847 4599 2350 3128
9848 1695 10385 4411 2113 4250 2480 1587 4378 2479 2478 21 4124 5626 2322 2666 807 1595 1591 32 1593 1594 2392 2396 2484 2286 4705 2114 2485 2400 1602 2397 2398 31 2490 842 33 937 3961 3511 2211 2671 3140 2320
9849 8365 10390 10385 7020 69 1391 5479 2090
9850 948 11484 243 10385 5356 8357
9851 10763 11323 10834
9852 6131 1441 4552 40 7486 3735
9853 9244 2621 590 3032
9854 7118 9364 7052 10962 52 4198 6373 7121 1891 7119 4734 10806 8306 4200 7322
9855 6238 1776 5873 3979 6097 11528 2510
9856 1070 1165 1457 3457
9857 1457 1229 7551 11417
9858 11106 9601 5169 1457 7919
9859 2371 10813 2631 7770
9860 11442 177 4136
9861 7673 8057 5118
9862 7861 724 6537 8293 11526 11498 3253 3979 10125 4325 593
9863 6133 1024 3382 10158 639 2050 654 7144 6566 3743 630 6994
9864 5158 8965 3105 5690 5234
9865 955 638 6566 122 1513 4819 3793 651 5158 1754 16 1781
9866 7287 243 1406
9867 10002 2245 5992 1195
9868 1972 9216 7447 8131 1212 913 635 5204 1008
9869 418 1540 8431 5343 551
9870 10125 5548 8349 11573
9871 2359 186 1102 6131 254 8913 1405 6284 7466 1704 6157
9872 3655 11437 1102 1173
9873 5416 2986 2985
9874 1406 2623 1989 11182
9875 2368 5048 5416 11146 9956
9876 9486 194 10061 1906 97 786 109 5416 1924 469 1972 1965 10703
9877 4553 988 6514 10133 10880 8164 11281 11066 5416 3591 2737
9878 5625 1073 5529 5416 10117 4975 967
9879 1350 7993 5476 6304
9880 11505 5416 4780 551 10216 1781 7401 2079
9881 1972 9043 5416 1294 581
9882 2830 2831 8723 2118 1099 1881 4190 6179 3135 1612 2124 2212 6353 4170 6270 9772 2841 4359 11786 458 5294 11491
9883 5447 7766 9815 1586
9884 3073 9561 6139 4698 6650 36 2397 4709 2124
9885 649 7054 10852 5237
9886 8799 8089 7239 1270 10961 486 2382 2008 3469 5915 2701 8645 5038 9667 7165 335 6374 3298 955 10791
9887 11088 1467 9395 1451 5287 1727
9888 4094 3725 10361
9889 10720 4552 156
9890 319 3600 1391 6279
9891 1330 7235 1487 268
9892 1330 6227 1487
9893 6730 1330 3850 1108 5657
9894 3398 7571 5237 262 5087
9895 11553 1783 7436
9896 2765 7593 2768
9897 10966 6050 11774 4325 2256 11527 129
9898 11708 2930 8292 4642 481 8132 6589 8116 193 1544 4819 10552 10615 10001 10881
9899 5422 8292 10720
9900 8959 11608 8292
9901 8292 580 8313 1584 1134
9902 6950 4254 3931
9903 3668 8703 5462 5010 1291 8836 1980 10003
9904 3239 467 1123 6918 2100
9905 7482 2609 1520 8344 4089
9906 8849 6980 3789 4500 2921 3683 8938 9416 10476 2100 7646 7482 55 6402
9907 11144 5619 459
9908 1098 7482 6026
9909 7482 6853 8065 7907
9910 1719 8050 10021 319 609 7208 865 5052 1795 7895 657 201 207 3827 1069 1783 6912
9911 3709 7208 6339 2218
9912 7208 5148 3241 1001
9913 6249 929 6995 2370
9914 2001 1377 4611 3804
9915 2238 2001 3124 278
9916 2049 2051 2001
9917 1125 2973 10029
9918 2001 8188 4863 6577 202 2943 2247
9919 2001 5880 3009 391 20 2044
9920 190 3802 4006 2001
9921 3473 2464 7508 2001
9922 2001 786 1149 1400
9923 6073 8169 2001 7519 272
9924 2001 4544 4523
9925 3551 11788 2001 7661 3410 5328
9926 5337 181 2001
9927 3540 2017 2001 7508 391
9928 453 2924 6766 2001 905 1137
9929 2514 6596 2001 1696
9930 2001 929 786 7535
9931 9305 431 70 6656 2466 427 2949 5285 306 288 2001 6386 317 3912 8917 1661
9932 2001 5855 755 4872
9933 8148 1778 10940
9934 4051 8394 2001 3804 1219 7299 5951 11789
9935 2001 8596 6029
9936 2001 5440 7151 8833 1769 7398 8144
9937 5775 2001 10506
9938 317 486 10856 1212 1114 7123 2001 1729 227 551
9939 4119 973 2743 5437 5618 786 904 4089 9242 9244 7699 11382 9466 2001 3175 6176 2025
9940 2987 6261 2001
9941 604 2001 225
9942 2001 2681 8464
9943 10565 3405 883
9944 2001 5949 3823
9945 1862 2001 3608 2238
9946 2938 139 2001 7294 5367 7129 687 101
9947 2001 1341 4114 3012 2103
9948 10490 7040 2001
9949 5408 2001 9755
9950 4747 5249 9664
9951 2878 1878 2280 2112 4747 4069 2756 4705 8690 4706 2114 2274 4709 2294 32 1599 1600 2292 2400 2295 2488 1602 2290 2885 2884 2886 5104 6196 9771 6193 2410 6198
9952 4747 8582 3881
9953 4747 5109 306
9954 8092 6948 1585 1876 6101 2479 2478 2112 2113 2280 1332 1114 2524 2525 6139 4124 1595 4355 2288 2472 1599 7061 2482 2290 2292 1591 99 2114 2483 4697 3095 7802 7340 10147 2400 1906 1655 5523 4630 7509 10011 11240
9955 7672 1706 1333
9956 1781 5050 142 7020 7125 2730 2447 1983 1301 898 1355 1474
9957 7407 4403 6292 181 1706 1125
9958 1706 3186 1994 1238
9959 1706 6908 2040 6061
9960 1199 675 597 4229
9961 744 1041 2849
9962 8694 11563 5520
9963 4534 8815 1151 5332 948 6958 9043
9964 8896 9734 2981
9965 6118 786 10349
9966 2749 1818 2017 2107 4 2348 1858 1775 10 2475 1864 2877 477 5099 2204 2523 6207 4355 3493 2163 4251
9967 1775 1199 285 3369 295
9968 877 5626 1775
9969 1028 1775 1635
9970 1775 5232 1355 779 876 6767 9412 340 230 157 827 3117 902 204 352 6318
9971 1775 993 3534 370 8396 8278
9972 4895 1084 4503 8675 1775 10102
9973 7980 1716 3069
9974 1775 9195 4900 8333 9927 4976 4379
9975 1775 2105 2813 7313 5942 3482 616 3092 2482 4502 2485 1151 2472 2290 3959 705
9976 718 1775 11447 4323 9963
9977 1775 1207 3608 6847
9978 1775 1072 8641 2945 3505 11324
9979 1775 4136 3408 3678
9980 1775 9054 1949 10739 781
9981 1775 4566 7910
9982 1775 11024 6845 11023
9983 1775 1820 7 3700 3074 2751
9984 1775 1387 227
9985 1775 1654 261 929
9986 1775 227 9757 3698 8891 10684 9495 8140 7388 7929 3789
9987 1775 7 9 2647 3074 1860 6189 1864 4501 2518 3088 1114 3092 2879 2284 706 1084 2486 1593 2392 1881 2121 2407 2210 6141 4125
9988 1775 6875 4902
9989 6099 8175 11792 3656 1775
9990 1775 4 1858 3076 133 6101 2755 2113 2163 2115 705 2171 2589 1559
9991 1298 1775 9447
9992 1775 1238 2745 4421
9993 6763 5595 4642 10910 1737
9994 6763 1072 1653
9995 6763 2070 2730
9996 8733 10011 8971
9997 8733 7427 5615
9998 5569 138 8733
9999 8733 1954 1736 1080
10000 8733 5948 11794 4828
10001 786 6533 783
10002 8703 428 148 1796 6533
10003 9787 3774 8146 9907 2308 6533 1689 783
10004 6533 4931 1741
10005 7679 6533 4013 5038 3082 3129
10006 8374 11163 6533 2629 9342 10664
10007 6233 6760 2049
10008 3869 1872 4088
10009 1116 1410 1333
10010 5432 6099 9643
10011 10528 9643 5480
10012 628 702 2154 2665 3488 3092 911 2481 1151 832 2282 6178 2209 3246 6972 5551 2589 9643
10013 9643 2091 5831 1867
10014 3251 9643 2754
10015 2034 3408 11795 1216 5448 487 687 11275 361 7528 7409 11610
10016 1697 1464 3297 1281
10017 425 1976 3297 464
10018 11219 5038 3297
10019 8429 2450 3297 735 586 6732 2662 4386 4323 11727
10020 5470 3297 227 4840
10021 72 5180 1983 4147 1337 7143 1175 127 516 5810
10022 3297 5358 483
10023 5573 5924 3297
10024 72 11797 3297 232 7387 522 1216
10025 2613 3297 2546 485 255 2025 476 844
10026 6174 4949 3271 6101 3297 2238 8998 5829 6376 5310 4515
10027 10301 3297 262 10528
10028 72 3297 1504 913
10029 3062 9115 9566 637 10529 7839
10030 3297 4147 871
10031 7070 4916 2953
10032 3297 7117 551 1727
10033 11287 891 642 3297 142 7804
10034 3297 8571 10940
10035 8931 11616 3297 2613 6831
10036 3297 869 1017 2732 3833 3038 6802 11484 10976 194
10037 8011 8100 9838
10038 3297 261 1419 1274 3408 6374 7541 72 4656
10039 744 9785 3297
10040 7436 331 72
10041 3297 1295 1536 7811 929 873 6676
10042 551 3297 1840
10043 192 1480 7531 1465 1483 3297 142
10044 3942 946 3297 344 361 266 1954 3082
10045 414 3297 2445 477 8364
10046 3297 5081 2613 7844
10047 8493 7839 8491
10048 3297 4207 10638 71
10049 290 3297 5432
10050 524 6043 7549 7344 8578
10051 524 1829 11189
10052 524 11189 9105 5249
10053 466 91 3878 1291 4905 6008 137 159 105 524 3630
10054 10395 4512 8249 3195 4290 10422 10234 306 9189
10055 9471 8121 8249 7020
10056 3378 610 2621 1160 8350 2594 8249 4278
10057 690 3234 9146
10058 3205 5913 8971
10059 2513 3240 2262 9148
10060 3661 11390 4398 588 398 1899 11689 2635 9148
10061 9148 432 37 8059 852
10062 1857 2352 651
10063 1979 6761 365
10064 6762 551 6442 4385 786
10065 494 6942 1093 6762 3831 4083 1703 6107
10066 5731 6762 7797 3741
10067 184 8950 6958 5000 10076 10121
10068 3397 4232 1088 3607 888 321 7576
10069 2653 3338 8120 5222 6525 6618
10070 6614 5429 744
10071 481 1736 8313 9972 895
10072 2653 5333 1301 5888 646
10073 5559 5098 911 2653
10074 1547 477 2105 1114 2161 2115 2262 2118 35 433 3965 3967
10075 7529 8981 1981
10076 5469 111 11619 2545 1696 624 4432
10077 4970 5469 6504 3880 6668
10078 469 3984 5969
10079 1368 11626 988
10080 3090 3904 1368 2621
10081 1368 3081 3082 3084
10082 4089 5868 2969 7667
10083 55 6113 1218
10084 5703 1242 1338 3238
10085 2239 2655 3238 7895 4784 9570 5357
10086 4147 4828 3242 1109 4344 4050 4611 3804 168 2413 1893
10087 606 11340 3032 912 7409 8457 5232 11252 8603
10088 486 331 2625 4675 8412 4339 8934 11615 8423 9142 5081 4515 10664 10444 2418
10089 9809 6363 4079 4246 5582 6581
10090 7084 7083 2792
10091 1972 551 6603 10114 3205 484
10092 3259 6292 1792 2947
10093 6292 3419 192 278
10094 176 6685 1736
10095 6292 520 6493 7094 7532 345 11597 10851 3138
10096 3259 6292 10177 7788 11103
10097 4575 6292 1294 2017 4820
10098 1519 6292 3334
10099 6292 5077 6063 11453
10100 6292 8448 7267 122 1471 1465 1483 1479
10101 6292 1676 6880 708
10102 2581 9 3074 13 3482 2480 2665 2113 28 29 2523 4698 6902 2288 6650 2483
10103 2581 2174 4389
10104 2607 4816 2581 3330 281 1022 2133
10105 5883 3869 2581
10106 1519 278 9170
10107 2581 2205 3937
10108 9433 3230 4501 5116 2755 2113 2581 1114 2282 807
10109 2581 7858 149 6374 7734 4329
10110 10670 2581 7249 9616 7358 5159
10111 5620 5803 9328
10112 7847 7072 7570 1376 133 10906 2088 6555
10113 2581 10953 8805 10583 773 7767 9195 1420 261 4112 10222
10114 2581 5653 420 311
10115 10883 6840 8204 4513 2002 5855 1187
10116 2581 5173 10209 9400 1205
10117 11328 3187 1137 8287
10118 11328 3239 9539
10119 11328 2978 4628 4346
10120 8933 11799 9480
10121 4058 1224 3005 430 2864
10122 4058 1055 5671
10123 5553 6361 1513 6514 10109
10124 6773 8787 3770
10125 1875 6374 3937
10126 8257 11800 1974 11511
10127 278 1165 1973 10801 486 389
10128 2350 737 9350 4192
10129 4735 5450 6434 2100 10071 6075
10130 6556 6108 6842 2909 406 1700
10131 10065 6943 616 618 2157 33 2490 2404 3965 4635 6972
10132 9830 5298 8801 9822 1407 7294 4923
10133 3251 3598 10183 1996 6371
10134 1027 480 3251 3689 5610
10135 3096 5081 7106 266 4065 190
10136 9002 1964 7178 4475 5064 8215
10137 486 3492 5475 6445
10138 2513 4693 3958 275
10139 5475 551 9273 6923
10140 5475 7666 1780 1584 4254 5242 3062
10141 4646 5589 3424 6111 4503
10142 3092 1499 1636 2668 6178 5550 1609 1610 852 2320 8261 1612 278
10143 1743 3854 10854
10144 8464 3468 7648
10145 811 294 1859 7508
10146 811 7955 5833 70 5834 823
10147 2367 5099 2755 811 10317 2103 2113 3092 5820 2288 2114 698 2490 3242 6253 2302 3115 3244 3565 3139 4633
10148 811 2092 11333 1183 8710
10149 10 5452 5392 4756 1776 2582 4496 2803 2110 9591 5 7791 1864 2257 6184 734 3230 2706 4067 2518 28 7339 2288 2261 3489 2487 4630 1880 8059 6543 4504 6178 3244
10150 469 5653 2100
10151 1519 10485 8533 10020 6835 11271 1411 10759 11031
10152 453 3009 6672 7029 5149
10153 280 9009 6726 10487 261 550
10154 9905 1896 8224
10155 8224 9740 7674 10931 3004 3001
10156 8903 6367 3880
10157 579 4391 4908
10158 11433 567 10980 1487 888 1348 1984 6947 1169
10159 2924 2445 3772
10160 2924 3202 6299 486 3336 331 1311 1757 4642 2084 1094 137
10161 10292 2924 3590 230 7034
10162 8092 10105 2924 2208 2408
10163 2924 2769 2628
10164 1360 3415 2924 3550
10165 2924 2465 3868 4265 2163
10166 941 2924 2377 2126
10167 2924 2190 7223
10168 8387 1754 10394
10169 6037 432 7296 4584 5268
10170 865 2004 1124 1916
10171 2730 5914 2518 7972 786 7426 6261 286 1850 9055
10172 128 11547 8049 1227 782
10173 3573 2445 11420 1803 3419 351 5077 3763
10174 8544 3254 3573 9285 7984 3771
10175 5010 7615 9285
10176 145 3292 3984 6850
10177 9678 11 5206
10178 4636 4092 38
10179 6909 24 9789 11390
10180 588 2893 1410
10181 5913 114 7756
10182 3030 7576 6462 2184 7919 2799
10183 4080 10708 6528 5063 7287 9385 1145 2135 4233 2959 5490 1407 6574 1738 3205 1331 3605 5213 5594 7406
10184 8964 5302 8440 10118
10185 10626 10303 4642 2539 1919 1247
10186 5342 8621 10175 2238 3825 9285 10701 562 2621 10731 72 8123 10245 4515 10983 6381 7564 11719 11659 9676 5906 6748 11429 3764
10187 8520 2190 9153 4406 10626 2250 1205 7101
10188 6599 2496 1151 3043 8944 4439
10189 8355 1483 4606 6113 7151 8181 5077 484
10190 4840 1536 4276
10191 6654 2912 3684 4925 9751 2322 6261 3469 1403 3362 873 311 1473 389
10192 2745 3559 7766 3842 1459 8831
10193 4433 2332 2331
10194 4433 5626 8251 6766
10195 4433 9996 4882 7202
10196 2344 10419 4433
10197 7020 5587 3770 516 3834 1204 2963
10198 321 7001 11790
10199 4553 551 431 1137 3066 4833 433 1530 7020 383
10200 8448 2085 122 1464 1478 2086 3301 1483 125
10201 7137 3299 6020 2827 11001 8492
10202 4147 11472 1218 946 1209 4612 2100
10203 510 5369 8206 2734 10161 5491 10843
10204 6205 734 477
10205 11345 3272 1465 9901 11761 10352 4255 1485 999 278 165 2618 6462 8448 123 5660
10206 1820 2876 6205
10207 8162 1663 7454 5934 8280
10208 3937 896 6299 7436
10209 3631 704 4577
10210 5478 6340 2806
10211 3182 4949 8031 2100 2425 5421 8176
10212 8176 2956 3668 5464
10213 362 34 11344 2253
10214 9082 7567 4699 4517 4832
10215 2102 9177 1079
10216 8694 3649 11486 7091 11354 7090 11302
10217 3350 6544 3035 6343
10218 2539 877 4301 45
10219 10960 877 2455 1362
10220 877 5534 38
10221 8127 7267 9008
10222 176 2823 4916 10359 877 11102 2454 3120
10223 299 8333 9035 7572 3179 9415 5110 5825 528 3163 877 8653
10224 877 6432 6760 3876 411 5673 10640 520 4417 2369 2577 208 7030 1989
10225 351 9125 4889 11801 6227 2562 195 877
10226 3175 7195 2106
10227 3329 18 2196 5237 9384 9594 3032
10228 11781 9263 1173 11738 3043 61 238 2515
10229 3301 11802 9263 64 125 10651
10230 9263 7383 1173
10231 2238 2513 10297
10232 9263 9140 6441 1104 2405 5175 2748 918 6235 3581 4836 873 1843 4301 2239 7123 9914
10233 4130 4986 1593 9263 2513
10234 1173 10874 3301 9263 11804
10235 10280 9263 11494 8447 7563
10236 9263 6805 10930 10223 10430 4038 1704 9527 1211 6438 9599 9156
10237 8958 9263 2070 3421 1211
10238 9263 11430 7559 9875 8340 11184 1557 2242 7563 61 1209 11805 124 9495 8697 10279 2245
10239 9263 10278 6414
10240 1173 2245 11565
10241 1173 937 9677
10242 1173 2934 6174 685
10243 122 5606 1479 1173 5718 1464
10244 649 11630 10651 2617 11029 7563 64 1474 1173 10299 3724 7263 11806 5609
10245 2416 1173 5717 4515 1197 4597 11565
10246 1173 4290 66
10247 1092 448 7450 6052 1238 4159
10248 1173 9840 8782
10249 1173 6317 937 1446
10250 1557 1173 2151 5732 2245 1444 333 1165 9603
10251 7440 5269 8439 2587
10252 1173 6214 4819 8447
10253 1173 1554 128 5606 8447 1209 7553 61 10248
10254 1194 1173 4590
10255 3821 5865 1173 8042 9087
10256 10395 2496 3989 1173 4220 122 2243 4819 6915 310 1938 2922 11465
10257 1173 11243 5545 10605 7151 6395 1551 609
10258 7265 3022 8560
10259 9387 8404 3863 6002 408 4436 2278
10260 206 9809 1783
10261 2240 321 9024 7084
10262 3793 7084 1754 2375
10263 2088 1164 7265 7084 10352 5712 1464
10264 590 11810 8621 5465 6303
10265 6618 7149 589 9366
10266 1207 10506 3464 3559 9041 6857 5030
10267 7383 3977 3365 3043 11147 123
10268 7383 1194 477
10269 11545 11808 1209 7383 11781 1463 3114 9128 11414 10184
10270 1078 8762 4497 191 2946 3787 6754 185 3256 6374 3032 1355 9742 193 8027
10271 11316 9542 4602 8163 4382 11615 10700
10272 9876 63 4027
10273 7058 5685 1304 4636
10274 7722 5685 8268 2717
10275 5936 10320 8305 1929 1150 789 9342 5685 38 7881 4301
10276 2386 1695 6097
10277 5685 7418 631 122 632 5694
10278 9140 2582 1801 9570 2101 1464 5685 553 3752
10279 168 4552 4861 5413 175 189
10280 7179 10807 1519 8531 4618 5206 7449 9296 185 11743 7027 8193 6253 1304 8017 5660
10281 1222 3623 70 11810 9781 10117 3258 2044 11390
10282 1640 11329 979
10283 10423 5309 3880 1045 2953 8859 4767 428 413
10284 10712 8556 4950
10285 7016 10303 325 7077 6135 6609 6979
10286 1328 7016 42
10287 7931 2133 995
10288 10790 413 3469 4829 1764 185 9631 2969 3797 1472
10289 9631 2866 6683 909 7243 1661
10290 9631 9 10059
10291 9631 2727 2618 1228 3501
10292 7919 3030 639 9631 8631
10293 8503 5011 11275 3530 9631
10294 9631 1218 5222 2510 869 2190 6830 4515
10295 3818 1733 2497 2905 2461 1916 9631 1857 7843
10296 5552 9631 6915
10297 736 310 2862
10298 672 1143 2637 1155 3469
10299 672 10018 7217
10300 1868 672 642 807 1596 2159 2485 2756 2162 2758 99 1601 2116 1604 33 10208 10368 2532 853 4126 2321
10301 4483 271 2950
10302 672 793 1679 1620 4934
10303 9127 2475 4064 2813 2205 21 36 2288 2666 31 2116 2163 2118 4981 853 2169 2589 1628 3147 7968
10304 7041 9462 7043 417 4187
10305 1164 7730 5346
10306 6781 7730 8245 6391 7085 1895
10307 3272 7730 10444
10308 7730 10726 610 11359 11812 1478 8184 7259 1986 9571 2085
10309 7730 2747 1664 2621
10310 780 9565 7730
10311 1928 417 3543 11813 11259 11412 7730 7267 3272 8270 11814 125 238 126 1483
10312 494 7730 8697
10313 4061 3835 7730 9338 5626 122 1483
10314 11232 1069 8298 2982 7446 10817 5074 3827 11636 7730
10315 5086 2990 7117 2554 7730
10316 10160 8282 3334 7814
10317 8282 3404 478 8837
10318 4861 2245 661 2731 9111
10319 7329 1608 5965 7621 2792
10320 8448 1465 10592
10321 2792 6317 2440
10322 1778 7310 414 3542 8457 4301 8354 6434 4491
10323 6 1820 9800 8965 1080 4123 2479 656 1594 2486 2883 845 5282 2885
10324 5015 5014 8256
10325 5017 8736 5014 5015 6900 6923 6589 266
10326 5017 218 3205
10327 7058 1417 11591 3298 9914 4714 2040 9217
10328 7141 7114 4712 8323
10329 11329 9997 6845 7532 285 2563 4823 1134
10330 888 2392 8032
10331 7125 8566 7803
10332 3298 7632 3333 2621 8982
10333 7912 4585 3298
10334 7201 11815 9890
10335 4566 7910 70 278 6661
10336 6313 3816 9134 9550
10337 4018 4828 1741 5406 11302 272 3446 1959 9636
10338 3062 3487 610
10339 9688 2357 2218 1036
10340 469 1295 71
10341 1407 275 11816
10342 3822 4782 8676
10343 7549 11052 2180 6283 9617 9859
10344 870 7496 584 1089 1415 8017 8152 7654 3749
10345 7376 9250 1412 9680
10346 5284 9935 778 11093
10347 3262 4911 5284
10348 1769 5284 4389 42
10349 10861 5284 11060
10350 8964 3393 11817 3057 2769
10351 4185 11305 2193 3224 1045 4447 3981
10352 10006 3330 7707 784 4185 4051
10353 6766 4185 6395
10354 5610 2913 2278
10355 5602 6719 8569 8255 1118
10356 7450 72 817 9088
10357 1862 3359 373
10358 1862 1837 3373 538 3371
10359 6517 681 1126
10360 929 3768 8831
10361 4112 8569 11140 445 9312 9230 9891 3863 8911 7338 5303 7360
10362 2542 3747 8076
10363 5205 11170 333
10364 7830 7072 10095
10365 2085 7036 5205
10366 2513 6451 5205
10367 414 9825 5205
10368 2030 2174 2631 5205
10369 3027 9306 3905 2425
10370 5205 10717 786
10371 2947 4010 4305 4789 2646 5205
10372 5205 97 5890
10373 11818 9892 5695 3047 10942 1229 1922 4978 1635 6650 32 2114 2115 5205 7188 6198
10374 5205 1207 97
10375 5205 474 494 2445 8717 7710 10079 551 10450 2022 4114 3012 4116 3990 3235 588 2970 11573 2634 924 10111 216
10376 5205 11198 3421 9201
10377 1294 1315 3813
10378 2590 11749 508 1655 5205
10379 4117 203 8893 361 5205 10763 3317 3323 24 4654 11819 11027 5227
10380 1937 5128 5205
10381 1311 2450 6297 4856 1331 3175 458
10382 5358 10346 11280
10383 1331 2893 10506
10384 1331 2454 10696
10385 8595 5633 2193 2548
10386 8214 1971 8595
10387 10256 10705 8595 11153 5479 8716 6631 8031
10388 11153 9997 8595
10389 5075 7840 8595 9708 9493 232 10140 8895 333 2038 8208 38
10390 8595 2447 778 86
10391 8595 1970 205 581 1151 477 6417 2022
10392 1018 1265 8428 8243 5397 6506
10393 5987 7123 5628 6568 8010
10394 10603 7778 2238 5581 6020 3456
10395 1265 5684 2447
10396 4380 4760 1096 4872 4626 2328 1857 5887 8679 948 1890 7782 6500 1183 7199 794 3971 380
10397 2439 3615 9735
10398 3873 2490 859
10399 6278 11 2647 4354 1861 3076 15 1820 5116 6101 2755 2154 1589 2640 1587 4751 3092 2157 133 6394 946 2523 704 2487 2163 2115 3959 31 1880 197 6178 4997 6179 4942 2307 1884 4843 2212 855
10400 10168 8402 9774
10401 1180 336 11317 4803
10402 10675 2110 2257 702 4257 2478 2479 2258 11264 20 4187 1598
10403 3015 138 7135
10404 9844 6123 8046 9924 2136 3015 6516
10405 3254 5707 993 9447 5543 1656
10406 10 3015 4094 1860 9021 2174 2486 1594 2115 2118 6103 1615 7645 2208 3246
10407 2577 5311 7652
10408 3534 4964 5327
10409 6209 3015 5956
10410 3015 2269 4849 1598 8912 5415 8880 11398 6013 9333 2530 7418
10411 3015 2600 9314
10412 6685 4222 3015 3989 7767 234 3491 2368 6115 4452 6977 469 7587
10413 1328 2022 4932
10414 4932 5730 2063 8022 9069 11384
10415 4932 7050 426 6798
10416 505 7295 9091
10417 4094 3334 185 1660 3005 3416 1341
10418 5618 2548 1471 5893 2454 4094
10419 4094 9114 5844 102
10420 5254 72 2100
10421 4986 4487 10717
10422 871 5254 521 4987 11821
10423 5705 5254 415 9280 5186 1017
10424 5254 559 331
10425 7678 639 4900 11768 6638 5254 11822 11462 1024
10426 5254 142 5078
10427 5254 1531 10411 977 2922 9156 8232 3989 9170
10428 1965 5254 227
10429 3792 2539 5254 896
10430 4553 4496 5254 227 1778 278 7622 7062 6744
10431 5254 4840 1752 8983
10432 9971 3826 3996 5809 5222
10433 3991 657 2392 2174 4349 2490 2855 433 3115 8261 2407 2888 3135 2084 2179 8586 6181
10434 12 2111 15 4993 6634 6101 703 7339 3092 2174 2206 2164 860
10435 2357 1587 2174 2486 2293 1602 2258 3960 706 1611
10436 2751 18 2206 74 7340 2174 2285 2286 1591 1592 2287 4705 4706 2114 2484 2395 1594 2284 2392 2485 2882 2398 2400 2397 2274 2293 4813 916 5715 2489 2399 1599 1600 1602 3095
10437 0 2750 2174 1151
10438 477 5098 1878 2755 1114 4502 2206 2174
10439 9 4965 10 2475 1860 6189 4266 1585 4120 770 2878 3088 477 2755 2454 2205 28 703 6476 4124 6139 3092 29 4502 704 2174 6665 4629 1600 2163 3095 2162 2293 2161 2406 2262 706 2885 2884 2886 9624 6103 4252 3245 4942 2307 5738 2410 2171 6141 2326 1614 2215 2320 6355
10440 2813 4069 2524 4994 2523 2206 2522 2174 4697 4978 2483 6902 2525 4812 1601 1599 1600 2161 845 706 2552 2311 2209 2214 2171 1824
10441 2479 6954 1590 28
10442 5914 6427 7643 3376 2689 2174 3242 706 4893 6972
10443 6667 4501 2755 1878 2174 842 74
10444 4917 1878 616 618 2282 2174 2163
10445 1876 3626 2174 3135
10446 10 22 2755 2879 2157 2174 6809 4355
10447 887 1819 2017 0 2750 1820 3998 3076 2878 6634 1876 2879 28 2157 3092 2174 2286 32 2397 1822 2285 5100 2274 2400 2555 845 2883 2296 2164 2118 5282 5104 1823 3520 6213 1824
10448 1114 28 3092 2174
10449 618 2258 2174 1594 2285 706
10450 11 2111 1585 4257 2280 2479 616 2113 2206 1598 2174 2287 2286 74 2285 2484 4705 4706 2294 32 2398 2501 4813 2289 2293 2295 2487 706 2486 2588 1084 9326 2489 832 2397 4709 3959 5289 3493 3960 3242 2118 35
10451 11765 10371 8723 520 11433 2665 2478 2113 1587 1590 616 6954 4378 2479 4250 2112 28 4124 6139 2482 4698 6650 2483 6902 4978 2525 4697 2174 807 1596 2206 1598 2287 6803 2158 2288 1593 1595 2284 2392 2484 2286 2396 4812 2485 1084 2295 2488 2292 1600 916 2588 2501 2290 832 1599 3095 5715 842 2291 4813 2289 2397 31 2487 2489 99 3959 3493 1601 2296 5289 2491 3960 2115 2116 1603 1604 33 2117 2118 2532 2885 5550 6103 2668 197 3964 1617 2324 8261 2311 1611 1616 4635
10452 6634 4123 2258 10850 2174 3240 845 2283 2881 2487 6543 3129 3756 1116 2325 852 2169 5953 1612
10453 786 6139 166 704 4994 4977 432 807 1602 2174 7236 4502 1603 1604 3110 4995 6976 852 1613 4126 856 6181
10454 1585 6943 4123 2174 4812 1591 807 2274 2393 2293
10455 2157 2482 4698 6650 2525 4978 1598 2483 1591 1592 2286 4812 5100 2285 2484 4705 4706 32 7340 2174 2758 2397 2400 2489 2287 1597 1593 74 2392 2555 3110 6198 6196
10456 701 3129 2426 2665 618 2522 2174 1598 1596 807 2394 2159 2287 2283 2501 2299 2297 2300 3508 3509 3644 2512 35 2492 2535 50 4074 3522 3517
10457 9170 2482 2174 1597 2287 1592 2283 1596 2159 74 2285 4157 2393 2288 2286 2588 1084 2486 2399 2274 1599 3242 705 2299 3962 2300 2117 2118 2298 47 2121 4635 2325 6928 6929 4311 7314 4727 4308 4309 4310 2673 6200 4312
10458 4436 2813 11219 2203 2174 7645 5856 7781
10459 786 8426 2261 2174
10460 22 4994 4977 2174 1597 1592 2287 2487 705 1603 2298 2117 4071 9592 2171 2321
10461 1585 702 2518 4994 4355 2174 1499
10462 2174 7102 7914
10463 2174 1922 1700
10464 6974 4069 1589 4807 1590 4124 3092 166 2174 2159 2287 704 4698 1822 4697 1591 5100 2555 1603 698 3960 2298 2582 4996 2302 2668 5104 6972
10465 4807 2322 2482 2174 2114 32 2395 7340 1151 2399 2293 4709 2489 916 2882 2398 2115
10466 1342 2174 2723 2747 2377
10467 6101 4257 2478 4807 2205 2524 2480 2113 1114 28 6955 4977 2482 4698 2483 1599 4697 6650 6902 2525 704 1600 4978 2206 2666 2284 2174 2287 2285 1594 1597 1593 1595 2392 4812 2485 1084 2160 2487 2291 99 2486 2588 2758 3095 2397 2295 2488 2274 832 2290 2292 1602 2491 3960 1601 5289 2880 2262 162 2115 2116 33 1603 1604 2883 3242 705 2118 2404 2298 2403 3961 2117 3962 4071 3110 2885 2884 2886 4997 2668 3964 2534 3508 2121 3966 2325 4635 1883 1617 1618 2409 852 2208 3137 3968 3967 3965 1615 2122 2166 2324 6804 1619 1611 1609 1610 8261 6199 4633 2215 3247 2214 1614
10468 2112 2396 4812 1598 807 2485 2174 2399 2274 2290 2292 2289 2588 2160 2295 2488 2486 2293 2398 2883
10469 2524 618 4124 2174 2283
10470 4378 1114 2174 2118 2859 2117
10471 11281 4257 1590 2174
10472 6634 3481 1876 2258 3092 4502 2174 2287 2395 2399 2293 842 2489 832 2160 2162 2163 2118 4251 1607 707
10473 4064 786 2174
10474 4250 2666 2174 1597 1592 1594 2488 2290 2118
10475 2126 1080 1879 8690
10476 10787 13 3893 7313 6352 2280 4378 4250 2112 2524 2480 2113 28 4979 2287 1598 74 2285 1591 1592 2484 2286 4706 2114 32 2174 2393 2396 4812 2485 2399 2882 2489 2293 31 2274 2397 2398 2400 3960 1601
10477 4300 2154 2665 21 704 4994 2206 2174 1593 2291 2292 2295 2488 2115 2552 5992 6178 1609 1610
10478 1114 3092 4187 2287 74 2174 1084 3959 706 2163 2582 6976 2302 4251 4995 4997 3965 1883
10479 1594 2174 2114 6178 2215
10480 2017 2479 4069 2174 1822 1599 1600 6665 2117 4893
10481 3652 6954 2280 4250 4257 2666 1591 2174 2285 2484 2396 1600 1599 2397 2400 2117 2118 3508
10482 2174 842 4986
10483 2111 1114 2524 2480 2258 2159 2484 2174 807 2286 1592 2393 1596 74 2489 1598 2288 32 2285 2283 2395 2399 2295 2400 2274 2397 2882 2293 2398 2501 2294 4709 3242 2117 6198
10484 6944 6386 2174 8771
10485 4187 4994 2174
10486 1982 4862 1858 2109 2257 4501 477 4067 2113 28 1114 4124 6665 2289 2483 7236 4697 4698 4978 2588 2206 807 2283 2159 2158 2287 2174 2296 706 9390 2410 4073 6972 6141 2171
10487 6101 2479 2205 2154 1114 4994 2523 2174 2883 2294 2668 2324 1886
10488 2174 2484 2285 74 4705
10489 28 2481 2159 3489 4978 2525 4697 2174 1597 1593 2284 2392 2287 2161 7503
10490 810 2475 12 2105 20 6954 4378 4250 2879 28 2174 2284 7236 2288 807 1596 3959 3493 6788 10896 2406 2492 2855 5992 6178 4252 853 5551 3139 1626 2172
10491 4378 2479 2480 2112 2880 74 2393 2174 2484 1598 1592 2158 2399 1084 2501 2289 832 2160 2588 2489 2486 3242 3960 3959 3493 2883 6213
10492 5099 616 2174 1592 32 1151 2160 2486 2292
10493 4807 1114 2174 1597 2283 2668 3245 851 2208 2311 1883 2589 3140
10494 1114 2285 2206 1592 2174 2396 4893 2389 6972 856
10495 2758 2174 2163 2117 9390 9861
10496 2105 20 5116 703 6476 10087 6098 832 2174 2485 5715 31 2491 1603 1604 4190 6179 3137 4722 3246 1629 4814
10497 6101 28 2112 1589 1587 4378 3092 432 2174 2666 1591 2285 4709 2588 3959 74 1595 2882 2396 2393 1602 2395 2287 2163 705 2115 2883 3242 2262 2118 197 707 3966 6199 3965 2311 1611 2171 1615 1616 2208 3967 1619 1609 1610 2212 2411 2213 4633 3520 2860 1627
10498 1055 4 5 2475 1861 4354 6667 3230 4501 1585 1868 2851 2477 2174 9326
10499 2257 1866 1114 1587 2113 2174 2283 2588 2293 2398 2290 2292 2291 2115 2117 2118 3964 1618 2311 2409 2123 8261 3968 2325 1887 1888 2671 3521 1894
10500 2157 2174 2393 2206 4812 2399 2486 2274 2118 4893 2407 2209 856 2171 1824 4076
10501 2174 2398 2397 2161 705 2293 845 2163 706 5282 2408 6972 1824
10502 700 1820 8092 3230 2755 2851 2174 6803 2261 36 2282 4706 4705 2114 32 706 2532 8059 2668 3115 5550
10503 2203 5098 5116 4069 2258 6954 3092 704 2174 2322 2487 705 2206 2161 2290 5100 5282 4893 7937 853 852 2324 4981 6213 2171 1887 3247
10504 2111 2480 1587 28 2665 6139 4124 2482 6650 4978 2483 4697 2392 4698 2159 2286 32 1596 2284 2174 1592 1593 4706 2485 2287 2285 1597 2283 74 4705 2489 1595 2398 2290 2399 1594 2397 2400 31 3095 4709 99 2882 1601 1604 2116 33 2118 2117 2886 2885 2582 3511 1619 1615 2888 4722 1616 3139 1611 2211 2121 2409 1610 2324 1617 2311 2122 1618 852 1609 6198 3968 856 2215 1627 4126 3519 3247
10505 701 2109 2126 13 2813 2113 2479 2480 616 1587 1590 6954 2280 28 4124 4977 4697 2482 4698 4978 2289 2483 6902 807 2283 1596 2159 74 2284 1591 1592 2393 2485 2174 2666 2287 1594 1593 36 2484 2114 2392 4705 4706 32 2288 4812 2758 1602 2489 3095 2294 2397 2293 2882 2398 2400 4709 842 99 3959 2491 1601 3960 2116 2115 3961 3962 2117 2190 6651 1628
10506 6943 3481 1878 2879 4807 8763 2479 2484 2174 2274 1151 2397 2666 2396 1602 2294 2555 3242 842 99 845 5289 2491 6767 2115 2117
10507 1588 6954 2113 4502 2174 2274 2293 2395 2883 2489 5319 720 4981 6141
10508 2113 2174 2206 1593 1595 1598 74 2285 9326 7340 2274 2486 2588 2882 2399 2854 3960 2115 2117
10509 2258 4257 2478 4994 2393 2174 4355 2287 3240 2293 2295 2488 6971 2298 2403 2302 1617 1618
10510 616 618 2113 2666 1598 2283 2159 2288 1596 2174 2158 706 1084 2289 3493 3960 705 2115 2163 2410
10511 2174 7301 4051 2809 6941 1922 4636 11305
10512 1751 7313 2258 4257 1590 2879 2206 2174 1114 4812 1599 2588 2883 1600 1602 2115 5100 2555 706 2859 2084 2886
10513 1876 3092 2174 4977 2293 3959 842 3493 2855 4997 508
10514 2107 3076 4063 770 4502 2206 2284 1114 2174
10515 770 6634 7061 2261 6970 2174 4977 7236 2289 832 2294 1602 2117 1499 1606 6199 2311 2208 1824
10516 1876 2174 1592
10517 2749 2017 10 2475 4354 9561 477 2258 4378 2113 2480 703 1415 2159 1597 1595 2392 2484 2174 2288 1596 2284 1598 2395 2286 3095 842 99 2399 2287 2485 7416 2285 1602 4709 2406 1601 1603 1604 2116 33 2117 4504 3137 4722 2836
10518 11223 2174 1134 283 6815 10459 7498
10519 2813 5099 616 618 4124 3092 4502 2174 1598 3493 3960 8984 3135 2842
10520 616 2524 2258 618 4069 1114 4502 2395 6665 2174 36 706 5100 842 2398 1602 2161 705
10521 3230 4250 2666 1592 2396 706 2174 2883 2298 2403 6972 2171
10522 4 700 6954 4378 4250 2112 2174 74 2286 2114 2395 2285 2396 2882 2486 2588 2399 1084 2293 2397 2398 2294 706 2489 2274 3960 5289 2117
10523 1589 618 616 2113 1114 2174 2488 2323 2210
10524 5939 2174 1108 5860
10525 734 2174 6650 1084 2163 3961 3110 2885 3507 1616 2324 10322 8605 813 814 2409 1609 852 6193 2311 1619 1611 1883 3968
10526 1878 2258 1589 4187 2174 432 2206 1595 705 2118 4893 4190 6543 2582 3245 2888 2671 4981 3246
10527 1358 2174 4080
10528 8092 2475 3683 2518 5313 616 618 2113 2524 2665 1587 1591 1592 2206 2666 2158 2174 1598 2485 2486 2399 3242 2588 1084 2882 2295 2487 2488 2290 2291 2292 2489 3959 2296 1601 3960 3493 2117 2118 8464 1617 1619 1611 3137 1610 1615 1616 853 2324 852 3140 2211 1612 2171
10529 1588 2174 1596 2161
10530 3344 3346 5565 3077 1376 2660 2175 2176
10531 2174 4543 10357 223 1120 8145
10532 1204 3114 6153 705 3
10533 1 2750 1864 4067 1876 5116 4378 2879 6954 3960 2174 2588 2883
10534 1 1821 2647 2693 6101 2112 2174 1598 2283 1596 2159 2588 2399 1600 5715 4813 2160 916 2489 3242 705 2115 2117 2118 8059 2582 4942 4635
10535 679 10790 2174 2286 2484 2285 32 4706 2114 4705 2160 1602 2399 2274 2400 2289 5715 9624 35 5550 2555 2408 5301 6196
10536 2873 2475 2126 1589 1587 2113 2525 6139 4124 9752 9723 4705 2485 2392 1597 2284 4251 1143 3683 3140 1628
10537 1143 4017 4951 9903 1160 871 3440 1585 6580 2070 70 3065
10538 10542 810 1143
10539 1143 2221 5077 4289 486
10540 1143 68 331
10541 8994 6251 5822 5847 3683 7483
10542 2257 2876 1143 2482 4977 705 2323 2409 3966
10543 486 3989 259 10902 1143 2591 5785 6511
10544 191 2503 2454 1143
10545 9490 4575 984 4511 1484 1479 11736
10546 4119 2632 4036 9071 1188 2514 987 9490 5285
10547 9490 864 2141 4986 2277 7852
10548 798 10879 2384 7291 1103 5426 22 6101 1114 21 5100 4706 2114 7416 842 2290 99 2492 9827 1617 1618 2324 3139
10549 9637 6142 3572 10157
10550 9157 9 3074 1860 6189 3482 20 4349 2288 2668 2263
10551 11824 8790 18 7151
10552 7144 1183 6145
10553 2196 1513 5932 9139 5705 8508 8015 4385 1170
10554 557 11357 2366 1513 11037
10555 4525 1513 1571 7040 4023
10556 3683 1513 6101 2114 2397 6971 2884 2886
10557 394 1513 10852
10558 225 5752 8729 1513
10559 5280 391 72 1513 7294 5944 3389 2699 786 4406 7592 1045
10560 7535 186 3480 1513
10561 1665 9015 7057
10562 3415 798 328
10563 8667 137 1513 1137
10564 6666 6519 11284
10565 1513 20 6112 1218
10566 5318 10021 1513 937 3723 7962
10567 1200 1201 666
10568 1513 2137 7617
10569 4080 1513 6341
10570 7060 280 281
10571 4891 11825 1478 1513 5139 3421
10572 2570 5921 590
10573 1513 732 231
10574 646 118 4417 4789 2196 1641 3834 7863
10575 9461 9071 5855 10679 10677 10905 5476
10576 520 1513 10123 1415 3604 3469 3362
10577 3914 4338 48 9534 1690 4991 8456 7766
10578 2973 478 3984 177 786 1690
10579 1690 3334 6744 2046 7273 9913
10580 3845 2847 7128 11094 4886 90 10011 10432 3525 9049 7529 1978
10581 8954 5450 1137 1865 11300
10582 6942 2597 3831 7794 4402
10583 11208 5716 2124 3263 1099 1851
10584 585 3001 7446 4883 7957 6685 5520 1620 7251 9545 7176
10585 6352 9293 1591 705 8727 5403 8978 9961 8019
10586 4804 1354 10015
10587 10015 8257 1423 1279 1501 5948
10588 4065 5356 7144 2955 3289
10589 346 9593 10685 1169 10487 7858 338 11826 9954
10590 9451 2405 10894 5574 1878
10591 5828 5198 957 9900 10068
10592 9783 8251 5546 6983 5795 229 8070 2563
10593 6338 9465 4221 6296
10594 9146 4221 531 3655
10595 11278 4221 1441
10596 2008 7249 4221 6460 3419 872 351
10597 8008 2073 5402
10598 3103 1843 9147
10599 7760 10049 8660 7611 1198 10150
10600 6007 10195 2557 9149 9418 8034 11033 4054 1531 8415
10601 2454 10600 1531 1527 2718 937
10602 1134 3480 186 1360 9591 165 2057 10366 102 6007 7719 9287 10598 1531 6032 162 7508 1150 993 3334 1660 97 7202 377
10603 4490 5279 5482 1134 2713 937 3639 5202 5984 8268 7189 1531 4654
10604 2607 2696 10 7476
10605 2274 3892 1635 3880 5176 3948 4436 7132
10606 7363 6191 6912 4120 9483 5339 3874 603
10607 1267 3849 3998
10608 5313 820 3862 819 818 2683
10609 1930 230 551 10834 5123 11184
10610 1930 3205 10115
10611 7510 11648 9707 3357 9354
10612 2979 7824 9354
10613 3036 9354 8118 11336 6767
10614 9354 5572 1971
10615 1798 11502 9354 625
10616 9354 227 5348
10617 1977 7879 9354 3605 194 17
10618 9354 11522 11698
10619 7334 3529 4095 7536 5786 4849 6260
10620 1659 9052 6402
10621 1295 661 8522 6468 9351 10490 1471
10622 3388 7024 2130
10623 6309 285 282
10624 4816 5278 6309
10625 3873 9825 6309 102
10626 6309 1908 8604 11114 5855 3357 11077 5250 8141
10627 6309 5885 9444
10628 9830 4923 1797 4054
10629 83 6416 6774 4097 3325 216 3166 1356 504
10630 2081 20 2258 1114 703 2113 4502 4355 1822 6970 842 2295 2488 5715 2487 1599 2162 1600 916 2883 2116 8059 3243 3768 3964 3245 3511 1958 1885 2836 3139 2215 2860 1626
10631 1076 8791 9199
10632 4803 7050 5286 1137 786 2156 5190 7295
10633 11060 5967 5521 266 7145 6656 1357 2190
10634 6897 1160 9534
10635 9404 9632 4746 1471 1483
10636 2813 477 9404
10637 1329 2918 336
10638 2524 2480 7134 9404
10639 1858 2257 4501 3482 2258 10464 9522 2756 3240 7236 2288 2118 4997 2208
10640 1705 8805 1170 5923 111 1169 9391 262 4691 9577 1138 3868 6882 3251 10092 7579 1941
10641 2725 5955 2241 8147 8829 10092 11701 11085 11468 3688 5400 10746 86 204 6583 83
10642 10092 10763 9637
10643 10177 1234 3969
10644 5653 4167 5358
10645 3768 5035 1725 4611
10646 11505 1725 11829 4523 2945 11382 11688
10647 1725 6631 6283 9077 9369 557 4910
10648 3905 2992 624 310
10649 122 128 1464 1483 869 3646 3283 3022 11017 321 333 1471 11147 61 63 11622 124 1408 8830 125 7935 5123 11830 238 3044 6336 64 8203 326 11276 11831 1481 4621 2245 324 620 485 7070 5222 442 3987 10101 130 472 8356 607 11667 10813 6823 7437 7184 1546
10650 1407 4155 1857 3012 7705 9527 4649 216 2609 1990 622 5355
10651 5946 10850 5691 4649
10652 4649 7062 8127 10054 743
10653 7022 11648 11032 324 1707 3989
10654 2621 3220 3678 2548
10655 471 474 8341
10656 5897 5214 6697 9504
10657 11438 11013 6825 3012
10658 11111 1152 100 11438 7925
10659 4793 11438 9085 3410
10660 9365 6685 1736 590 1798 2074 4578 3979 5488
10661 3962 3110 1756 8054 3410 10112 11042 1748 11098 6618 4193 8757 4116
10662 5605 11042 10397 5603
10663 4776 1727 590
10664 7729 1124 5628
10665 3004 3913 2435
10666 1818 9678 8957 3818 144 6999
10667 5686 11382 3670
10668 3764 5686 551
10669 5686 10544 10073
10670 5686 122 2416
10671 2725 11573 5686
10672 1229 3772 72 7843 5471
10673 1478 2148 7262 10395 8448 2087 1663 1465 6097 2243 10570 7257
10674 8717 6452 4827 4104 179 220 2495 7025 3423 1205 5686 4507 7310
10675 1483 4819 10544 5608 5686 3334
10676 5686 9325 11545 9180 6483 3272
10677 4104 281 5717 5686 4902
10678 4305 548 5706 5394 2426 153 10785 5244 4163 6551 9730 8948 10021 3280 9642 7773 7601 4785 2719 9461 2600 7919 3469 1996 871 3979 250 1653 247 8678 7110
10679 7203 3682 6746
10680 9016 4955 2448
10681 11832 7760 417 7563
10682 2600 1454 263
10683 5010 10706 70 6688
10684 243 2344 9869 7839
10685 6684 4361 11120
10686 11058 4361 6684
10687 3655 4361 4364
10688 4361 3595 1853
10689 6044 866 2041
10690 10007 2607 871 8015 11298 4484
10691 10890 477 4952 10304 3112 9335 9583 4467 3080 481 483 2175 2392 142
10692 469 5435 4114
10693 4593 4704 699
10694 1478 4124 6139 10093 8203 1972 1729 176 2896 5801 6492 8697 888 1206 4406 61 122 1485 10177 11735 417 4618
10695 5467 9609 3012
10696 1 700 9 1861 2126 4069 2524 2480 618 616 2159 2588
10697 1221 6063 8621 413 8431 10521
10698 1183 786 6148 8062 5218 9351 2084 10490 3681 4411 9472 10 4175 8084 5534 3236 2905 2163 11833 2143 3484 4267 4251 166 10382 6446
10699 5534 9193 2238
10700 5534 2907 8942 4420 3478 9351 3539 11737
10701 5562 8309 5800 2631 2462
10702 2238 9248 5800 6112
10703 5800 1407 11363 1406 9970 1748
10704 1194 10136 2245
10705 10582 9157 10528 7068 383 477 9697
10706 7377 8079 4119 9433
10707 69 6126 3222
10708 4119 2480 1134 1790
10709 339 10416 1096
10710 4119 1319 8968 2074 1937
10711 4119 4114 588 680 2079 2634
10712 7179 4119 10785
10713 153 2652 4119
10714 5703 4119 3889
10715 4119 5493 1094
10716 4119 11052 590
10717 10141 4119 1328
10718 6540 11051 92 2141 4119 5954 7137
10719 515 3334 4177
10720 2189 294 7525
10721 9656 11834 11653 11601 1228 8418 11622 615 11580
10722 1655 3689 8668 11626
10723 9583 193 1006 421 192 7474 6915 168 1407 5211 874 5180 1729 912 7602 11110 3151 5059 71 1741 590 157 743 9132
10724 5180 111 261
10725 9054 10013 7610 1270 695 9379 7305 4292 484 1167
10726 5408 6655 817
10727 11153 8215 5496 2603 1965 3453 817 4360 2345
10728 8704 10331 128
10729 5248 4577 520 11835 9812
10730 1901 1837 3869 1694 18
10731 1415 1837 7771
10732 10381 11693 2800 8599
10733 5770 5027 6836 6829 4600 11338
10734 8853 1416 2571 830
10735 6217 9660 1741
10736 8873 4671 9660
10737 9660 2571 4955 10552
10738 9298 4766 10528 469 1328 408
10739 9298 9583 783 1168 1938 6557 8565
10740 328 9298 947
10741 4187 5636 9298 1402 6545 1704
10742 9298 677 1333 9678 2550 10943
10743 3624 2474 698 5992 2760
10744 225 3624 4517 2143
10745 3624 2474 8763 6681
10746 2022 1471 11015 11017 4199 10692
10747 9442 6844 5805 144
10748 9946 1295 236 786
10749 1150 9946 285
10750 4934 10016 5322 6848
10751 5390 4934 11094
10752 4934 8410 185 835
10753 4391 8139 2464 1086 1653 4934 11536
10754 2616 8524 10342 4931
10755 4451 4884 6184
10756 6863 6893 973 2093 8522
10757 2941 10723 6214 3820 417 2085 4199
10758 9740 6099 2847 568
10759 7573 8884 1950
10760 4542 8490 1376 5141 329 5421 1208 5991 5849 3860 4536 5357 4670 1104 608
10761 4955 9597 8852
10762 4796 1416 4438
10763 1416 209 9990
10764 830 4627 4187
10765 7829 4625 830
10766 6848 6086 266 737
10767 1317 10887 5361
10768 6848 3004 328 7552
10769 7729 642 1433 700
10770 5598 6157 1070
10771 10371 3033 5598
10772 4435 9284 6679 655 97 8744 2452
10773 699 3216 5352
10774 8206 4080 3503 128 3492 2730 3216 2513 325 1798 475 111 872 5352 1205 1655 551 3604 1783 2190 1558 9001 9178
10775 7353 4884 9504
10776 7729 1981 1137
10777 9103 1478 9896 10324 6483 10673 11519 10656
10778 7055 2524 1590 4188 432 1594 1593 9085
10779 639 5088 2023 7055 6120 5810 1355 3243 241
10780 7055 11248 1068
10781 7055 157 67 3065 9150
10782 7563 10184 11309
10783 2108 7881 10150 8181 4515
10784 6613 2863 1234 1924 1295
10785 9387 0 1820 2876 6300 4575 5098 1114 2286 2398 6810 3242 2555 5104 1824
10786 803 475 7424 7289
10787 1621 9456 3366
10788 7289 3469 7835
10789 8046 1362 8999
10790 122 6317 937 2243 7257 9020 10618 9795 10394 11497 11194 1448 9867
10791 695 9250 10057 6885 7955
10792 8580 4480 3825 8718
10793 5888 7466 4480
10794 4480 10611 9386 10451 7760 11746 11834 11837 1755 10726 3304
10795 2085 2240 7563 11622 10127 5959
10796 4480 7280 5562 187 290 1205 3114
10797 7282 11839 4480 1554 6371 3410
10798 1464 1478 1485 1465 4480 7267 122 7206 4832
10799 4480 8365 2245
10800 4480 375 11361
10801 560 8891 11531 10399
10802 7566 9165 11621 6832 11657 7560 11131 4511 11744 8560 10319 11540 11659
10803 11416 9421 7380 2894 3503 8095 4549
10804 1818 175 2 3457 4496 902 11041 9305 2713
10805 4367 8188 10702 2078 5844 10042 1655
10806 8188 1175 472 340
10807 9216 7973 7745 2594 7433 11788 263 8103 8188 72 502 3461 4500
10808 1719 1741 8188 551 4704 5331 103
10809 447 6631 1338 3374 5807 6767 899 1050 227
10810 5144 1406 3938 4775
10811 5266 3442 8581 2502
10812 9578 3129 2154 1114 477 3959 3964
10813 5773 8401 7543 5296 7038
10814 551 5053 2984 478 11010
10815 865 5708 7400 8130
10816 4707 8912 11604 8688
10817 8563 6050 378 8299 1433
10818 3630 4261 378 5074
10819 9016 6821 361
10820 928 5710 6073 1149 876 11343 982 3620 4257 2478
10821 8585 6400 9736 1489 7049
10822 6022 9312 24
10823 2747 8663 1829 7134 7703 9441 3707 5467 2063 1119 6947 1913
10824 724 1869 1420 1554 2592 8901 243
10825 10985 2723 3721 4754
10826 4804 7855 48 8601 557
10827 6228 5863 2359 2344 8708 11047
10828 0 1 1857 22 2882 845 6103
10829 5163 5127 1165
10830 2196 10053 7092 10114
10831 1247 9923 1483 7758
10832 1987 5488 3525 2631 9261 7494 3939 1867 2074 822 6960 1406
10833 8494 993 5537 1216 5658 2600 3834 155 1282 8461
10834 10933 11608 11770
10835 8937 10772 632 9495 9952 1478 11279 123 11843 10933 8959 7598 11479
10836 8933 10605 10933 8959 9839 10802
10837 2141 4176 10933
10838 11844 2449 898 5078
10839 8206 5633 6434
10840 1519 6434 3057 11845 5328 270
10841 19 1867 4778
10842 4147 8171 6874
10843 674 468 2359 4273
10844 8950 66 8524 5135 1150
10845 4501 2476 2258 1114 2687 2116 3961
10846 2687 7120 7118 11054 2414 2413 4196 4198
10847 2797 7355 1309 7990
10848 7598 10644 1464 5606 10451 7265 1465 1483 3022 3043 1209
10849 3071 83 3827 657 165 4187 5936 268
10850 7219 2417 1696 486 4565 3181 3071 3224 822 168 3362 2454
10851 10459 150 7886
10852 5923 87 236 8805 488 6583
10853 6583 7471 9822 8895 3057
10854 6583 4902 1928
10855 823 10459 150
10856 4104 2100 10459
10857 2274 4838 9329
10858 5624 3492 2297 11054 2306 2414 2413 4204
10859 150 3860 5810
10860 6930 865 150
10861 9136 6217 8068 813 2568
10862 9136 8646 1212
10863 10268 82 10973
10864 3605 609 1977
10865 5320 948 6840 8668
10866 1586 6384 1577
10867 2750 1820 2876
10868 6814 10490 8237 3239 2898 1142 7824
10869 1977 8674 6814
10870 10018 7345 10864
10871 1332 2513 3472
10872 83 1332 7503
10873 1332 759 10411 642
10874 7636 1922 6111
10875 6266 4450 2963 8385
10876 1250 5136 5748 11511 1745 9201
10877 1251 6945 717 10207
10878 7342 11626 988
10879 10207 1749 7040 2488 5192 2977 1354 9232
10880 5792 2120 1252 9747 8667 477
10881 1137 1142 1726
10882 3612 676 2057
10883 3551 7248 2190 4406
10884 8512 6129 5696
10885 642 1050 1635 1965 3655 1943 1211
10886 5954 662 3111
10887 1294 9970 10093
10888 1294 4168 3802 8668 9764 786
10889 4512 2934 3862 1294 194 548 7151
10890 1294 9645 9495 3583 551 2069
10891 453 1294 2513 3012 9333
10892 1294 2516 624 1765
10893 1294 5450 1344 11847 507 9207
10894 8045 6817 10109 2
10895 538 467 3547 599 1371 3481 10117 1970 5626 1407 1294 9385 5930
10896 1294 10973 6298 1090
10897 187 5073 4467 7489 5938 10711 3972
10898 2131 2944 2191 9520
10899 7149 1791 116 5710 1351 7498 6969 1587 4187 4349 6971 2534
10900 5200 4084 4485 6397
10901 11021 1219 5933 1556 3272 1483
10902 1660 6801 5396 275
10903 6133 561 2278
10904 5298 157 486 5448
10905 937 7948 3195
10906 402 1599 1600 4133
10907 3205 5586 4133 512 5909 7428 4728
10908 4133 3012 2018 3410
10909 5049 896 5345 4133
10910 2445 5923 6936 9195
10911 10772 417 6174 8356 1483 4199 1481 126 3921 7565 8914 486 142 9197
10912 9118 4098 6817
10913 4106 4566 10781
10914 6817 40 508 2500 6682 7710 551
10915 2613 1311 6817 4184 9444 111 1149 5232
10916 770 6817 5320
10917 8869 6171 1516 3698 4646 5703 6958 4253 6817 5369 8530 5209
10918 6817 628 4338
10919 6798 6795 149 5956 6817 261 6105 1535 1162 1163 3032 9150 204 3261 2719
10920 869 6817 68 3825 5825
10921 6817 2260 2453 4467 2238 5248 4562 2539 2101 295
10922 7104 2440 1191 4145 4575 7697 10518 4566 7490
10923 1738 7606 11489 4566 2074
10924 4566 5480 10801 5618 624 7419
10925 6008 624 1142 10029
10926 1137 205 1924 9906 1086 5434 4344 1643 5633 6608 5509 734
10927 1924 1270 11732
10928 1924 4214 7118 3953 6221 935 11055 4198 52 7121 4212 7119 4201 11651 10144 6373
10929 1924 6945 7298
10930 231 5707 3789 2190 1924
10931 1924 1494 4824
10932 3359 2611 6941 3053 1924 3450
10933 5218 3142 1924
10934 3635 1924 48 6121
10935 379 8300 2895 1924 5745
10936 1924 8120 7399 2510
10937 871 5753 912 204 235 5273 8297
10938 4016 5009 5809
10939 1 693 6114 5901 1924 2396 2395 2296 2115 33 1603 1604 2116 6624 3508 2307 50 6213 2838 2840 8261 2325
10940 2359 5478 11618 395 8484 8746 10029 9809 6317 1032 5161 289 639 11395 3723 11048 361 10981 4027 7310 2539 9000 8074 7545
10941 5240 11112 6417 634
10942 1964 5405 10012
10943 2135 2389 7636 2278
10944 3440 1660 7904 11849 6399 2799 4693 2524
10945 6519 10018 9707
10946 10018 2799 6614
10947 11750 123 1243 11266 5035 7062
10948 3447 1982 7050 6732
10949 3998 1375 2355 1661 5035 6021 10619 6627
10950 7919 3090 4681
10951 4570 9118 7455
10952 11830 10242 2241 1159 2600 7123 3979 4949
10953 2672 11656 11830 8304 6112 10150 11850 10871 8448 7196 10645
10954 11830 10126 4163 4247
10955 3827 786 1850 1585
10956 6958 9043 6905 10076
10957 8825 118 7444
10958 582 9475 1921
10959 7724 10037 6577 4552
10960 1227 3259 331 6678 3224 5357
10961 6737 10233 975 7451
10962 193 1768 11468 1192 8938
10963 8878 1768 9260
10964 5776 1768 960 3758 1040 7506
10965 6273 1768 11248
10966 2678 1435 1295 1768
10967 1768 604 1040 6273
10968 7839 1768 5148
10969 1562 1134 7886
10970 3340 3341 5789 6930 367 9018
10971 8067 9221 1620
10972 9221 520 1137
10973 8879 9690 6934
10974 634 869 1676 4575
10975 1561 783 2894 4086
10976 1561 1704 1709 467 3244
10977 1561 1605 3124 1343
10978 414 10194 605 8067
10979 759 567 1057 4511
10980 8222 759 5498 786 469 86
10981 8861 759 413
10982 266 7463 7449 8879
10983 3390 838 7789 624 4678 3395 266 11852 3316 957 1231
10984 11853 11854 11855 11233 8625 6872 11759 8384 11856 8486 6838 4715 8987 11694 11857 11858 2072 2528 6531 334 429 2641 5551 6354 11859 10603 11860 9731 4359 4206 4739 11861 4313 2531 11862
10985 3690 959 8486
10986 8486 372 1078 4021 1277 11783 8822
10987 6893 3830 997
10988 6893 581 8792 7956 6958 9043 1712 5036 11300 1048 2414 2670
10989 9690 7776 6008 9561 477 1876 2113 1151 2395 2283 2159 2485 2489 2293 2115 2274 2398 2491 2490 3959 2164 2117 2118 2582 6103 4357 2171 1888 1890
10990 7358 727 3690
10991 3380 4017 462 3744 1130 2289 4502 6198 2408
10992 10695 3969 5836 2603
10993 1671 227 2359
10994 345 1671 120
10995 9568 4993 1671 5282 8059 6102 3508 3509 3964 6178 6221 2308 6927 2317 2318 1824 2841 11786 2313 6928 2315 4725 2314 4308 4309 4731 6929 4310 4311 6200 4312 2673 2839 2840 7321 8289
10996 1497 2862 3672 4785 4104 4249 3818 3924
10997 6878 718 3690 3036
10998 3743 2893 6239
10999 604 6878 8172
11000 11200 9686 11248 1194 752 8447 1065
11001 1065 4970 1819 6917 2129 3998 10 4354 1864 2876 2105 22 2280 1114 28 4188 2399 2115 2117 2669 2209
11002 4449 2903 1441
11003 841 1494 9287 1434
11004 841 2813 7313 2882
11005 4064 734 2877 16 5259 3941 865 28
11006 10361 6048 149 4406
11007 2136 2857 11333
11008 5232 3032 204
11009 1144 3664 5850
11010 3796 7104 3578 288 3154 10741 4993 5237 2946 2862 3230 5986 2910 1929
11011 9868 7264 10665 10733 9572 123 11777
11012 7509 972 1532 6273 8318
11013 290 1014 11635 2240 5463 4039 912 3327 11865 29
11014 1532 5907 1765
11015 2000 5589 642 10190 9223 767
11016 3690 11405 4511
11017 11284 7904 2000
11018 4067 3482 1878 6101 704 4994 2397 2398
11019 1038 4124 6139 4356 2758 4709 3095 3959 4697 4698 6650 2483 6902 2116 3960 5289 1601 3961 2115 2117 3110 2885 2884 2886 3964 1606 9861 2409 6196 2410 2671 3140 2320 1626
11020 2967 1038 1681 7703 5428 2178 10399 7988
11021 8915 7143 762
11022 3041 108 762 2986
11023 2448 9776 5220 494
11024 6227 869 8182 7453 5123 266
11025 5779 4248 1681
11026 8846 1566 4236 1685 710 6886 6273 11773 1708 6869
11027 2100 4175 3681 4942
11028 5907 7724 973
11029 1501 959 9143 4291
11030 9929 932 1197 8359
11031 1679 640 704 698
11032 8584 5521 7900
11033 3763 8074 1273
11034 8943 10648 1465 1483 2039
11035 1131 3956 414 2051 616
11036 1131 542 11369 9472 6363
11037 2343 1672 1954 8408 204 947 111
11038 2254 1672 11199
11039 1672 11433 133 1192 1877
11040 4187 5094 10318 6974
11041 5094 810 2582
11042 4360 9106 181 5680
11043 3128 7129 352 2513 2187
11044 1519 869 331 3009 111 72 1994 923 1479 3492 11004 6061 1162 6947 10105 955 5618 3032 1600 1137
11045 9120 1767 10797
11046 10797 11374 4928 1653 2402
11047 10797 1194 8774
11048 11202 10797 7233
11049 1719 2262 6505
11050 3239 9977 6472 3057
11051 2914 7496 5734 2127
11052 4354 2876 10751 2877 1034 5116 1878 2481 2397 5100 2882 2160 845 4050 433 2887 4942 3965 5104 2307 2408 2888
11053 3380 9426 9687 7618 604 10751 10212
11054 8067 1554 6294 3615 9744 10042 2727 4337
11055 3814 8067 3759 8635
11056 8067 10455 1435
11057 4063 734 4696 2274 706 4630
11058 1425 474 7059
11059 8624 6511 3002 11023 10011
11060 5650 8900 5173
11061 3816 8640 9500 5059 1160 3362 5875 3082 7546 5795 3317 10123
11062 1760 3880 2193 268
11063 7406 10100 8968
11064 133 9689 6982
11065 6273 1565 751 9689
11066 7236 2903 2296 705 2163 2116 2117 5551 2311 4635 2123 4125
11067 1562 1130 6892
11068 6892 751 9396 10913
11069 4091 4399 474
11070 4293 1257 10037
11071 8861 634 1676 869
11072 4575 5907 6880
11073 1139 1437 4575 1749 8976
11074 4575 2927 5810
11075 4575 7525 8777
11076 8878 1779 1434
11077 1042 1565 634 635 1901 1149 4683 7451
11078 950 1040 9688
11079 6883 11206 708
11080 1686 5381 10082
11081 9534 7578 8698
11082 413 868 7963 872
11083 657 6070 1162 1163 11355 5776 8090 1010 3032
11084 7957 7831 10055 11866 3418 5776 6026 2044 484 1152
11085 5776 5553 9904
11086 69 4785 717
11087 7672 5857 5776 2501 1295 3683
11088 5776 3690 1066
11089 0 494 6943 705 37
11090 673 5589 3205
11091 3950 6590 10547
11092 5975 3986 1734 70 9009 310 2142 1555 1556 9872 1970 5424 8507 9355 10539 11442 10987
11093 4091 10114 7525 1383
11094 1376 5116 4286 1564 6303
11095 1564 9463 2040
11096 6274 5589 718 6273 11248
11097 4143 338 8695 1455 3321 340 3108 3354 4320 10916 1511 606 3107 2618 6462 3366 252 617 11867 486 6336 508 947
11098 4020 1836 9916 11121
11099 7587 4887 7758 4608 412 133 8115 1836 10243 5627 4182 5514 3043 6469 8150 8565 10682 9834 1192 2717
11100 10325 1471 9429 123 4621 3198 3272
11101 2621 1490 8611
11102 10411 4572 8647 1640 1717 1533 777 11124 1400 2139 9353 857 9045 5285 6977 10634 8183 9948 10400
11103 4525 1954 9406 2238 10411
11104 3419 487 10411
11105 821 4661 2100
11106 642 9736 1958
11107 486 3012 1407 3636 1622 184 5568 7103 361 5441 4854
11108 551 724 9358 9857 4552 10639 3230 7387 2501 2187 3809 290 10770 236 9363 642 4573 2496 2993 485 128 72 4135 1376 2713 3847 317 310 10697 3581
11109 1834 9415 7368 1556 10577 3792 11586 642 1279 937
11110 642 2203 2258 6476 166
11111 642 937 1555
11112 642 2560 8376
11113 642 1055 1635
11114 1171 344 946 655 642 1996 20 1697 227 937 8406 1014 4386 5386 3272 123 3917
11115 3218 7988 642 2600 526 7472
11116 642 2190 6293 7616 5785
11117 642 8924 1544 10561
11118 1765 642 1764
11119 1214 2090 4394
11120 5779 551 2504
11121 6421 5363 7573 5989
11122 8999 7117 6421
11123 7878 11162 932 9248 8211 11657 8926 10393 10386 4597 6421 11471
11124 3280 3574 914 3366 5722
11125 2143 2017 6574 1841
11126 3005 869 1053 3759
11127 5120 3759 10116 6993
11128 3151 3660 9518 3759
11129 161 551 3046 9838 11673 155 11465
11130 2947 8155 5562 2631
11131 4045 4693 5440 97 194 1655 5655 108 11001 6593 5420 10019 3009
11132 1567 5863 7690
11133 8969 272 5502
11134 6402 383 1910
11135 6330 4939 8825
11136 1137 3715 1810 1340 3660
11137 11037 3715 10931 7137 9671 6844 6450 432
11138 4273 1549 3715 5293
11139 9382 7687 6137 11671
11140 5076 1697 6687
11141 1695 1716 193 5448 3574 670 1743
11142 1818 1861 6189 13 4067 7728 2365 788 785 3635 4704 3498 9238
11143 869 3777 8172
11144 8172 230 7614 1465 125 7257 8417 4621 8560 11586
11145 8172 2657 11206 9573
11146 8172 4923 3771 1655 478 5220 10825
11147 8172 5160 9779 9248 8412
11148 4804 5779 1433 9535 10175 9916 5863 7506 3265 716 793 10029
11149 590 6923 1738 7288 1729
11150 2513 3690 10627
11151 1914 3690 810 10031 2193
11152 1932 9494 1743 2607
11153 9206 3490 4524 9801 4187
11154 3466 7121 11651 4211 1510 11870 7120 4733 4200 1891 8306 6221 10806 4203 11855 10924 10925 11756
11155 3466 5149 4515
11156 6791 2085 4606 1666
11157 3374 7149 1437
11158 1204 4005 421 2143
11159 9732 813 814 2568 10533 5271
11160 9650 9560 4297
11161 6875 2190 7382
11162 4515 11541 8783 7002 6875 2136 5285
11163 6875 1800 4804
11164 11239 118 1188 735 4389 7451 2514 673 787
11165 5553 6805 2124 5508 3017 9073 8549 4682 6687 4088 6875
11166 7735 5219 6594 6217 6875
11167 6875 2749 2393 2522 6670 6191 2882
11168 551 869 6875 4684
11169 2257 9561 3129 1137 4067 2513 2322 1594 1595 2854 2302 6103 3115 852
11170 1833 4143 69 8670
11171 4257 7413 4502 4994 4698 2292 2163 2161 1880
11172 192 3060 9591
11173 971 6593 1453
11174 3809 7406 6646 8497 9576 971 8257 1040 1342 913 4070 10688 8937 7194 1481 8358 66 4160 9964 7563
11175 2093 6732 10183 8167 8166
11176 1227 4938 9409 1494
11177 261 88 3579 4030 6844 5059 3113 5134 1494
11178 10839 1338 3559 3652 2588 1376 9599 1494 1080 6683 1170 2552
11179 1494 1138 1156 3480 9561 1868 2203 6101 2477 2113 618 2478 1589 911 3489 2287 2472 6902 2523 1600 2483 2289 1597 2395 2295 2292 2117 4251 43 707 2209 502 5551 2212
11180 1695 120 1494
11181 3266 7464 9232
11182 7546 4451 3334
11183 494 12 3074 6969 1876 786 9465 29 1597 2295 2296 99 2118 3507 2263 4252
11184 4257 2478 2523 5779 6970 2295 2488 2298 2403 3115 1619 1823 2170 4981 1629
11185 68 466 1407
11186 2749 887 2107 2750 4862 1585 705 5846 7752
11187 8765 4675 571 68 11871 7074 1407 9817 8969 4096 5476 3689 8571 8054 10930 4819 9185 8383 9161
11188 3384 6858 68
11189 68 8141 7023
11190 3495 4804 2451
11191 68 3239 3804 5088
11192 11237 68 673
11193 3847 290 68 7994 4939 1084 7071
11194 3236 4415 7285 8882 7181
11195 1586 72 2932 4901 70 68 1355 1620 3114 8542 890
11196 68 8370 606 3322
11197 4338 5378 2346 328
11198 1183 3384 3716
11199 6732 8065 2922 2454 2221 138 3834 486 783 487 5232 3032 10324
11200 5432 5710 6046 8065
11201 122 1481 126 123
11202 8068 1434 6934
11203 390 5292 2622
11204 1821 3683 2092 1194 8180
11205 2645 2873 10 2110 5116 1588 616 28 1602 3960 1601 6140 2116 3224
11206 7002 9491 5644
11207 6168 1563 1433
11208 3080 7623 484 1565 2709 874 624
11209 6274 7506 9463 5612 1130 6876
11210 6274 4235 969
11211 176 1708 1705 3940
11212 3096 1708 10038 912
11213 1647 7325 3709 1134
11214 9645 6265 7364
11215 3334 11245 481 6492 5488 1733 491 2958 6261
11216 3076 2257 1588
11217 1652 7034 1425
11218 8714 7623 8497 8431 126
11219 3251 10629 2176 10367 2175
11220 2359 6064 2365 3689 193
11221 6064 4502 4977 1598 7236 3240 2296 2404 2262 6976 3511 853 3137 4722 2311 1611 3140
11222 6064 5561 2496
11223 6064 7771 7398 3880
11224 7869 8331 347 1355
11225 7869 2187 8646 3350 9350 2945 1055
11226 5804 10752 8626 7869 4819 11015 7257 9647
11227 7342 3492 9189
11228 2475 16 477 7875 35
11229 7266 1464 4985 9943 1482 1545 1438 4822
11230 2749 11 1861 3716 706
11231 1970 1066 604 8258 2393
11232 4190 7672 8467
11233 365 164 7541 366
11234 11690 9043 69
11235 2200 10594 471 1882 1051
11236 9464 4235 1394
11237 7972 1135 9322 1232 9464 8714
11238 3989 7624 474 8892 7417 3457 1189 9761 3880 2099 1743 3219 7580 913 2455 6054 9464 5473 214 1597 1593
11239 4170 4739 3644 9934 10873 11872 11873 4738 11857 6270 11874 9731 11875 2308 11876 11877 11878 2072 10179 11152 11879 4203 11880 11881 11861 9223 11151 11882 4206 11883 11884 2531 11885 11886 11887 11702 11888 11889 9519 11862 11890 4745 11786 11891 11892 11893 11894 11895 11896 7323 11349 9819 11897 11898 11899 11900 11901
11240 5960 9223 4712 204 898 4710
11241 9223 5266 3073 8092
11242 9223 869 331 484 333
11243 9223 590 1938 907 5849 8806 6376
11244 11005 9223 4993
11245 1055 5811 993
11246 3296 3583 4515
11247 6479 6628 8195
11248 8630 777 810 4424 2217 1232
11249 227 4147 6925 9437 3991 3745 5474 810 6171 5250 7545 7696 648 10351 7695 5599 1952 10365 2238 3453
11250 11353 4704 8703 7292 937 4222 4637
11251 2944 2210 10990 810 8358 2239 6386 1922 35 1425 6307 4245 1134 3524 4310 6200
11252 1695 4683 810
11253 8629 1620 4325 3030 127
11254 1360 4916 3329 3259 3600 10398 1397 248 551
11255 1857 700 6206 2112 1114 5745 1086 5450 3836 807 2283 32 1596 2286 2395 2284 2393 2484 2399 2274 2486 2588 2882 2294 2293 2397 2398 5100 5289 2491 3960 11473 3957 11646 2321
11256 1072 8524 634
11257 4543 634 1225 10227 2640 2451
11258 9803 2415 10605 1218 480 634 1568 1769 4863 8661
11259 634 9591 3198
11260 634 115 976
11261 7002 1901 2079
11262 1295 4502 3650
11263 11011 1206 11527 9324 5169
11264 11206 713 717
11265 11206 180 5270 888
11266 2278 1034 2642
11267 8846 7622 223
11268 8846 1433 4572 2481
11269 3019 8846 571 6283
11270 8846 4346 10014 4287 5473
11271 4855 6795 3161 4924 551 185
11272 9141 1696 1458 2466 9394 1588 1590 181 10383 3272
11273 11011 2496 11818
11274 8269 2074 7596 1566 755 10641 8090 102 4619 499 7006 1375 3401 8354 2940 10915 8577
11275 1566 439 478 1882 6221
11276 161 4944 5218 156
11277 477 8300 2895 5811
11278 2524 1566 11486 5632 1493 6338
11279 7356 2017 3795
11280 5036 9067 3889 9817 9974 1566 6107 6127 9510
11281 1566 8571 1328
11282 3634 118 1953
11283 494 352 7167 430 481 10654 5789 562 70 6593 4278
11284 69 248 278 1677
11285 864 869 11454 4320 4854
11286 1453 1388 10037
11287 7915 2812 3411
11288 8704 1519 3422 1744 1635 5434 7687 8536
11289 1818 1982 10 4354 6205 4064 13 1876 6954 2280 1114 28 703 31 2525 6650 2114 2400 3095 2293 2286 4812 6140 2304 3139
11290 5266 1 4 5 700 6 9 6189 4354 6667
11291 3750 11797 7042 2220
11292 7167 11172 11759
11293 6584 9569 4363 11058
11294 2865 6584 4231
11295 5493 4543 3038
11296 4543 2405 2036
11297 4871 4543 409 3116 913
11298 4543 5553 70 8537 194 3411 4924 1704 6346 9401 4251
11299 3036 4543 9870 357 9426 4967
11300 11405 3397 5103 7514 3043 128 6034 327 4543
11301 7111 4543 3852
11302 7761 464 4803 3998
11303 10398 7660 1895 4543
11304 4543 8703 8169 10880
11305 2730 5198 5375
11306 871 3295 11315
11307 3655 5856 8583 4009 1336
11308 5266 6540 7154
11309 6969 5116 3482 1476 2113 3309 4124 5346 4704 2607 1084 832 2588 3095 2162 1604 2116 8458 851
11310 5919 5408 325 7387
11311 597 351 878 8950 4938
11312 5881 11071 55 1527 9134 10758 227 1216 6501 8995
11313 55 1135 7280 3453
11314 55 10536 878
11315 55 5816 4370
11316 2136 55 2917
11317 7857 2003 6294 55
11318 55 5626 3272
11319 1375 55 892 8788 7037 5862
11320 37 8935 1051 55 11435 1535 4502 8587 3770 4328 1519 1162
11321 289 3195 7179 3218 4482
11322 2254 7916 55
11323 10375 11431 55
11324 303 55 10163 10694
11325 55 5234 4290 331 5516
11326 11452 6852 2663 7714 4486 5810 1922 6414
11327 480 8257 531
11328 531 4607 532 9926 118 2554
11329 531 1785 3336 70 1352 7175 1355 3321
11330 1542 9932 1556 6214 11711 9044 531 2627
11331 3 1227 7972 531
11332 531 6599 8461 9297 5346 6623 72 9917 10648 5929 10391 7257 3979
11333 4607 767 531
11334 531 9936 1691 11437 2514 987 8627 8325
11335 3809 512 5899 551 3595 194 3413 5913 2573 2937 5405
11336 7641 3542 10217 1711
11337 932 1198 7398 9248 8929 4160 4515 11905 2417
11338 767 1994 1364 1620 11553 560 3215 10704 9960 7267 11410 303 5198 5197
11339 9891 7335 7433
11340 9201 5710 9752 9891
11341 3590 9891 9461
11342 9891 45 2595 1135 3012 5195 869 8120 3804 8222 1535 6328 10872
11343 9891 4036 8315
11344 3989 937 1232 2464 83 1162 7313 11339 4324 7107 920 907 261 1192 872
11345 4436 5802 2157 2274 2491 8310 2859 8311
11346 2542 8267 5927 10268 1323 6850 6598
11347 6977 6282 8626
11348 1032 1299 11199
11349 655 9517 8894 478 11512 4491
11350 11294 5472 1664 6758
11351 8894 486 347 3772 3620
11352 6307 2185 9850 6775
11353 9093 9269 836 7823
11354 1972 8770 321 7463 4724 1098 630
11355 2201 6397 3243
11356 1970 10128 6121
11357 2465 730 7677
11358 8403 1043 448 6760
11359 869 864 607
11360 7304 8068 1434 3202 1388 752 1710 1035 751 3384 4656 11201
11361 5250 20 9737 8361 6264
11362 454 2740 9632 339 3645 8812
11363 6214 4819 6483
11364 4572 1620 1538
11365 8786 9124 3138 6317 11157
11366 2454 745 4572 1640
11367 9858 5890 5408
11368 4572 661 3554
11369 477 4030 4572 3643 5130
11370 946 1697 2507
11371 3547 1055 3151
11372 4571 4809 190
11373 10450 10076 551
11374 1970 6153 6904 8125
11375 6960 685 1970 7545
11376 1970 1077 8597
11377 1970 7433 11352
11378 3453 1970 5862 4385
11379 1970 4232 7071 292
11380 8101 1080 6193 494
11381 3873 6071 474 7813 2607 9337
11382 2829 4531 5032
11383 3873 551 2747 1778
11384 428 8576 5845 5386
11385 203 4553 10190 1301 2539
11386 9895 2706 11400
11387 485 10482 11551 4427 1585
11388 2085 10496 11551 6214
11389 3768 2099 11551
11390 3413 1360 5930 5405
11391 5930 486 4568 2713 516 3202 3834 1444
11392 10619 3492 190 278 2594 4578 5587 1006 2445 8327 2633 10120
11393 9877 2732 5587 3129 3362 11722 11287 9188 909 193 5743 2738 3578 898 2730
11394 5587 1994 4184 2717 5311
11395 11906 4546 11665 5587 7254 1470
11396 4935 489 5587 3622 7421 285 10 2049 10716 786
11397 5587 3037 1554 8862
11398 5587 151 8975 6792
11399 8600 9302 8530
11400 11076 7921 7898
11401 559 5317 369 1145
11402 4882 10014 6306 11907
11403 3012 9874 4248
11404 7825 8071 8575 11245 2896 4775 8429 2632
11405 11829 4064 2206
11406 11829 10172 8629
11407 11829 704 4994 2472 2261 2482 2525 1084 807 1595 2392 32 7340 4705 2400 2294 99 1602 3095 2398 842 2397 2163 2859 6103 2410 11579
11408 11829 3640 1829 6510
11409 704 4187 4994
11410 268 3772 869 8394 2100
11411 1857 2876 18 2017 8248 11188 9390 6221
11412 6183 4497 7389 5564 6328 3057 5279 8865 2025
11413 5279 2022 7951 3012 5140
11414 3442 9840 6372 4609 5197 6180 10689 6124 8702 5279
11415 5279 9387 2109 2876 8262 8998 20 1876 5120 6803 2293 36
11416 3005 278 2594 4691 7405 2246 10275 5279 3534 743
11417 1094 2973 2768 1757 2192 71 6054 2613 1342 370 3082 3764 871 7622 3386
11418 5279 5660 279
11419 9578 2820 5279 4467 551 5437 1137
11420 6166 227 1635 4130
11421 4106 9704 10438 4371 4273
11422 5927 6843 6680 1709
11423 700 5 6612 2110 4064 6101 9892
11424 2795 4 5 700 6 4862 9 11 2647 2475 3074 6189 1011 4912 1088 1585 7436 281 4824 4123 8398 477 3482 5098 1039 1929 6726 4187 7329 2472 804 3489 2757 2487 2488 9326 99 2532 6603 4981
11425 8742 72 6995
11426 6995 611 4619 11355
11427 6995 290 567 6885
11428 1963 6270 10873 1653 3108 6348 2103 2191 3552 8456
11429 1693 7144 3220 7112 7125 3389
11430 639 1778 3735
11431 7125 3334 7192 1972 7864
11432 7125 4334 4249
11433 8917 667 7125 5668 10122 10993 9368 9338 317 6973 865
11434 1238 7125 290
11435 1286 4140 7125 8921 987 486
11436 4428 2946 285 3677 3506 7125 3206 5770
11437 4292 7125 38 10316 5038 4018 332 10874
11438 1844 1159 3959 2490 3110
11439 724 1844 4766 4600 9831 3453 3633 11669 2344 6754 11645 10003
11440 8092 2474 6634 1589 4069 616 3092 4978 4502 2757 2392 6665 1597 1593 2394 2295 2488 698
11441 5154 1200 9760 3862
11442 8920 3871 5588 5324 8763 2205 4697 2404
11443 3631 2596 6703
11444 280 5066 2950
11445 69 9387 2766
11446 639 7076 7441 10618 638 10532 3177 299 9665 8906 10577 1482 9949
11447 3343 3345 2486 1007 1868 2281 2288 4696 4813 3960 845 705 33 5282 6976 4722 4635 5551
11448 1620 9658 7637 1954
11449 2454 486 1469 6611 1470 5180 3322
11450 700 6 9 12 2399 2397 2400 4709 2294 1602 6198 2408
11451 2107 1866 2518 8483 36 2489 2758 2882 2398 4709 1602 99 2116 2117 3110 3115 3139 4981
11452 3683 2877 4993 1589 8690 2291 1602 3240 3959 705 2170
11453 20 1587 2280 2524 28 5547 1589 1114 2190 6955 4187 1602 2162 705 3242 2552 3507 2473 2263 2123 9861 2325 4633 1629 3247 2842 8586
11454 2114 1592 2396 4709 2489 2486 1602 2883 2117 2118
11455 9039 618 3092 1591 1602 2206 2294
11456 0 2750 6449 3768 1594 2284 1592 2485 74 2285 2286 2274 2526 2401 2292 1600 1602 2305 4908 1595 6343 35 2118 2117 6103 1823 1611 4196 2414 2670 7314 6307 7317 1888 51 1626 2213 3140 1627
11457 1820 8092 2876 6667 2478 2666 36 4705 2395 2285 2287 2293 1602 4709 2486 2399 1601 2115 33 2117 2403 2404 2492 2410 6196 6198 2411
11458 2749 1602 2291 2295 2292 705 4635
11459 701 2109 4501 3482 2755 2524 2480 1587 2113 28 2481 2482 4698 2666 1591 2290 1593 1595 2485 1602 2124
11460 2877 4501 1585 2813 477 28 1114 2281 21 36 2114 2486 2397 1602 2399 2294 842 99 2400 31 2882 2398 4709 5100 1601 3960 6140 2116 2403
11461 1820 701 1080 702 2280 4378 2480 6954 2524 1587 28 2479 2112 1590 2113 842 1591 7340 36 2395 2397 1602 2293 2758 2398 4706 2489 99 2882 1601 3242 2115 1603 33 1604 2883 2404 2403 3961 3962 2117 2118 2885 2884 2886 1615 1616 1609 1610 1617 2324 3967 2208 3965 1611 2122 6350 2211 1619 3137 3966 7934 6199 4126 2671 3519
11462 2645 7 2108 2475 4501 1878 2755 28 4124 4978 6650 6527 4697 2482 6902 1602 2758 2293 2397 2882 2398 842 2399 4709 2294 2489 99 4705 4706 2525 2400 32 36 5289 3960 3959 2491 1601 2115 1603 1604 33 2116 3961 9947 8165 3964 2492 7348 2410 7045 2214 2215 3519 1887 2671 3140 2320 1626 6355 1627
11463 1866 2476 2113 2479 1590 616 1591 1592 807 2283 1596 2159 2287 1602 2486 2588 3959 3493 2401 2296 3960 4908 2526 2305 2403 2299 2300 2297 2404 2298 2117 2118 2301 3508 2668 10419 7862
11464 2258 4257 29 166 4502 2283 7236 5289 3960 1602 2490 1880 8618 624 4251 4997 6178 3244 1137 6003 5424 2169 4635 3140 6355
11465 2482 2666 36 807 2283 4705 4706 2114 32 4697 1591 2393 2484 2396 2399 2293 2758 4709 2294 2400 2397 2882 2489 1594 1593 1595 2398 2290 1602 842 1601 3959 5289 2491 3493 3242 2403 3967
11466 5460 9312 15 8487 13 3129 1585 18 2730 3905 3088 6969 786 6101 1878 2281 2283 1594 1595 2284 1752 2485 2394 2487 1602 705 2488 1599 1600 2758 832 1601 1603 1604 2115 847 35 2298 3962 2404 3833 4147 6221 2308 2209 3967 2318 1617 1618 2311 2324 1615 3966 2312 4720 3965 1883 1611 1616 4635 2122 2317 2123 502 2314 6928 3521 4725 2315 52 2320 2214 2215 1887 4196
11467 1114 2159 1602 31 3240 4813 33 2117 2118
11468 4378 2280 704 4994 2274 2883
11469 1877 2258 7743 74 2396 2666 1597 1593 2484 807 2159 1591 1592 2489 2400 2293 2882 2398 2274 2285 1602 2295 2488 1599 1600 2501 5289 2491 2115 2117 2118 197 3511 3967 6193 2121 3966
11470 1875 5116 3482 22 2755 2158 2291 911 2290 1591 2395 2486 2588 1084 1599 1600 99 2399 706 2293 842 2397 2292 2274 2294 2882 2400 2398 1602 33 6803 1601 6971 2117 6102 2668 6178 2534 2123 6193
11471 2258 2479 2665
11472 2280 3092 704 4978 32 4812 5100 1602 2555 5104
11473 1114 3092 2481 4502 4188 2322 2161 36 1602
11474 3079 2518 4378 2879 2112 2157 2286 1602 2295 3243
11475 4993 1588 2293 1084 1602 6140
11476 1878 2280 2281 4124 6139 4697 6902 2282 2481 6650 2666 1596 1594 1597 1593 1595 1591 2393 2484 2286 4705 4706 2114 32 2396 2485 9326 3095 2293 2397 2400 4709 2294 2489 1602 2758 2882 2398 842 99 1601 2116 2117 2404 2403 3961 3962 3110 2885 2884 2886 3964 2169 3137 1615 5104 2589 1887 856 4722 2410
11477 2749 887 1 2873 11 2109 6954 1589 1587 1114 4124 3092 5933 1602 2163 4251 2760 6178 3245 3244 4073 3135 2842
11478 2749 2872 701 2257 3230 4977 1595 1598 1822 1602 3240 5319 5992 852
11479 6954 4378 2280 4250 28 2482 4697 4698 2483 6902 4978 6650 2525 2392 1591 2396 2666 807 36 2393 4705 4706 2114 32 2395 2399 2882 2400 2758 3959 3960 3493 31 99 2294 842 2290 1602 3095 4709 2293 2398 2397 2490 2296 1601 33 2115 1604 2116 3961 3962 3110 2885 2884 2886 4049 2121 1609 1619 3966 2409 2410 3140 6355 2671 2320
11480 2878 7875 1878 28 2482 2483 2525 2666 2484 2287 1597 1593 1598 32 2283 1596 74 2285 2288 4705 4706 2159 2284 2286 1594 1595 2485 1602 4709 2397 5289 3960 3959 705 2115 2163 2404 3961 2668 5192 1615 1616 2324 3966 2122 2409 1618 852 1619 3137 1610 2123 2410 2211 2325 6199 8261 2411 6196 6198 3520 2320 2214 3519 3140 2215 1626 10305
11481 1857 5 2750 7 3998 6612 9 10 2109 1860 1861 2257 3230 2476 1875 1877 2113 2479 1587 2478 2524 2480 2665 2280 4250 1590 29 1602 2758 2397 2400 2294 4709 842 99 1601 1603 33 2115 3242 705 2116 2117 2118 8059 2404 2298 2403 3961 3962 2885 3110 2884 2886 3966 2121 3137 1615 2123 1617 2324 2409 1619 1611 1610 1616 4635 1883 3968 2122 8261 6198 6196 2411 4633 3519 2214 1887 2671 3140 2320 1626 1627 1614 2215
11482 4544 1820 10738 2258 704
11483 702 9892 1594 2666 2400 2484 1602 2399 2283 1604
11484 1602 3629 6608 1238 2709 2755 11796
11485 2280 4250 2480 2524 786 2112 4378 2665 2287 4187 2479 7340 2160 2397 1602 2489 6810 2400 2398 2882 705 43 2168 3967 6109 2211 6213 1887 6199 4357
11486 1798 6943 801 20 6101 2258 4807 1114 6650 4187 2295 2582 1021 7340 1591 2487 2296 583 2397 1602 2294 7202 2117 2262 194 3243 4504 6976 3964 3244 3245 8648 1611 1884 4635 1887
11487 4696 1602 832 3095 5282 4997 3115 3964 2532 9080 2088 707 2671 3247
11488 6667 4064 1596 1822 1602 4709 6140
11489 3005 2113 2480 1602 2487 2488 2290 2291 2117 2122
11490 2524 2480 3092 704 1602 2206 1592
11491 4705 4706 916 1602 2486 5715 2116 2404 2117 2409 3966
11492 734 3230 20 4257 2478 4250 6954 2112 2280 4378 2479 1590 2665 3488 4821 704 4977 1591 1592 1594 1597 1593 7340 2484 1598 1596 2396 2159 2395 2283 2489 832 1599 1084 2398 2295 706 1602 2292 2274 2293 2397 2294 2501 2289 3960 2115 1603 2118 2117 197 1606 2207 4357 4635 3967 3966 1615 2211 1619 1616 3519 2213 4126
11493 5942 6101 2113 21 4697 6902 807 2284 1594 37 2287 2485 1602 99 2293 2398 1601 2115 1604 2116 2404 2298 2403 3961 3962 2117 2118 1881 2884 2886 9623 4995 2668 2410 3966 3968 860
11494 285 9359 9942 1954 3336
11495 3334 9534 1253 1572 263 611 3688 773 1019 2183 3382
11496 2359 1521 10912 1519 237 11175 517 1640 4340 813 10533
11497 2201 7617 8302
11498 6188 286 3898 9942 5367 1137 6468
11499 6188 1709 3259 1350
11500 610 98 6188
11501 6188 2332 8578
11502 219 905 3295
11503 1997 1851 5915
11504 9504 11866 194 10817 3012 515 2344 8169 2799
11505 10594 8986 7240
11506 9504 10 3683 2751 5696 2476 786 2105 2813 2755 2665 2154 2524 2480 2478 2157 8690 6139 3489 2482 4698 2287 6650 4978 2525 4697 2882 2489 3095 4630 2116 4893 4071 4190 6103 6179 3244 2208 5104 2084 4812 1628 856 1824 1887 4126 2321 2215 1614 3246 2214 2327
11507 9504 9363 2238 10356 1137
11508 9504 5136 201 4088
11509 5835 1137 653
11510 8105 1958 2454
11511 2958 1958 4177 9063
11512 9312 4871 2422 10443 181 1977 1055 1938 919 2344 9934
11513 6617 10582 9921 1983
11514 1403 3770 70 3469 111 2254 2058 9635 6094 5516
11515 8493 10888 4803 10628 4620 6094 1296
11516 7720 8518 6094
11517 1783 1204 4858
11518 477 1592 2886 3243
11519 2384 2455 2041
11520 8302 11103 8231 8830 11909
11521 3151 9 2851
11522 5197 3897 5569 4936 1922
11523 4936 8528 2545 11073
11524 4017 1878 1703
11525 5196 3554 1336 871
11526 5196 6958 639 7144 10206 11670 2092
11527 628 5196 1268 7202 1704
11528 9693 8274 5844 7523 9339
11529 3482 1598 4349
11530 9579 6183 2190 278 4367 8117 5605
11531 1705 6299 1276 584 22 2481 2159 705 3493 706 2532 2855 43
11532 281 9384 7005 5815 97
11533 1417 1027 2186
11534 7304 4066 987 4488 1395 8445
11535 10529 5855 4066 654
11536 176 145 5486 3818 11626 10143 4785
11537 3817 10549 874
11538 7777 604 4298
11539 1068 11198 9721
11540 5589 1114 5588 11273 11198
11541 11204 8794 8114 597 4436 7466 5367
11542 477 157 606 871 1654 1161 1162
11543 1124 7922 6308 9502
11544 700 6 1981 6100 1860 2095 4120 4123 2204 2205 4080 851 2311
11545 4970 5 6178 2311 3249 6972 6181 7828
11546 4970 3376 4008
11547 4970 11008 6687 285
11548 4871 1333 2426 4970 6565 2956
11549 4970 6184 7149
11550 2654 5671 474 1194
11551 2654 3506 2946 945 1745
11552 4232 2654 548 2278 4 5 6
11553 556 3030 11787 9208 10893 11379
11554 9336 1579 2040 2083
11555 9336 1749 1124
11556 6896 9336 878
11557 1655 685 9336
11558 8320 1788 1635 5589 1798 1778 2985 9336
11559 9336 11910 9043
11560 9336 9157 2725
11561 2359 4273 5531
11562 3076 22 618 2113 2525 4698 6665 1084 5319 4252 2407 707
11563 9365 2510 5126 9705
11564 5633 905 7300 698 915 86 7536 705 1857 3115 2738 4252 4073 2121
11565 2190 10490 462 4406 4454 9330 5807
11566 10490 5646 1138
11567 10490 1135 9310
11568 7676 10490 9112
11569 9650 1138 5003 10490 1283 1135 9345 5897 7676 1075
11570 1283 4420 1136
11571 2697 455 1283
11572 4613 10601 1216
11573 9528 2258 2588 1592 5289
11574 1405 8547 10133 8693 4792 5721
11575 8923 1191 10541 913 9022 2596 4043 1896 2587 7037 886 1405
11576 1214 9405 227 9016 1209 3823 1405 4371 3084 351 3032 361
11577 1695 2582 3250 2471
11578 5572 2344 9904 1965
11579 11245 9440 5801 5572
11580 3629 5572 293
11581 1516 6169 5413 2582 4778
11582 5413 3368 5452
11583 8734 7615 5010 790 387 5413 1362 5344 10465 464 6549 9479
11584 1333 3230 10836 494 7656 8120 3499
11585 5450 1333 11135 270 4591
11586 6430 1333 6652 4301
11587 4462 4588 1333 2058
11588 1333 288 1495
11589 1333 6505 8621
11590 1698 8233 3797 4856 1062 1333
11591 11156 735 5463 1286 1360 2162 5700 911 1333 1226 2283 8474 166
11592 5749 3871 1333
11593 2618 1527 3051 8958 1333 2426 2454 112
11594 2502 1333 1080 1914 2755 1592 3959 35 1399 3135 6804
11595 7659 1309 4479
11596 5855 5337 1333 4411
11597 1333 19 6732 2471
11598 6678 1407 1333 6820 8315 11546
11599 1545 1556 3600 11469 5093 10441 10516 5517 9289
11600 6560 2694 9995 9582 1138 6363 1333 2945 3902 3180 1783 734
11601 5482 11637 427 10848 4486
11602 9471 2085 3198 5088 698 7434 227 4827 3486 3356 6683 2455 2407 1333 786 508 2039
11603 469 1333 8585
11604 4393 8907 1516
11605 4393 1275 5061 1295 2861 5000 8183
11606 3703 2382 9569 7270
11607 3453 9569 9637 5842
11608 6278 8470 7847 7990 1308 1309
11609 5329 2231 8056 10367 3441 1425 453
11610 1425 5914 1225 6829 9771 5990
11611 1425 7240 5860
11612 2749 887 1982 2872 1861 477 3777 1425 10965 311 1149 2112 1400 7236 33 706 2668
11613 11 1338 2475 4501 7670 807 2283 2159 1593 2284 2486 2488 2290 2588 2291 3919 2115 2117 2119 8261 7645 2215
11614 2190 10884 4406
11615 1425 4354 2877 1905 5116 1878 2113 2480 1704 6683 3092 2283 6527 2486 2322 807 7340 2161 2399 842 2163 2116 3511 1886 1559 2326
11616 2077 3835 9703
11617 2749 887 1819 2017 1425 3998
11618 1425 4 5 9
11619 1605 1876 20
11620 1112 3453 1605 2331 6523 2130 5272 6277 9734 329 1274
11621 6112 9929 1197 11359 871
11622 2384 1605 4501 5160 390 2757 4190 6976 2552 303 4997 7399
11623 2723 4005 3425
11624 7661 3453 4704 310
11625 133 1192 3086 7667 883 1224 3389 1304 3084 7447
11626 1983 5078 617 7457 8240
11627 8298 1224 551
11628 387 2664 1224 469 7292 4129
11629 6526 4385 2920 7296 9043 6077
11630 8766 1727 2074 4452
11631 12 6667 4120 10921 83 1201 20 2204 655 4938 4124 6139 2261 3910 2483 2525 4698 6650 2482 36 2395 7340 4705 4706 32 2293 2397 2294 3095 10134 6971 1601 33 2115 1603 1604 2116 3961 2885 2884 9624 4942 6193 1617 1618 2311 2208 3965 1609 1610 1615 1616 2210 1619 2121 2211 2122 852 3967 853 4635 1883 2324 1611
11632 5063 5467 5801 11760 1704 10126 8513
11633 5422 5423 8315
11634 5862 6952 4647 5467 494 2613 1048 1047 7716 636 7389 9923 439 1730
11635 3813 2450 4780
11636 4780 1315 4305
11637 1709 7573 267 4780
11638 7780 3896 3813
11639 2896 5779 4780 11182 9308 5537
11640 9096 1962 1288
11641 595 1501 5202
11642 7931 9293 11669 5831 3978 4670 526 937 6572 9502
11643 11669 11308 3358 5037
11644 2829 2359 6053 11669 11791 5174
11645 10182 595 8993
11646 6477 555 5692 4155
11647 20 3481 1878 6101 2113 2258 2566 28 6139 21 2481 2483 6902 2525 4697 4978 6650 1151 1597 2284 2392 1593 2290 2162 11390 3095 2298 2116 2885 2884 2886 3961 3962 2404 2492 2117 2668 851 2532 1885 2407 707 2410 5738 6104 2121 1559 6972 6141 4125 2215
11648 1094 2681 5995 8114
11649 3815 441 7762
11650 8875 8217 10316 3815 8805
11651 4897 4757 4177 3815 474 1045 3234
11652 478 476 8621 1550 3815 3469
11653 11770 2096 6464 7288 8944 3769
11654 6232 5200 383
11655 2825 10814 3960
11656 3438 3104 1232 868
11657 5899 328 9017 10159 952 844 1580 551 3117 7006 1050 1137
11658 8313 9706 1315
11659 4013 1360 11146 3666
11660 1267 2190 1205
11661 4763 1267 4398 8001
11662 2679 1635 5143 7218 4906
11663 2679 5200 8630 2914 1138 2663 2190
11664 2679 6680 5135
11665 3392 2679 1704
11666 3771 10091 2098 59 2679 5059 2414 5909 10931 2413 7322
11667 11022 6365 1137 2679
11668 7356 5166 1635 2351 3915 5120
11669 3205 1407 2074
11670 7529 10159 5509 2100 3182
11671 6099 3257 5348 929
11672 485 1780 3026
11673 3540 5050 9916
11674 1780 6842 2717
11675 1780 6550 9780
11676 2918 347 4466 2825 3987
11677 1635 1079 3892 2913
11678 2912 4103 5751
11679 5751 5123 237
11680 10587 5751 10938 4192 11680 3136 3234 271
11681 6805 5667 4565 559 1498
11682 559 1279 185
11683 1661 10772 7243 559
11684 3195 1948 559
11685 559 5501 7167
11686 559 656 937 6896
11687 743 2288 934 3285 1135
11688 387 475 7225 11244 3971 512 6505
11689 512 9376 6889
11690 67 3376 100 10278
11691 5633 9409 6601 11041
11692 1329 933 2245
11693 5423 6674 4014
11694 5423 4014 937 5862 4782 8315 5222
11695 3198 338 7085 9420 7173 4182 334 122 126 123
11696 1047 1639 5577 9141 5374
11697 1465 3080 2148
11698 7506 641 1787 9764 982 1141 2143 3859
11699 11792 468 5748 10791 9119 4305 4117 599 3012 6855 7246 184
11700 1347 988 8994 1991 11067 5407
11701 391 4396 5214 7672 7870 4187 8994 108
11702 2258 2113 1589 1114 4977 31 2116 1601 4630 2298 4190 5992 4995 2323 1824 2408 6972 2213 1613
11703 1638 69 2529 3115 853 3137
11704 474 7652 1094 2079
11705 8687 3408 481 474 4114
11706 7120 11054 935 10806 7118 4196 2413 6221 9489 474 4198 7119 2306 4203 4206 4074 10144
11707 1931 2726 10876 9061
11708 3301 609 11615 11913 474 5749
11709 287 58 10138 7563 2039
11710 474 5467 7603 3012 9732 1407 9779
11711 10158 474 6005 5782 275
11712 122 9529 1465 11582
11713 9186 474 7338
11714 4749 365 946 487 2513 3763
11715 474 5298 8766
11716 474 2022 507
11717 2607 3012 474
11718 2565 3207 9664 5828 8556 4837
11719 2358 474 3809
11720 9495 9646 2242
11721 1783 5030 3386
11722 6284 474 11623
11723 474 1798 4346 10058
11724 10045 3319 9262 1973 474
11725 5046 6569 10794
11726 7424 474 2573
11727 2868 474 8239
11728 331 3835 11063 340 474 3650
11729 2342 474 1094 10370 11650
11730 474 7388 577
11731 474 1301 898 9458 8830
11732 3752 6476 3375 166 8247 6390 4162 5632 474 5192 2162 8536 554 288
11733 11353 474 5616 4765
11734 9671 3559 5865 2343
11735 8671 11753 2440
11736 11753 3359 8671
11737 1797 11914 11753 3359 8671
11738 1080 2247 4020 1525 361
11739 1977 10160 6953 10700 2657
11740 3272 3310 9025
11741 1030 494 6258
11742 2518 2481 9855 4978 2322 2288 2395
11743 9855 1257 2680
11744 2426 11362 1519
11745 2427 10730 3455 6688 4700 2434
11746 3359 4966 8671
11747 3359 10172 8917
11748 3359 494 4951
11749 3927 3359 6467 9280 393
11750 480 5633 3359 4002 2190 7460 6341 1206 8332 11137
11751 5090 229 2985
11752 2566 8334 3359
11753 10109 1488 9994 8074 4486 268 4372 7859 6382
11754 10109 7073 654
11755 5398 1327 10109 193 9515 481 1923 9471 1334 3080 606 192 6063 486 7591 1757 1451 54 3594 4679 6979 5399
11756 1134 5426 10109 1635 6014
11757 6461 10109 8056 3689 6942 3902 4565
11758 11052 1309 3641
11759 2913 786 1598 2427
11760 2427 6078 3272
11761 1221 2613 5283 2445 767 3366 1285 10711 4106 1206 1380
11762 3162 4106 7014 7832 2461
11763 5345 3871 1137
11764 3505 9793 1335 263 7470
11765 1850 4278 5624 2186 11642 5008 4078
11766 10285 1850 6080
11767 285 8078 11214 11590 7789 1850 6329
11768 1850 8872 6777
11769 6367 3008 526
11770 6367 7132 5717 3724 2510 3253 10604 7919 4381 1554 8447 11515 1829 7499 11232 3107
11771 5805 8829 5679 6367 5264 1735 6750 8643
11772 6367 1194 8917
11773 7978 10182 1454 10238 5910
11774 469 659 11521 2141 4173 11041 2025 1509 9442
11775 8829 654 3827
11776 9 5633 11175
11777 2517 7346 2076
11778 6302 2165 7652 1183 8646 6511 5624 7280 3804 8587 235 567 2136 8812 7298
11779 4080 7889 7652 2630 1326 624
11780 4789 10910 1316 8315 477 538 10715 4118 622 4552 9969 5802 8257 205 1407 1206 1599 6164 1748 9894 6813 10189 398 2809
11781 2832 8265 8935 6915 8245
11782 8245 484 3783 3423 6609 7602
11783 7575 2616 1479 3043 9583 8216
11784 2617 3571 9016 869 10151 11746
11785 4824 6036 4472
11786 1316 4824 705 698 2501 2288 3242 7487 2118
11787 1295 3251 8699 5592 263 7731 2922 8039 3218 3834 4819
11788 4824 1737 6165
11789 4824 551 1228 624 263
11790 4824 201 210
11791 4824 4518 477 3104 3556
11792 11350 1238 7388 4824 2717 2502
11793 5769 8799 6142 4824 5792 11743
11794 4824 8259 2546 3703 4301
11795 786 6206 4824 2481 2492
11796 4824 1554 6112 932 10387
11797 8099 867 481 4824
11798 3150 477 2115 2304 1607 3966 2168
11799 19 3396 5588 2373 6633 878 2600
11800 1055 6076 4681
11801 1055 4819 2243
11802 7474 648 10487 1693 2199 3745
11803 1055 1519 1082 9543
11804 1055 2187 7985 6299
11805 1304 1055 69 8836 91
11806 7195 3964 11918 3644
11807 10150 7194 5605 3019 11919
11808 629 1055 7117
11809 2355 1055 5831 6273 5061 3677 481
11810 2086 1055 3295
11811 7313 1055 5519 4807 2481 11691 929 5177 6178 3964
11812 2725 1170 6969 5375 2204 658 1055 328
11813 1055 494 7202
11814 406 11909 7864 3023 507 7997 3713 7837 7063 11081 7350 10554
11815 2576 760 370
11816 5063 5549 10135 3809 2051 9735
11817 2343 5772 1655 5976 391
11818 466 3478 11842
11819 1295 8462 8347 49 275 9042
11820 4354 4063 3772 101
11821 5408 6735 3910 5358 8254 11314 10716 8103 6519 1660 838 1240
11822 753 1020 351 2622
11823 486 6707 1135 4949 261 8253 2894 9941 5763 3706
11824 8898 11390 3410
11825 2042 8484 6951 9639 11466
11826 7058 4603 6830 6035 1137 9823 8839
11827 7058 278 5180 2827
11828 7473 7058 3320 1714 1648 3970 1661
11829 328 7058 11353
11830 6561 2577 10956 3604
11831 866 4248 10794 243 8146
11832 6107 7953 10312 10313 10314 10311
11833 3078 183 609
11834 387 4187 1288 3683 1137 5214
11835 4767 3857 266
11836 3857 1021 1464 1465 10939 3044
11837 3857 11768 10099
11838 2262 3902 3857 1391 9541 3362 9056
11839 1519 3009 2600 7001
11840 1150 1738 2510
11841 10813 1059 9105
11842 5498 2070 786
11843 2070 2489 8831
11844 2070 2453 9500
11845 5358 6212 28 4771 3158 7618 2608 1720 6561
11846 69 8580 1663 4953 4467 2070 4831
11847 2070 5450 11847 5145
11848 1162 5872 3315 1655 1797 114 2609 1355 2070 5888 2631 2141 826 5700 11754 4804 11534
11849 10808 6153 9788 5220 5229 7245 6800 2070 7162 466 6808
11850 2070 2730 3410 6079
11851 2070 2748 1295 3367 918
11852 1360 2070 4652 2732 4799 11502
11853 5982 5310 2070
11854 1049 6921 6923
11855 3408 2070 2186 1724 4331 212 5999 5588
11856 10005 2070 1317 3170 8615
11857 3768 6712 6240 3631 6175
11858 10481 4181 8448 1479
11859 8417 7434 5345 1471 8499 6484 11735 2464 5717 11029 3724 61 63
11860 11276 5824 3112 9769 6097 7434 10516 3309 239
11861 937 5346 5831 7267 7434 9099
11862 10726 7434 5862 10881 2088
11863 5696 5048 7434 2027 3978 7143
11864 7434 5602 4394
11865 7434 4646 1094
11866 631 122 7434 1479 123
11867 6939 3195 5161 5934 8653
11868 3487 7434 7789
11869 10395 6372 7434 8446
11870 5927 6234 646 869 4890 72 874 6587 8635 3327 6483 10665 7434 1755 11309 7557 10237 10239 10869 10641 10165 4891
11871 11231 8663 4150 2869 7434
11872 1011 3019 8002 11739
11873 11219 737 4654 777
11874 2621 869 5316 128 1754 3170 11219
11875 5437 8833 10849 10308
11876 278 3504 11324
11877 3338 4036 358 2511 5525 5381
11878 5381 3060 70 3288 3398 1928
11879 2767 257 909 11321 3161 9959 7211 3129 5078 5213 4435 4456 1288 2417 607 2625 2594 874 2894 6214 1542 10688
11880 11621 1138 6740 11262 477
11881 10720 3813 3942 3834
11882 2799 786 1938 250
11883 2946 273 2799 897 4856
11884 2426 172 1269
11885 3455 1287 2016 2799 6608 3196 5434
11886 1295 1040 720
11887 3720 2799 2683 2175
11888 2947 6685 1736 1737 13
11889 3655 7331 9062 8842
11890 6308 2167 1112 10895
11891 10366 7376 6183 10061 7128 493 1112 6062 165 1207 8708 7078
11892 3502 3501 6027 1238 3395 7450 142 2717 1216 2237
11893 2513 9694 2865 3044
11894 3919 3081 9694 7984 1092 1391 4089 3090 3904 7985 6634
11895 9694 5047 1088
11896 9694 466 9860 2949
11897 4785 2426 2040 588 9969 10928 4482
11898 5051 161 499
11899 8255 5051 3907 3908
11900 5051 579 10233
11901 7940 6031 7134 5051
11902 5051 7627 8045 2426
11903 5051 3332 3536 11569 3259
11904 7716 6372 1464 5051 6379
11905 4169 4878 9733 1623 6641 2519
11906 3332 477 9486 1160 3036 11866 1519 1655
11907 3332 7388 4923 551
11908 10819 551 6943 211 6139 4193 6119 2624
11909 4862 1864 1866 15 1084 43
11910 8453 892 551
11911 4184 4023 2102 2394
11912 10473 5898 1465 101 4184 333 7576 6797 2963 1798 10355 11147 238 4325 3283 11550 11359 7074 2941
11913 5088 1183 5249 2426 1426
11914 69 455 176 9921 1183 11920
11915 4257 1593 175 2552 10742 1183 4804 10380
11916 4404 2903 1183 1579
11917 6849 8917 1183 2730 8991 3991
11918 1183 4991 76 2359 9960 2233
11919 8705 1183 8710
11920 9 12 3074
11921 1183 9359 2130 1916
11922 6282 311 4816
11923 2090 8204 4513
11924 6281 3616 101 6682 5855 4511 6349
11925 4143 9121 278 9163 7796 6087 11911
11926 1820 4147 4830 3242 705 2099 2119 275
11927 9284 5428 1945 6148 1944 3180 2517 1742
11928 2030 500 9847
11929 4873 1443 2240 1483
11930 3276 3257 4386 9272 11339 4322 521
11931 1465 412 8937
11932 2534 3769 1483
11933 2084 4436 2278 11188 1360
11934 8012 3768 4436 5139
11935 8404 4436 8290
11936 477 10883 4436 2278 8393 4147 4287 1922
11937 2154 2665 4436
11938 1084 7714 6851 4436 2147
11939 4436 2445 2180
11940 9265 4436 1022
11941 4664 5062 1248 8018 4519 9539 5437 8017 6108 9808 6700 9366 2351 2419
11942 10134 2278 9528 9082
11943 2278 1769 2146
11944 2947 2631 2278 4943 4321 2905 1920 8266 10980 1229
11945 2580 4908 6111 8643 10652 2345 2278
11946 2278 9639 10968 1028
11947 4951 8551 5871 9705 3816 11910 4576 7375 5488 6720 5359 9203 8807
11948 4511 11074 2725 2036 4989 10764
11949 7045 11054 7118 2414 2413 4198 4196 2670 1455 1893 7121 11922 4200 4730 4733 1891 4734 10886
11950 4621 10995 2449 405 3792 988 2461 7184
11951 10995 6470 3126 4385 1938 2755 139
11952 1954 11102 3395
11953 1857 2647 10 2475 3683 3230 2111 5116 6969 4978 4696 4977 2757 2284 1597 1595 36 1594 2666 2487 4706 3488 4705 1603 1604 2116 3110 2886 2884 2885 433 2668 197 3244 157 2307 2121 3137 3965 1618 2409 2208 3967 3966 1619 1611 1609 1610 1615 1616 4635 3968 2122 6972 2214 1887 2215
11954 1856 8146 2087
11955 5187 4563 9925
11956 4409 436 4563
11957 7221 9433 317 4383
11958 6209 3002 4570 3001 3020 6529 11923 10384 9007 11824
11959 1159 7011 1635
11960 4385 5352 1159
11961 1391 1160 7169 898 1654 8386 4629 11690 1159 69 1134
11962 11082 8911 9693
11963 1159 6214 2243
11964 1820 1159 6612 1982 9 3710 2290 2292
11965 423 329 2704
11966 5467 1094 2496
11967 193 5467 115 486 4495 5270 2715 7169 3277 338 1525
11968 3769 5467 1342
11969 5178 11862 2531 11590
11970 1923 7359 3051
11971 9339 7436 579
11972 786 487 5467 5912
11973 400 1959 5617 7723 5467
11974 2878 1876 28 4124 6139 6902 4812 1600 4698 2666 1595 1591 2397 2294 2293 2403 2117 2118 6102 2208 1883 1610 4635 6350 1611 1615 1616 7645 3519
11975 9524 2543 6251 9112
11976 2543 6402 9639 11588 2322 2298 2403
11977 2543 6251 5775
11978 5582 2543 1288
11979 11760 9118 157 5377 10956 1150 5087
11980 5067 4286 1915
11981 8146 6405 5678 185 6402 5679
11982 7636 10029 3450 6402
11983 411 478 3415 3251 3182 278 4662
11984 8762 1356 142
11985 8131 10054 1142
11986 3009 8705 8762
11987 2192 8762 4573
11988 4524 9002 7573 8643 2593
11989 6896 9141 10561 4819 7801 1415 1380
11990 5620 5426 1876 1588 1590 1114 703 2484 2880 2284 2164 4630 2118 1884
11991 11924 3953 7120 7118 4197 7121 9791 4198 7119 4074 4196 10144 4733 1891 8306 4734 6221 11925 7322 10925
11992 2057 11435 11183
11993 4232 7856 2684
11994 172 6755 285 9342 7544 4714 8350 5286 4232 494 4327
11995 10510 3871 9608 3996
11996 3743 4232 2822 5646
11997 10737 11340 5919
11998 4232 11926 11927 2072 6270 11478 11872 4203 11786 3644 4206 11108 4739 11892 11873 11928 11875 10873 11152 7320 11861 2531 10179 11882 9934 11900 11929 11930
11999 5525 9014 7362 4232 2898 17
12000 5405 4232 4902
12001 4232 5979 5977 9957
12002 4232 4803 4804 3275 272
12003 6805 10274 2607 5399 2204 3191 9915
12004 7041 7866 4187
12005 9297 2445 2731 2617 874
12006 5166 6446 4267 254 8339 1693 288
12007 3536 5896 1867 2986 6402
12008 7246 4476 9440 4775 2568 5326 1738 9527
12009 6278 9750 11261 5388
12010 1857 2110 6278 6634 2212
12011 1295 2426 3173 7726 1360 604 3933 6273 3375 1663 3044 9536
12012 5505 4285 5519 11931
12013 3502 1029 7144 1360 639 2126 1635 8823
12014 1360 8901 3111 3749 6505
12015 38 3424 1360 2866 3286
12016 1360 3251 6332
12017 1360 2539 10413 629 1691 70 1915 2378
12018 1360 477 2440 1366 3745
12019 1360 52 3871
12020 4704 1360 8771 3415 3469 4828 3301
12021 11620 1360 5441 1017 3386
12022 10717 1660 1360
12023 1360 1906 869
12024 8137 1981 1360
12025 1360 2539 7041 1778
12026 1360 641 8959 7795
12027 10011 11171 1360
12028 1360 205 7436 6328 3012 1171 194 3871 3030 1413
12029 138 1098 5506 5328 7764 1802 433
12030 1360 2057 481
12031 9245 6376 2367 1360 3834 3393
12032 1360 238 10445
12033 1360 937 3689 6950 3066
12034 7458 5895 8021 6156 7029 4828 97 1362 551 2030 2035 5342 5370 2575 448 7223 486 1704 390 6493 6057 1360 3413 734 2426 5789 9322
12035 2893 1360 9437 2268 4916 2747 4174 551 6733
12036 1695 2979 783 1360 185 4691
12037 606 8236 10659 5946 7635 1360 6819
12038 469 1360 7900
12039 1908 8604 11114 520
12040 3647 1972 1360 4331 481 7774
12041 1360 1078 2105
12042 1360 2809 1273
12043 1137 1360 1447
12044 8111 5141 1451 128 11259 9605 126 1360
12045 10542 1360 469 1137 2185
12046 202 111 8315
12047 1360 2974 1756 7457
12048 3958 2125 1360 469 389 1471 5132
12049 1663 54 11644 1360 8387
12050 1338 3469 9431 871 8296 1403 250 3558 3275 1704 3279 3012 8022 479 5278 5989 5567 1360 10119 2101
12051 1663 946 1360 8090 3032 2237 4704
12052 11418 289 5722 54 1360
12053 6798 1776 2186 1360
12054 1136 3410 5218 1360
12055 10633 261 1360 193 5405
12056 331 2601 5696 4691 1360
12057 2547 5683 1360
12058 5579 1829 11440
12059 2741 10026 321 8520
12060 5806 4523 5501 1137
12061 1483 4523 10903
12062 4523 2913 5107
12063 4523 3336 6899 1221
12064 4523 5646 6601
12065 3415 7703 4243
12066 8668 5334 4523 628
12067 9903 955 7679
12068 3334 4989 122 10510 9260 6063 1464
12069 2394 402 2971 9734 5269 11491 3839
12070 5801 5326 2458
12071 899 6907 8842 293 227 1697 11447
12072 1925 2766 8202 152
12073 1754 874 5214 11273 1925 3334 937 7883 9496 3108 9420 786 11932 11801 6184 11364 2992
12074 1307 2221 3593
12075 2048 8484 7638
12076 4196 11054 3953 7120 7118 4406 4197 1893 4730 4198 7121 7119 11755 4733 11651 8306 4200 1891 4734 6221 9791 7322 4211
12077 3953 7121 4074 4733 7119 8306
12078 9364 7120 11054 3953 7118 4198
12079 7322 11054 3953 4198 7121 2670 7119 4733 8306 4200 4202 1891 4734 2297 6221
12080 9364 11054 3953 7120 7118 6221 4198 9791 1893 7119 4074 6373 4730 52 10144 4211 2414 11870 4733 1891 8306 4200 2413 4734 4203 7322 4206
12081 7322 8705 307 11054 2837 2413 2670 3953 7118 4198 6373 1893 11694 9160 4203 4734
12082 9364 7120 7118 3953 2414 2413 1893 7119 2670 4198 7121 4196 11755 4733 8306
12083 935 3953 4198 4869
12084 9364 11054 3953 52 6373
12085 6184 542 7181 7322 307 7120 9791 4196 3953 7118 9489 10806 4406 2413 1893 4730 4198 2670 4212 4074 4203 7121 4200 11054 2414 8306 6221 11651 6373 2212 4206 7320 9772 11933 4734 10924 11741
12086 1142 3953 2631 2062
12087 7120 11054 3953 2670 4196
12088 2300 7322 9364 11054 9791 3953 7120 4196 7118 2414 2413 935 6221 4198 1893 4730 2670 6373 4212 10144 4211 7121 4733 11870 11934 11651 8306 4200 4202 11935 8705 4734 11925 4203 52 4205 4206 10806 11695 10924 2676 10925 4209 4074 8817 2841 11756 11741
12089 7118 3953 4196 11054 9489 4198 7121
12090 47 11676 3953 4198
12091 307 7120 9791 11054 4196 2414 3953 7118 2306 9489 2413 10806 6221 1893 4730 124 4198 11055 6373 52 10144 7121 7119 4074 4733 1891 4203 4212 8817 11019 4211 11870 4206 4734 4200 8306 11935 7322 11933 10924 11925 4209 2670 4740 4741
12092 9364 10112 7118 3953 4196
12093 11936 3953 4198 4196 6373 7121 4200 2670 10924 2413 11756 4206
12094 8705 10507 307
12095 9791 11054 3953 4196 2414 2413 1893
12096 11054 7118 7120 3953 6221 4198 7121 7119 4733
12097 11348 11054 3953 7118 2414 2413 6221 9364 4196 4198 52 6373 4074 10144 7121 4733 4211 11870 4200 8306 4203
12098 11054 7120 4196 3953 6221 1893 4198 6373 11019 7121 4074 7119 11755 4733 11651 8306 4200 1891 4734
12099 307 11090 7045 7120 11054 2306 9364 3953 7118 935 4196 2670 6221 4198 7121 7119 6373 7613 8306
12100 8165 7054 3198 1207 8705 307 9364 11054 4213 7120 935
12101 11614 3953 9364 11054 4198 7118 6373 4074 4196 1893
12102 7322 9364 7120 3953 2413 9791 4196 6221 4198 1893 7121 9489 4733 1891 7119 4205 4730 8306 4211 4734
12103 10291 11054 3953 4198 7121
12104 1238 7094 2837 11054 3953 4198 7119
12105 3953 7120 7118 4198 7119 10144
12106 11054 3953 4198
12107 7120 3953 4198 4733 4200 4205 4213
12108 35 9364 11054 7120 2306 7118 3953 4198 4196 2414 7121 4074 7119 11676 4733 1891 8306 4200 10924 10925 10806
12109 2425 7322 7120 11054 4213 3953 9791 307 2413 9364 7118 4406 4196 1893 6373 4198 4730 7121 4074 4203 7119 11019 10144 11755 4733 8306 4200 1891 4734 6221
12110 911 7322 8705 11643 935 11054 4196 7118 2414 2413 3953 6221 4198 1893 11055 4730 9791 7121 4733 4202 7119 11935 8306 1891 4203 10806 4200 10924 3145 11756
12111 3953 7118 7120
12112 3523 3522 9364 307 3953 11054
12113 3953 7120 11054 4198 1893 7121 4074 7119 8306 1891 4200 4734
12114 2496 3953 8705 11054 4196 2413 4198
12115 11054 3953 11055 8306 4200
12116 11614 7322 307 3953 935 7119 4733 4734
12117 2297 2837 2670 2413 7118 3953 6221 10806 9791 1893 11055 11755 52 7119 7120
12118 3953 4196 4198 1893
12119 4412 3953 4198 4197
12120 3386 11626 7322 8705 11763 10963 3953 935 52 7119 9791 11935
12121 11054 7120 3953 466 9222 7118
12122 7322 11054 3953 9364 7119 7121
12123 11054 3953 4198 6373 4733 10144 8306 1891 4211 4734 2670 8676
12124 3953 550 551 4574
12125 7045 8485 7120 9791 9489 3953 10806 4196 6221 2414 2413 2670 1893 4730 52 6373 7119 7118 10144 4733 1891 4734 9160 2297 4203 4206 10925 4211 4170 6353
12126 7120 9791 3953 11054 4198 7118 2414 2413 4196 7121 4733 8306 4200
12127 9364 11054 3953 935 9791 4198 4074 8817 7121 4733 11651 7119 8306 11934 4201
12128 11054 9364 4641 7120 7118 2414 3953 2413 4198 7121 4196 2670 7119 4074 4733 1891 11019 11755 7322 4734 11870 11651 6221 8306 4200 10924 4203
12129 66 9364 7277 7120 10997 9791 11054 7118 3953 9489 4406 10806 4196 2414 2413 1893 4198 11827 4730 6373 4074 7119 10144 4211 11870 4733 1891 8306 4200 4202 11935 6221 4734 4203 4313 4206 7320 10924 7322 10925 4209 11756 11741
12130 3953 4196 2670 7119
12131 7322 11054 3953 2414 2413 4198 1893 6373 7121 4730 11755 4074 52 9791 7119 4211 11870 10144 4200 4733 1891 8306 4734 6221 9934 7320 4203
12132 766 5058 3691 5824 11545 3953
12133 3953 4406 4198
12134 4412 11054 2837 7120 3953 7118 2306 6221 9791 11055 52 10806 4733 8306 11651 4200 4196
12135 6221 4198 3953 4196 11054 2414 7121 1891 4200 4734
12136 9364 7120 7118 11054 3953 8306 4200
12137 3953 469 639 1727 383 8333
12138 935 3953 6221 7120 4196 7118 2413 7119 2670 6373 4730 1891 5593 340 343
12139 7120 9791 11054 3953 4196 9489 6221 2414 2413 4198 1893 7118 9364 6373 4730 4074 7121 11870 1891 4733 2837 4200 4734 8306 4203 10924 4209
12140 6775 7428 3953 6798 8044
12141 8705 11054 4214 3953 6221 2306 2670
12142 307 11054 9791 4198 3953 7121 4730 4074 7118 7119 4196 1891 8306
12143 9364 307 2670 6373 3953 4196 2414 2413 4730 7121 1891
12144 9364 7322 8705 935 7118 3953 11054 6221 2670 4196 4198 2306 4730 4074 6373 7121 7119 8306 4200 10924
12145 6572 2297 8705 11054 7120 2306 2413 3953 935 7118 4198 2670 7121 7119 4733 11651 4200 1921 8306
12146 7120 9791 3953 4196 9489 2414 2413 1893 4198 7118 6373 7119 10144 11935 7322 4211 8306 52 6221 4205
12147 8817 2413 4196 11054 7118 3953 9791 52 4198 2670 4730 7119 4733 1510 11755 4205 4204
12148 11054 3953 7118 4196 2414 2670
12149 3953 4196 11054 2414 4198 7119 7121
12150 8228 11939 11940 11941 3953 11942 11380 11055 11943 10924 11944
12151 11001 453 8406
12152 5405 4850 2869 83 546 1295 453
12153 2954 546 5799 9479
12154 11054 7118 7121 4200 8306
12155 1572 1137 70
12156 1572 4481 1585 477 7069 128 1928
12157 1572 5435 5481
12158 5266 2737 7939 3265 4097 2767 909
12159 8831 2445 18
12160 38 2453 2496 303
12161 38 551 1094
12162 1738 38 8413
12163 38 2557 9811 3755
12164 38 1017 2969 3927 362
12165 1749 4872 38 2035
12166 7057 3579 38 4541 1713 1711 5036
12167 3301 1295 940
12168 38 5938 2766 4569 2973
12169 38 352 184 7235 326
12170 3329 83 4229
12171 1782 38 7147 4077 2401 1953
12172 3478 3170 1163 204 2766 58 4665 1535
12173 161 499 4749
12174 4699 3473 2188 5424
12175 3044 8421 508
12176 5250 10821 111
12177 6915 10114 1704 11743 365 2031
12178 4819 2085 10821
12179 3566 11016 8184
12180 4646 72 577 3386
12181 1454 732 10846 333 624 7835 8296 5854 11919 2034 1410 1161 9272 1014 1162 3364 340 2893 9963 9757 7244 6318 1448
12182 1820 2876 9561 6101 9522 6207 4124 6139 2756 4977 4349 4188 6803 36 4706 2114 2115 2397 2294 1880 5992 3964 6178 1885
12183 10880 3243 5763
12184 6076 5933 7943 5140 2479 1590
12185 3698 3951 6905 2217 6920 1769
12186 3746 3334 3259 11946 7536 7922 86
12187 411 3405 798 7728 7291
12188 1011 1227 1983 6058 411
12189 2763 289 3394 165 1483 124 411 2829 7874
12190 3707 376 6328 1080 411 8391 876
12191 420 411 89 5910
12192 8973 411 7291 86 6579
12193 3032 3106 2454
12194 3259 2367 871
12195 931 2359 7728
12196 7728 7591 883 146 9514 5860
12197 8296 9123 1695 11186 2747 3270 2033 9656 5189 7728 3469 6210
12198 7728 5562 4999
12199 3099 8333 7728
12200 11681 7728 2254
12201 7728 8000 9 8598
12202 999 11451 844 7133 10068 5508
12203 9459 4867 7728
12204 8162 11306 1218 3971
12205 798 3959 2404 2121 4635 3967 2169 2209
12206 9376 798 431
12207 798 1620 8973
12208 212 5999 101 9555
12209 1820 2878 6206 2406
12210 1820 13 5942 6101 4250 2113 1590 28 704 1604 31 2883
12211 2645 1820 2876 4069 2258 4349 4697 1619
12212 1820 3998 4354 1585 5099 2472 2261
12213 2750 1820 3998 3683 13 1868 1080 1137
12214 6899 1820 11 2647 4354 1864 10 5696 6206 22 2113 6476 7340 4349 3110 4997 2887 2263 6776 707 1823 6109
12215 887 1820 1858 2109 1861 3076 2878 6969 2203 2665 1114 6139 1598 2206 2295 2758 2294 3493 1601 1606 1618 1885 2888 9626
12216 2129 1820 3998 2105 6206 2392 2293 4706 2490 4349 2162 2118
12217 1 2750 1820 1861 2876 2751 2877 477 20 6101 2486 3493 2552 1886
12218 1820 4501 2813 2113 2472 2881 807 2283 2159 4893 43 2492 6651 2842
12219 1820 8092 1860
12220 1820 2876 3481 1590 1114 703 28 7406 2482 6902 807 2393 2485 36 2666 2484 1591 2392 2160 5715 1084 2295 2488 2588 2399 2294 2293 2486 1593 2758 33 2404 2118 2885 2884 2886
12221 1820 9 3074 477 9262 20 3088 4553 8764 842 8043 5055 3645 4996
12222 2873 1858 1820 10 12 2110 1866 2755 1876 2112 3092 74
12223 887 1819 1820 477 5942 4069 2524 2480
12224 2107 1820 2108
12225 2749 1819 2872 2017 2107 0 1820 701 2109 6189 3076 2257 2876 9561 477 1137 5942 6943 2258 2479 21 28 2113 4124 6139 4977 8168 7061 10931 4357 398 4126 2321
12226 1820 2876 3230 1151 2666 5100 2490 705 8570 2119 3965 6199 9626
12227 1 2750 1820 5098 3488 2481 2261 6665 4977 8168 3240 1599 1600 7061 9326 59 2117 4504 5319 6543 2552 4251 3137
12228 1820 6654 6656 2821 4069 5319 6050 2212
12229 2017 0 2129 1820 2109 4064 2755 2479 3092 74 1600 6810
12230 2749 1982 887 1819 2872 2017 2750 1820 2876 477 2476 2518 6206 6634 2157 4502 2398 1822 2397 2160 845 2888
12231 1820 786 3481 2755 1588 7061 2291 5715 2295 2290 2292
12232 887 2750 4862
12233 700 5 1820 9 2474 3074 5696 3088 1114 4445 1084 705 2163 2529 8059 2492 4071 2324 2121 3139 1886
12234 1820 2474 2258
12235 2750 1820 2126 734 6206 2113 616 618 30 2112 704 2158 1084 3959 705 2118 2532 9390 5104 5716
12236 1820 4862 8092 1864 13 2111 4120 4069 2113 2205 6207 4349
12237 1818 2017 2107 2129 1820 2647 12 9892 2205 1597 1593 2284 4706 2287 1594 1595 36 2286 4705 2395 74 1591 1592 32 807 2484 2393 4812 2485 2285 2396 2489
12238 1820 2876 6943 6101 704
12239 4 700 1820 2114 2115 3115
12240 1820 701 2109 74 3960 3242
12241 2749 887 1819 2017 2107 1 2750 1820 4862 10 701 2109 477 6206 1593 2482 2758 842 2489 6207
12242 4862 1820 1861 3240 2588 1084 1617
12243 1820 2258 6955 3092 4188 2487
12244 1820 3998 1864
12245 1982 1820 701 1585 1599 3959
12246 1818 1982 1820 1821 3482 2288 2881 4188 2284 6803 4371 2164 2855 5992 2760 2324 1617
12247 1818 887 1 2750 1820 11 10 2647 2110 2876 1866 1821 6943 5116 22 2117 2211 6350 2409 2842 2214 3520 2215 3738
12248 1982 2107 1 1820 2384 3076 702 2258 9483 6803 4706 32 36 4705 2758 2397
12249 2749 1818 1819 2017 1820
12250 887 1819 2750 6685 2474 1820 6139 1704 11947
12251 1820 2257 15 5116 2258 4977 2289 4630 1597 1593
12252 4862 1820 1858 3076 2876 14 16 2661 2755 1114 2879 4705 2403 2304 2168 6104
12253 1820 2109 2876
12254 1820 1601 3110
12255 2645 1820 2258 6954 1114 2883 2170
12256 469 194 7291 7549 3564
12257 1134 2045 10487 3103 5787 2980
12258 111 2704 7291 4840 2447 2768 8862
12259 947 946 8319 7291 805 3808 3265 11743 828 11724 8170 3525
12260 7291 40 418 3610 9495 477
12261 9219 9054 9615 6163 9183 2853 8217
12262 5139 8456 11948
12263 5139 9515 4147 180
12264 5139 1053 6017
12265 1678 133 5561
12266 1678 11421 11381
12267 2050 9213 2747 6133 7686 1024
12268 630 6566 7144 6133
12269 6133 1114 4196 2413
12270 6133 3895 4108
12271 603 1082 9016 2040 1989 10 6925 10119 266 5545 7229 8619 1757 9514 929 2454 3083 871 8391 883 2554
12272 122 9688 1400 603 6416 8807
12273 1393 6299 3389 3626 6812 3824 1868 3447 2258 1588 1590 4072 1114 3489 4356 2163
12274 1393 676 6792 9970 11110 3639 2025 580
12275 1393 902 2497 984 5300
12276 1393 6112 2090 8423 1214
12277 1782 7128 6618
12278 1270 1163 3032 3364
12279 1270 236 8020
12280 1270 367 9610 7924 5195
12281 935 6559 7145 921 8405
12282 4147 8584 3478
12283 937 8499 7039 7838 9571
12284 2621 2449 2017
12285 9510 2922 3236 937
12286 6833 7766 4708 6468
12287 11183 1554 7202 11613
12288 11183 653 5779
12289 4270 5442 1142 5266 3567 10139
12290 5266 3108 3257
12291 5266 4190 873
12292 5266 6522 2030 7388 2141
12293 5266 1273 2961 3724 10325 1492
12294 5266 6798 4704 8571 1205 2723 2438 2437
12295 5266 2562 3067
12296 5386 5130 11273
12297 5266 548 4354 9231 786
12298 5266 2750 3074 6803 6971
12299 10951 2134 5266
12300 3334 6183 5411
12301 3443 743 4155 7622
12302 289 3443 937 3195 1983 3911 876 8617 413 3375 8125 204 1495 10107 1829 5346 5516 4142
12303 9785 8783 2935 9746 8777 8786 10613
12304 5781 5309 5834 5787 5784
12305 9544 146 1454 4019 245 3814 9747 4565
12306 7552 9543 6230 9747 9592 8240 3203
12307 9747 2274 2392 2882 705 2555 5100 2404 706 4304 6651 2408 6141
12308 9406 5532 8431
12309 3712 9475 7691 1126 1875 3482 2258 2565 3831 4069 1114 7340 6140 2492 5319 2209 1618 2122 1559
12310 6491 4561 8815 8875
12311 6802 3946 7699 5206
12312 5879 6354 2989
12313 69 2989 7393 11671 814 158 3104
12314 190 1977 2989
12315 2989 3772 876 2717 10817 2684 551 3180 6705
12316 9372 8402 2989 386 3555 2913 4833 11019 4132 1655 2389 3644 4307
12317 1849 607 1655 243 2989 627
12318 3894 2672 4889 6131
12319 8786 20 5545 4509 6174 11949 8780 10480 7173 6097 4625 8782 4809 3240 706 698 11144
12320 6147 201 5590
12321 4148 888 11264 3680 6147 1003 6262 6349 469 11950 3835 4284 3487 4477 9568 7044 3899
12322 7334 201 6923 1453 6921 10853 2390
12323 201 649 2494
12324 9046 4222 1061
12325 210 913 3090
12326 67 5010 201 3397 1232
12327 10327 9256 2071 11951 201 1088 8867
12328 201 9857 2832
12329 8099 2100 201
12330 2368 5642 201
12331 10138 1928 201
12332 201 7220 10812
12333 1729 1472 2727 201
12334 3469 331 1403 8019
12335 7890 10839 6653
12336 5076 937 10850 9647
12337 3566 482 6462
12338 7292 8551 5839 4767
12339 9259 5359 5789 2979
12340 3788 6517 2922 3453 18 2250
12341 3076 2258 1084
12342 10 703 1597 1593 2588 807
12343 7670 10172 2137 6101 2881 3092 704 2287 911 2288 2392 2393 2484 2555 2296 2262 6971 1604
12344 3954 2138 6807
12345 2876 1866 4064 2154 2294 3960 2115 2582 3249
12346 0 1783 4064 10371 7762
12347 1338 2645 701 2109 1861 2518 22 6352 4188 2284
12348 3830 8463 10951
12349 0 11 2647 2257 16 786 2113 4123 8168 2881 2158 2115
12350 1419 9997 203
12351 8062 4628 3076 3445
12352 1094 2791 2975 6011 5837 7919
12353 6224 694 3317 3991 1882 2988 9209 10989 1135
12354 5970 11493 9032
12355 111 2766 6740 11953 131 4467 1016 65 1534 157 506 4659
12356 1014 3987 4659
12357 4659 1962 2971
12358 10061 4659 453 1123
12359 6959 9551 2429 3492 4147 8907 458 391 693
12360 3259 607 2625 1700 8111
12361 5785 1017 260
12362 261 5792 5442 9383
12363 8782 10577 8850 8216 7268 11954 11955 10059 11652 4999 2382 11917 8439 385
12364 946 944 1697
12365 4418 9806 3877 4565 1527
12366 8473 5838 5313 432
12367 3203 4804 8751 102
12368 1858 35 5859 9278
12369 280 2258 1114 28 1593 1084 2490 807 2116 2294 842 2406 5282 4996 9278 852 1883 1559 3249 1626
12370 2750 12 3076 166 2523 698 4813 2488 2163 2522 845 2117 2473 6179 7286 2208 1619 1609 1610 9278 3968 2211 1615 1616 502 1629
12371 0 2645 1866 2524 2480 2113 2114 5715 2294 2882 1600 33 2115 1603 3242 705 2404 2534 1618 1617 9278 3965 3966 3137 3968
12372 6969 2258 4807 4697 2115 9850 1607 3137
12373 1 4996 4504
12374 2751 1585 4993 20 477 2258 2113 2481 2757 8168 4697 1594 1595 1593 2392 2758 3095 1601 33 2116 1603 1604 3961 847 8059 1881 197 3511 2407 9278 3966 2409 2121 10406 3247 1626
12375 1134 1238 5635
12376 11382 11522 6007 10759 22 4250 5715 7943 4071 2123
12377 6209 3004 225 4975 6042 10541
12378 11211 3771 6668
12379 7294 8823 4155
12380 4155 2241 3859 4208
12381 3413 4155 1276
12382 4155 1640 11956 11708 3992 2165 10250 7076 9413 9414 266
12383 0 11 701 2877 1080 4155 1876 6976 6103 3115 851 2168 852
12384 5646 5148 285 1090
12385 516 487 2698
12386 1695 227 4487 3271 831 6873 9557 3364 10731
12387 4496 4385 4486 3745 1137 4216
12388 5579 9784 7219 1124 948 3644 364 227 2359 5531
12389 3862 103 155 382
12390 3849 7823 369
12391 3929 3920 1045
12392 7765 3132 1023
12393 7858 8464 3585 1137 102 946 8167 10056
12394 2558 6040 8464
12395 2681 8670 5922
12396 1516 1952 5282 2681
12397 1238 310 4619 181 2578 3764 1234 522
12398 10632 3063 366 4748 5311
12399 821 164 10635 10632 6718 8726 9773 342 371 1770 896 267 3191 4619
12400 10632 2273 8047 2391
12401 365 5683 8726 161
12402 2359 11521 5371 4104 4748 10904
12403 550 2426 3453 8726
12404 2617 8383 8556 7265 1465 11622
12405 2451 4008 7181 6572 2965
12406 1355 333 7914 6470 3768
12407 1433 2245 8934 486 1550 7461 624 7515 937 4319 7043 11785 239 11415 869
12408 2107 700 9 16
12409 2048 3672 2049 2306 7319
12410 4944 8692 1798
12411 807 2083 3487 3655 34
12412 8799 4664 214 1273
12413 8108 3948 2036 9821 871
12414 69 8003 1803 227 1229 2033
12415 2238 1954 4301 448 4331 6794 3258
12416 311 2379 5132 46 4941 182 261 278 1162
12417 7256 8937 5198
12418 3578 278 193
12419 1379 8023 2196
12420 10635 5113 33
12421 5113 1282 4274
12422 544 5113 9339
12423 477 343 6087
12424 6230 4111 9210
12425 9210 1521 5146 320 6877 6270
12426 7388 164 3398 2820 8285
12427 161 869 2700 7586
12428 4700 10168 3984 6755 361
12429 7426 6020 161
12430 161 158 2906 9222 88 2062
12431 103 7206 3031 1507
12432 87 4017 6966 161 5528 4613 2738 9264
12433 5328 110 270 11220 1105 3741 161 3533 10220 2607 458 5459 272 7737
12434 8389 7633 1812
12435 2135 2040 9573 1137
12436 1749 7919 481 128 11528
12437 1749 1464 1238
12438 1749 3809 9728
12439 1749 3218 7836
12440 1860 1045 1080
12441 1295 9135 5148 1749 8396
12442 494 351 1464 5606 1465 7563 126
12443 494 2539 6969 477 2501 37 2263 4968 6193 6141 8261 2084 1626 4191 3147
12444 494 4281 918 3722
12445 6319 3044 6161
12446 7931 494 8571 4273 871 2814 1281
12447 7479 7768 481 494 9482
12448 929 2454 10277 494 11099
12449 494 9326 37 1084 2854
12450 263 494 45 2246
12451 321 3108 138
12452 9205 3006 494 8760
12453 328 494 8375
12454 494 9618 7266 8300 9232 4545 4646
12455 494 6452 2875 3860 4941
12456 6832 6830 494 8166 8481 10028
12457 494 2107 2129 9 1860 6189 1875 1114 705 5100 2756 6140
12458 494 3292 3161
12459 494 6994 1001 8318 7144
12460 494 2985 3469 7703 2343 617 273
12461 494 11462 3743
12462 494 5743 351 1238 204 6828
12463 494 2057 278 7517
12464 481 477 142 5523 494 2449 1696 1162
12465 494 2180 10894
12466 639 10489 5219 8783 7558 6174
12467 7112 7360 1995 494 2445 7075
12468 6266 494 869 478
12469 11228 7698 7883
12470 1362 663 494 1941 8137 2560
12471 494 2566 181 398
12472 477 8287 1410 128
12473 10425 9584 494 1727
12474 10394 7820 348 494
12475 6228 2143 5495 59
12476 494 4809 783
12477 494 193 6008
12478 3334 11229 16 7179 494 3942 1868 2368 2476 5409 1640 10772 8950 2087 2085 2113 6954
12479 494 4287 7541
12480 361 432 5683
12481 2445 494 1585
12482 494 7256 3223
12483 9762 494 3772
12484 1987 11437 494
12485 151 3594 10884 4406
12486 6043 1840 2190 6844 1134 357 11391 3020 494
12487 6358 1466 9537
12488 233 1551 5212
12489 2873 9201 3230 2813 3481 7168 193 6426 6101 2258 3092 704 4994 4355 2298 1211 6536 7523 2166 11646 1610 3248 2213 4126 2860 8586 2172 6181
12490 957 7270 7860 11094 7398 7151 1551 1555 6362
12491 7182 11445 9139
12492 5833 3880 2598 8331
12493 2645 1858 2257 6143 1114 3489 705 2168 707 1627 2214 2171 1613
12494 227 3 3612 4542 204
12495 2645 7 2874 2486 3076 1588 2258 2524 1114 1084 2758 2293 1603 4709 3959 1601 3242 2298 3961 3511 1823 2860 6141 1613 2321 2320 3520
12496 9945 8674 2394 8202 5364 1975 909 275
12497 1783 5782 3827 3080 11665 486 4561 10160 7753 493 510 5009 4032 392 4873
12498 9478 2057 409
12499 310 6394 203 6058 10226
12500 937 1554 317 3103
12501 10045 7810 6561
12502 11463 4859 2554 7906 7099
12503 5251 5973 9083 4306
12504 8865 5251 3751
12505 5251 2609 6334 11176 5993 2949 5259 1281 2280 11958 9057 11959 11425
12506 5251 4768 948
12507 10707 11489 7629
12508 7265 11474 5001
12509 1298 3937 681 478 5350 3505 5476 2991 9346 2296 8240 1720
12510 7910 3505 3082 3080 1280
12511 3505 1981 7423
12512 8494 3505 3341
12513 122 923 3505 321
12514 393 3505 3177 8484 10295
12515 3505 8657 10138 321 155 2144 4207 649
12516 892 1162 6645
12517 3505 5427 7143 467 4819 3793
12518 3505 4840 1994 1645
12519 5470 3505 7185
12520 3505 9933 5341
12521 5072 5915 3505
12522 1407 10707 5488 5297
12523 10707 7629 453 5481
12524 1470 7593 2454
12525 10707 7629 10880
12526 481 10707 278 2765 3362 1247
12527 7222 5488 4859
12528 5748 2113 1114 2157 29 4502 704 2756 2392 2284 1599 1600 2486 33 706 3631 4996 4995 4997 5319 2582 5992 3115 6179 1619 3968 4722 4125 3246 1626 10305 8474 3143 1889
12529 10833 56 1153
12530 1218 1194 4321
12531 2749 1818 1982 2872 1821 10 11 701 2109 1861 6189 4354 2751 1778 2518 2978 4864 5942 6101 2154 4994 704 432 6803 3242 705 6005 2118 8511 1881 5680 4997 4995 6178 853 2169 1627 1626
12532 8302 9755 9779
12533 3003 937 5388 3365
12534 10258 8397 3003
12535 3003 767 10513 10552
12536 1080 477 7853 1639 5050 11037 2205 2665 30 2291 32 2288 4705 4706 2290 2292 2295 2487 2488 2289 2296 2758 6971 2294 2116 8059 44 5110 2668 8471 2492 5550 6599 7503 8891 54 2409 2324 2669 5738 6193 2671 6463 2410 8187 579 855 10927 7007 2327 8105 6508 6457 11392 10610 9085
12537 6496 9471 2088 2515 6616 8653 4037 1896 1164 9161 5604 124 9103 6372 7257 560 5831 6050
12538 651 1471 5605 4199 3829 560 122 1464 10394
12539 560 122 10444 54 6738
12540 10583 7450 560 3265 11917
12541 560 7282 1164
12542 2864 560 5831 1160 278 347
12543 1208 560 5945 6043 3835 10568
12544 2449 8138 6780 1503 9667 1805 11015 2453 1479
12545 3459 10504 560
12546 9896 3365 2449 5870 5651 1273 1137 7343 1238
12547 5855 2190 383 3590 560 937 3745 11737 7265 7545 5474 123 3386 4431 2720
12548 5816 3215 560 8670 564 5694
12549 10364 7582 7350
12550 9588 6978 560
12551 7042 5152 9102
12552 3098 3490 96 278 193
12553 3206 2971 979
12554 7424 2521 6641
12555 2126 734 6101 703 6102 3012 5551 4357
12556 4241 448 5875 4578 1527
12557 5402 6504 11963
12558 4241 4979 5402
12559 3340 3341 876 469 1654
12560 2221 72 1162 6032 361 2139 1535 1161 1163 261 2546 898 2033 204 5052 5146 5348
12561 2041 678 10780
12562 6540 1736 588 3938
12563 6540 579 10123
12564 6540 588 4789
12565 8513 6540 4525 5850 7213
12566 3079 4673 9638
12567 1972 6540 328 2196
12568 6540 10864 10979 10189 5494
12569 6540 791 6685 227 8757
12570 6540 4190 6543
12571 8520 10542 10443 9823 6540 6057 1347 6716 9256
12572 4412 7322 9791 11924 7118
12573 7120 11924 7118 1893 4198 9791 4733 1891 4200 7119 6221 11934 7121 7322 10144 8306
12574 2299 4196 11936 2414 9364 2670 2413 11924 7118 4198 11935
12575 11924 4196 2670 2413 7121 4733 1891 4734 8306
12576 9171 212 6468 1125 5228 1020 5395
12577 3809 8044 3205 2305 4908
12578 2747 5562 477 22 261 4411 1822 5569 7179
12579 1328 7179 5130 8274 3595 3410 9267
12580 1080 7179 2445
12581 11298 1465 937 1483 7179
12582 7179 7178 6677 370
12583 7179 10907 9003 9963
12584 7179 9902 5617
12585 770 5122 7855 1877 3223 743 2851 21 4502 2290 2292 37 705 6971 4190 3209 2760 7179 6178 872 3251 1617 1618 3519 4633 1613
12586 7179 5938 3317 317 3834 486 1410 873 6470 8655 263 800 1152 67 157 278 4660 3279 626
12587 3419 1635 4278 7179 5421 3322
12588 3002 3001 6042 7179 4803 268 779 892 5577 328 8785 54 8643 9827 2974 8374 5163 7793 10257 5831
12589 2433 2434 7179 5073 7178 3413
12590 4100 1137 4327
12591 6299 2450 4097 413
12592 261 11257 11822 4636 3258 484 11743 551
12593 11822 493 8639 5651
12594 8221 5091 3600 11822 597
12595 11822 5872 4451 2893 7518
12596 1818 3230 15 4067 8690 6902 4630 6543 6102 2119 10729 1627
12597 8787 5391 9369 11909 7718 777
12598 6397 462 3735 5060 5249
12599 6397 3263 4216 8913 3262 5994 3897 2107 10472 3451 83 786
12600 2337 6397 3641 2747 203 3129 3880
12601 7529 6397 678
12602 6397 5920 2625
12603 6397 8448 122
12604 7756 11267 1170 6397 892 4703
12605 6397 101 1552
12606 5980 11592 695 9250 10057 8694 10061
12607 1907 3374 3038 5564 3401 4700 2074 6589 5662
12608 6915 1287 3374 3360 3046 1163
12609 3374 9269 107
12610 8684 10628 3374
12611 3374 2507 1535 3032 204 947 1351 278 157 420 946 3277 8689 11514
12612 14 3442 2294 4812
12613 3442 4815 2147
12614 3442 5302 604
12615 3258 6489 11826
12616 2636 48 7695 3401 266 3354 9755
12617 1871 2190 10301
12618 1194 8783 8779 10301
12619 3809 11750 6601 9214
12620 2725 4039 8120 225
12621 7533 1964 2451
12622 500 1889 11845 8758 272 1964 2141 5220 8867
12623 6655 1964 2977
12624 4078 311 4343 1964 2450
12625 1964 8711 10124 8712
12626 466 469 2454
12627 653 8231 1059
12628 9214 3257 7386
12629 2126 4355 2756 6803 3493 35 2582 2301 3115 1885 3968 2324 6651
12630 1741 11446 9846 7925
12631 9161 7760 1465 1479 10445 7271 11964 10023 7270 9983 2941 10755 1214
12632 11594 1829 2085 9876 1471 11740 4290 6214 122 1464 1465 1483 1556 61 6726
12633 9980 2579 6398 1751 2101 1635 3338 4580
12634 194 6505 5682
12635 98 3550 3253 3030 9540
12636 4975 486 3408 9922
12637 2033 7094 5546
12638 311 321 472
12639 2513 4639 2351 1900 8483 618
12640 5172 7466 278 640 3080 3896 10756
12641 8307 7710 2655
12642 8870 7639 6764
12643 10100 5131 8050
12644 5131 4249 1778
12645 2199 5131 790
12646 693 5827 5694 8945 6703 564 9218
12647 8263 693 1707 3019
12648 693 5759 9322 2998
12649 8155 2982 693
12650 693 2513 7455 11965
12651 10891 8203 693
12652 6443 693 9638
12653 693 3851 3804 8782 6359
12654 69 693 285 10621 6538 5408 6603 3153 5474
12655 9453 6873 500 2835 6923 6742 5259 6000 11590 11915
12656 8375 3373 11810 1987 2083 7082 11625 7453 390 9697
12657 3231 6792 4114
12658 9282 4823 551 9338
12659 1985 3818 8865 5328 458
12660 4700 88 11224 10704 3742
12661 1794 1654 10948 4152 1701 3279 3582
12662 1478 1983 278
12663 3022 7267 7602
12664 6308 2188 2607 1082 3637
12665 5600 987 6119 7209 3057
12666 7209 6543 9980 1152 5424
12667 10 3903 738 786 6328 2607 263 3057 3559 8219 7714 3645
12668 8641 1867 5067 3559 194
12669 7450 1221 788 617 8687
12670 221 272 3559
12671 3559 7750 10864
12672 3559 6974 9217
12673 551 6402 639 3230 1137 3559 567
12674 9705 3559 3410
12675 11147 348 8820 3198 345
12676 3559 1412 103 7927 493 4178 3063 10633 5405 499 4663
12677 10819 1407 3939 3559
12678 7906 3411 3559
12679 69 1391 565 111 4777 2008 8345 11195 1659 4539 892 2445 8893 4502 8756 4466 8123
12680 165 69 3880 4623
12681 69 347 5757
12682 3626 2971 69
12683 1934 1709 69 6214 2631 871 3834 262 10418 1205 484 338 482 9606 973 864 486 3827
12684 8907 69 481
12685 551 7622 1928 1478 2242 69 6370 3464 2190 1187 3800
12686 6867 69 11401 3173 8084
12687 2636 234 8080 1877
12688 69 11255 3334 3044 6237
12689 69 1295 6837
12690 69 2811 7524
12691 3259 7938 69
12692 4521 9546 293 7134 3912
12693 69 4968 432 905 264
12694 1317 69 1391 6027
12695 6615 69 7134
12696 1391 1397 69 7001 8366
12697 328 2857 6345 1350 1344 6022 1778 8819 9559 5971 8952 42 994 4286 9727 9763 7203
12698 2384 3473 2513 27 4964 6022 9712
12699 2348 6907 293 10209
12700 365 4840 3763
12701 5237 1295 4089
12702 5237 325 321
12703 5237 11880 4206
12704 2946 3677 5237 4467
12705 2017 8052 5521 5237
12706 1743 516 577 987 5237
12707 5237 1704 1058
12708 5346 5605 9416
12709 8636 5237 11558
12710 9065 4110 1378
12711 895 1316 16 39 1358
12712 1316 3485 371
12713 548 1316 5594
12714 5552 10937 4195 3065 9150 1506 3034 1720
12715 3446 7239 2189 10807 6169 2373 7079 430 6968
12716 3311 4595 6125 10288
12717 8427 7079 7112 10233 413 8294 7724
12718 1137 8571 2946 4859 4816
12719 5633 421 6740
12720 1361 937 5501 2141 10772 1464 1754
12721 1361 7194 7196 11471
12722 7488 9858 4186 4411 3749 3272 7427 123 8412 8447 11803 1479 11868
12723 11498 8349 3979 3551 4325
12724 3041 108 4189
12725 6296 11637 4414 2895 1441 7498 3108 3301 1942 5562
12726 6791 6496 10990
12727 6685 1878 7364
12728 3835 2747 898 2758 9818
12729 10675 4567 4381 8556
12730 4567 2111 15 3129 2524 2480 1596 2287 2285 1603 3242 698 1600 2532 3110 2304
12731 2946 3430 869
12732 2946 9474 1597
12733 8031 2946 5585 4993 390 70 11021 193 4631 11789 866 6787
12734 10104 1704 7824 8648 2946 6366
12735 2946 9805 538 9999
12736 2750 1861 2016 2260 1876 5116 616 28 2525 4978 1598 2482 6650 3220 4251 181 4997 1704 860
12737 5338 9671 2946 6837
12738 1972 11762 165 2246
12739 2946 5886 4187
12740 2946 3201 7659 1429 7756
12741 1781 7223 4096
12742 5150 2305 8283 1024 1028 1781
12743 565 317 72 508 6212 1781 7571 9664 6150 3677 1238 5107
12744 176 4118 942 8126 10108 6450 1738
12745 3126 452 3549 1464 1465
12746 6475 6117 70 2339
12747 3549 4673 651 2243 11627 10330 2240 937
12748 4826 4116 724 5344 2607 7739 509 11823 8892 4439 8047 194 96 163 4178 7119 3814 425 476 10828 452 3549 3644 439 7669 2452 5887
12749 9720 9190 5939 7071
12750 3842 7938 3421
12751 2586 7249 9393 8438 5934 5298
12752 10224 9181 6447 10027
12753 8901 4092 1479
12754 1091 8137 6226
12755 7984 7004 6329 10148 755
12756 1431 10148 7984 281
12757 4417 266 3362 3124
12758 3692 8888 6294
12759 9870 4017 4415 780 1281
12760 2085 10673 8564 551 11566
12761 8739 3885 4673 4757 3440
12762 7855 4831 7228 6707
12763 3629 3440 5436 4015 2957
12764 9065 1088 5080 1822
12765 5080 10669 1255 2274 2559
12766 918 2084 5080
12767 6907 6901 6537 11849
12768 8163 5176 6907
12769 2109 3336 2864
12770 4748 3424 786 272 293 8022 2663
12771 8320 2985 6775
12772 3212 5514 3365
12773 5620 9890 7425 3868 1962 4503 202 7874
12774 6748 3749 5523 2112
12775 7425 3665 1579 582 1310 423 3677 2961 3859 2657 3506 6849 5141 7496 445
12776 9131 1287 1975 7771 850
12777 9424 9131 4834 4937 5389 3203 1793
12778 9131 6798 5631 7907 4192 1196 1509 11733
12779 6424 7134 9131 2141
12780 9131 3432 4389
12781 838 9131 1166 1124 3368 478
12782 9131 5775 1073 10177 5631
12783 3334 8565 1994 9196 3259 6286 6074 2717
12784 5676 11333 5977 11382 4884 11604 6884 3664 10091
12785 11604 5218 6884
12786 10315 5154 5367
12787 8257 6549 6884
12788 7778 11534 9979
12789 4937 5977 6798
12790 5977 5978 5979
12791 5977 10277 263 6549 11019
12792 5977 5172 6317 8912 9272 9008 213
12793 3921 7347 5978 5979 5980 7558 5735 8777 11476 8779
12794 5253 5981 5980 7347 9957 11221
12795 4574 11133 9957 9250 3355
12796 11317 9957 1977 3635
12797 2048 2094 1548 9957 4937
12798 5978 7701 5979
12799 2793 3664 9554 92
12800 5373 3664 8026
12801 186 2359 387 5621 11691 11638 18 1309 3664
12802 3664 2678 7131
12803 3664 2893 4991
12804 5935 2025 3664
12805 1028 3664 597 11410
12806 3827 1309 11506
12807 5981 5980 7754 5978
12808 5980 5978 11215
12809 7701 4834 4937 6228 6043
12810 232 6798 5109 10968 8093 9914 6058 4386 11339
12811 6798 1077 9177
12812 6798 1832 5220 3041 108
12813 42 2447 7536 1169 4327 6798
12814 3340 6091 639 9051
12815 8552 420 8820 7613 6798
12816 7664 6778 11332 10000 6798
12817 11456 6798 3830
12818 10894 352 5204 10611 10412 946 1697 3267 7541 4324 8983 10332 10547 5348 9963 6798 4855 6214 8764 5938 157 133 4819 486 5181 2197 2241 11269 8511 1984 913 11230
12819 2036 1981 2073 6740 142 343 10222 1456 6795 7907
12820 10718 1137 1168 1980 10394 6590 9375 2621 4834 4456
12821 4834 7302 331 1536
12822 1579 11967 11968 11423 11408 11958 11424 11960
12823 5631 4908 2305
12824 10036 9441 5631 5282
12825 5631 3250 9915 5484 5038 1994
12826 5052 8426 3689 3990
12827 469 3038 6115 5631 9122
12828 10091 1147 5787 7225
12829 5138 9424 8295
12830 4855 643 5263 261 4104 3294 570 17 6469
12831 10668 5835 6005
12832 10839 7839 10668 9704 268 8875 328 255 2432 453 7167 48 7172 8755 2181 4400
12833 194 97 6268 10668 5040 92
12834 10668 4730 2414 1799 2413 4196 4733 2093 6086
12835 328 5980 5979
12836 5980 6168 5431 1520
12837 7347 11446 1379 10338
12838 209 10719 3382 1783 3599
12839 227 8025 9797 6680
12840 8505 692 8402 1798
12841 4949 11940 7928 272 9958 2800
12842 5760 469 10061 4079 4171 6601 4253 4173 270 10786 3032 2770 2800
12843 6615 655 9745
12844 6914 160 2697
12845 72 9239 194
12846 6619 9708 88
12847 8648 9141 8883 9760 9239
12848 9239 4977 3490
12849 9239 1980 11817
12850 453 9239 8611 6224 8487 8545
12851 4020 5646 8991 7679 1028
12852 2542 4020 5010
12853 4020 5299 6174 7847 4828
12854 3889 11354 101 4020 1714 975 6450 4662 4790 6174
12855 2226 3947 3205 9358
12856 8141 10812 3357 7022 11969 5458
12857 5945 4673 2919
12858 9222 4785 783 1137 11010 6983 3818 2950 5995 4743 3907 3908 4678
12859 3334 3180 9280
12860 1023 203 2893
12861 6648 6852 1023 3083 816 937 6732
12862 9763 1023 3885 6012 3226
12863 551 6571 3764 4096 2563
12864 5850 1588 2154
12865 3637 9616 6045 9455 10560 2812 2993
12866 702 767 1295 2017 4190 1137 6543 7508
12867 7267 9876 1471 1479 9080 122 11719
12868 439 1798 2496 2452
12869 1527 8718 10001 794
12870 7247 9877 872 8748 11249 11597 10851 1439 11970
12871 7247 45 8940 1955 3317 738
12872 482 8563 7569
12873 2986 11511 2190
12874 5626 5316 2373 10128
12875 2986 4301 467 5807 3111 2125
12876 2986 9921 11591
12877 8875 3835 3502 10021 349 3740 2986 9061 7436 3059
12878 3756 10425 4949 3506 2986
12879 3735 11247 11297
12880 8742 2103 1907
12881 5088 3912 4660 6262
12882 3259 2103 3078
12883 8364 4301 10378 2035
12884 6120 1238 8152 8659 1876
12885 1696 2103 2979
12886 5546 481 11730 2422
12887 2103 654 7683
12888 10381 4301 1881
12889 2017 5077 9719 4901 2861 3404 2231 427 7669 8673
12890 1250 1813 3404
12891 7195 288 9346
12892 10935 2726 1080 9925 4395 5626 2643 9483 3848
12893 6514 4536 6743
12894 2386 1080 2078 2855 2168
12895 5023 639 5638 1309 1028
12896 4440 2011 5079
12897 9478 8141 11421
12898 8508 11626 5551
12899 4189 11703 433 8533
12900 3539 4124 9735 6849 5448 10401 1527 5256 6021 4578 9497
12901 3482 4807 4502 698 3242 2555 2163 2164 2262 2532 6021 4252 9861 294 9791 6355 458
12902 3415 786 8668
12903 4120 3088 20 2261 3095 698 2854 1881
12904 10531 1031 7987 8904
12905 10531 1197 7760
12906 1954 10158 10531
12907 10531 3743 630 1279
12908 10158 1026 10531 2582
12909 10619 3770 6024 7996
12910 1199 1558 2040 10619
12911 9500 11972 11639 124 10619 5927 4290 8722 157 10119 5976 6610
12912 10619 8563 7613 929 639 1002
12913 10731 83 7922 3500
12914 464 452 8140
12915 11963 1134 311 2770 919 193
12916 9471 10142 813 814
12917 977 7140 3566 184
12918 8116 7599 4467 7094 1234 6336 911
12919 1199 604 11203 6889
12920 1311 874 1199 2947
12921 849 431 1199 10784 4957
12922 2359 11096 7703 7816 1199 2978 3192 83 6125
12923 3234 786 7225 2262 1499 4252 2407 860 2309 2319 4721 2536 4719
12924 1717 1716 4295
12925 6898 770 641 2445 1765
12926 9 3074 1860 3683 1866 3129 4069 1114 2118 281
12927 3184 540 9916
12928 540 3202 6372
12929 5822 1695 1716 635
12930 6726 1695 317
12931 11513 1483 11865 11481 8702 7557 8071 1209 11413 1695 1519 5592 5001 7803
12932 1695 3401 2560
12933 635 1695 1716 5938
12934 5440 1695 3572 9268 11598
12935 1695 1716 635
12936 10682 484 185 2621 1996 2625
12937 10197 6263 5880
12938 10197 8602 8399 9496
12939 724 4079 5443 1295 7788 11526
12940 6183 1387 7839
12941 8394 6760 7545 5474
12942 8566 6617 328 2545 9268 6486 7186 2100 8146 9046 9 303 5313 298 9872
12943 1134 2912 9902 8964
12944 10372 8964 906 946 7541 72
12945 6901 8964 9904
12946 1635 3367 3943 2958 1337 624 8964
12947 6273 1125 8964
12948 10661 8964 9693
12949 1166 2190 3958 7435 9457 3743 72 1150 8891
12950 898 3764 185 10
12951 648 4545 8571
12952 1304 7221 661
12953 3 7692 7979
12954 295 783 2449
12955 639 4620 654 10529
12956 417 8904 938 7263
12957 1913 10942 3234
12958 10942 1923 4458 3012 2993 4704 2726 3707 4791
12959 417 6078 5569 7384 3468 11785 10204 1754 892 10937 10991 10501
12960 6285 1147 9878
12961 610 11866 10337 272
12962 2539 637 10158
12963 11266 11750 6994 8905
12964 9328 8140 1655
12965 9328 639 5195
12966 6567 9722 5736
12967 2048 2085 6372 11450 10673 7259 6567 11656 10612 11461 10666
12968 448 7913 6567 244
12969 1417 1024 2190 4590 4615
12970 439 1417 7384 1030 5243 6698 6858 9071 6938
12971 641 7694 1417 1132
12972 1417 2636 7987 8236
12973 8881 9914 1417
12974 1417 7987 5023 1076 7095 8160
12975 6158 72 1417 639 205
12976 1417 1032 3584
12977 1417 955 8904 1243
12978 7679 1026 639 1417 5038 3641 1028 7095 7144 5286
12979 3594 6174 11800 1417 1418 5681 5932
12980 1417 8206 1001 9273 3743 1028
12981 11457 11744 11974 11617 10002 11975 4515 5906 8931 10247 11415 10945 10445 11540 6640 8448 1342 472 1479 10608 142 4374
12982 5490 2632 1407 5488 3012 4785 1098
12983 1093 6527 7349 9870 2331 9062 6409
12984 8050 4580 3122
12985 905 1782 3652 5955 7762 1995 3535
12986 5482 4704 4469 9704 350 724
12987 6099 9048 1744
12988 7525 2330 7124
12989 5307 1954 4040
12990 5307 4098 11760 9157
12991 5307 2025 2344
12992 1974 7288 5307 8838
12993 11145 9030 9023 4253
12994 827 11145 1535 1161
12995 9787 11447 5118
12996 1080 3074 2657 8285 9266
12997 3128 4017 9992 5350 6209 7503
12998 3589 1 9 2475 3230
12999 4093 6012 6055 2823 153 298 10050 433 9663 7349
13000 7481 3189 8050
13001 10381 261 946 7541 4323
13002 10381 1062 6444
13003 3716 431 3539 2914 133 1008 286 5646 10381 1311 1868 2971 857 5313 7831 10 5424 9406 2101 3391 2723 5745 2454 3688 11321 413
13004 2107 7636 5100 10381 2555 3242 2118 2117 1899 5814 5104
13005 2107 2480 2112
13006 5090 2017 2684 2107 10 9801 5523
13007 2749 887 2017 2107 2110 1864 734 1585 3230 18 2477 28 6955 31 1151 2523 32 99 2398 1600 2400 2114 842 2487 1601 2118 4997 3110 1618 6651 3137
13008 2749 2107 1864 2258 2119 2411
13009 1818 2872 2107 1821 2109 2126 14 13
13010 2107 1 2257
13011 2872 2107 477 2879 6476
13012 1819 2017 2107 4 5 2877 6101 2112 2478 2280 2482 2393 2288 1591 1592 2293 2882 2292 2489 2295 2488 2160 2290 2486 2588 2526 4908 2115 2164 35 3508
13013 7450 281 3913 9091
13014 1982 2107 2755
13015 157 340 335
13016 2107 1857 6 9 11 1585 2524
13017 1819 2107 6 7 6189 2126 2878 6352 43
13018 2107 1114 6207 1585 20 2855 433
13019 887 2107 2750 4650 2665 3964
13020 2107 2876 9433 2150 6667 3482 4976 2523 2394 36 5099 6139 2116 1882 2303
13021 2107 1858 4354 2126 1585 786
13022 2107 2750 701 6205 11 6969 21 3488
13023 2107 10879 4 2645 6612 2110 1866 6684 6936 786 3243
13024 2107 698 2118 6178 5551 5716 2170 4126 2327
13025 2107 7 1858 1585 731 20 3481 1860 6207
13026 2107 1114 2879 32
13027 2107 2750 4862
13028 2107 1590 1594 3245
13029 2107 383 11114
13030 2107 2157 4994 2285 2206 1591 2293
13031 1818 887 2107 2873 2115
13032 2921 2107 10883 2157 3415 2857 3891 2569 3871 2286 4709 6103 1629
13033 0 2107 6 6969
13034 1982 887 2107 2750 4862 1864 4063 477 1114 703
13035 2749 887 2107 2129 11 2109 1864 3076 2476 4355 5100 3242
13036 3594 8107 7907 8889 946 2183
13037 3330 280 281
13038 1926 1906 5749
13039 11172 2076 456 7808 8414
13040 5311 453 7167
13041 395 440 3230
13042 11719 2096 878 1896 1164
13043 7858 1227 7100
13044 1929 2964 10332 4937
13045 6261 391 1793 1295 4937
13046 4911 4937 2469
13047 1783 3575 4086 8975
13048 8949 1519 4460 3009
13049 1772 3641 4819
13050 6654 4620 72
13051 2749 2872 7900 6654 2110 9715 4067 6139 6543 2534 2284 2169 1824
13052 8691 6656 11567
13053 1080 1879 1598 5241 1628 1629 4814
13054 5982 5983 2270 8982
13055 701 18 2302 855 858 5982
13056 10879 7374 5982
13057 5982 1050 898 783
13058 11679 2609 3599 9498 9651 5845 10122 1101 7731
13059 11446 5948 10734 4287 194 1655 2255 2044 11948 11765
13060 6029 2500 6528 3814 913 6366
13061 6629 9351 10491 5558 11976 1352 189
13062 912 6629 6554 1454
13063 151 3809 2607
13064 8474 7798 9713
13065 9713 9012 6618
13066 3655 8511 9713 3680
13067 6079 1556 9293 1100 6202
13068 1100 4226 267 6184
13069 1100 5498 6182 6948 7852 5521
13070 1100 1096 9062 5716 1272 3005 3234
13071 2126 2522 2274 2305 2401 4908 2526 2882 2398 50 4196 2413 4733
13072 7831 5031 8999 1774
13073 4979 3684 6619 11851
13074 1137 10218 2575 3871 3830 3933 3323 3230 10297
13075 3205 5759 588 1737 4788
13076 6900 481 10879
13077 7011 565 7471
13078 410 11919 11338 10761 3170 2726 3612 412 10277 11227
13079 872 6413 8326 7478 2422 1357
13080 7494 485 5195 3219 10107 620 4820 126 9898
13081 8432 7494 6067
13082 7494 904 3401
13083 2717 8557 929
13084 4820 2916 10335 2938 1069 3317
13085 11467 2504 4949
13086 7279 3336 3101
13087 7279 2008 5245 5337 4089
13088 7245 7848 3534 10738
13089 7279 7877 3848
13090 7279 7238 3636 1204 7438 8378 1177 7394 168 7184 3769 3082 1458
13091 824 278 3362 7545 7279 453 1150
13092 2489 11765 1663
13093 9016 2732 2752 3526 4321
13094 10134 5885 597
13095 9174 5002 4552 2343 5239 3556 3214
13096 8155 2518 3835 9174
13097 6805 4809 5667
13098 6117 8096 5893
13099 198 1273 10846 486
13100 2187 3612 6475 471
13101 3612 168 2747
13102 2745 3612 3556 874 898 2183
13103 2454 7987 568 3530 7387
13104 606 7206 7457 10029 3612
13105 3612 8653 8250 1304
13106 1785 7293 1295
13107 10625 10090 9720
13108 3 203 1441
13109 203 11129 1209 11123 8499
13110 203 4819 10402 767 937
13111 2765 203 1542 2637 617 1467 1757
13112 7464 1461 11784 10968
13113 4889 4267 203 210 1137 3265 1458 3579 3896 1907 5187 7106
13114 6609 11345 133
13115 3336 5049 2454 7466 9156 5448 604 128
13116 8050 11521 1527
13117 5517 2767 9356
13118 5813 157 5034 3087 83 6060 931 193 8090 106 4146 11070 913 11663 4403 3285
13119 8623 5813 10304 480
13120 5813 3259 8079 2238 6150
13121 590 9608 1403 5231 4469
13122 7548 5746 9012
13123 352 3389 5910 5886 551 624 2240 207 477
13124 4862 16 1590 207 1596 3959 1604 4069 6976 9624 2323 11192 1610
13125 1487 8202 11953 7238
13126 4146 8971 4923
13127 4146 4142 2492
13128 4146 5348 227
13129 11021 7253 8785 1829 10225
13130 7697 5480 3085 607 6293 5174
13131 5662 261 9306 480 3889 7456 7099 9155 11908 11099 11311 1014 849 344 1098 331 2036 1162 871
13132 3202 607 2625 503 7528 11034 405 10518 3562 11242 2548 1986 3792 10758
13133 6989 8990 5662 6293 6853
13134 3202 503 6376 8201
13135 6261 3723 4856 8560 5804 10758 5662 872 250 1881 7437 1482
13136 3798 9496 295 8247 3928
13137 5662 1433 11956 1403
13138 9467 193 1822 5662
13139 5662 6241 6416 3309
13140 7541 3764 6063 8715
13141 732 9616 6713
13142 1072 11404 5553
13143 7376 8101 9338
13144 5553 4570 3645 8549
13145 10413 4570 10274 7046 6529
13146 11233 6692 4338 8760 3004 5553
13147 3017 7907 5553 8549 9007
13148 2144 5553 3004 3017 3001 6529 11923 9072 1465 3416 3448 3745 5602 7271 6805
13149 3002 9032 9516 2394
13150 10150 11977 5553
13151 6409 1137 1551 3058 2284 4991
13152 1868 3684 656 2552
13153 10675 2332 351
13154 1660 3027 8621
13155 2876 1137 3960
13156 289 2088 7556 10939 5172 1479 10025 123 321 1471 7364 4598
13157 4517 2031 1798
13158 4517 6044 541 11073
13159 4517 4975 3635
13160 1045 5250 4975 6020 2238
13161 2126 2111 370 2588 2666 2396 2489 706
13162 4 9 2876 1585 2488 1151 9326 2118 2302 852 2324
13163 6519 11284 992 11154
13164 4169 179 6260 2457 11176
13165 3859 6513 6503 3910 11416
13166 3136 11640 872 2738
13167 9578 3206 1419
13168 1479 124 1471 2039 2539 1464 4199 126 123
13169 3942 11534 115 87 335
13170 1923 2351 3390
13171 2501 4646 4418
13172 6618 10282 4015
13173 4128 6618 5540 3414
13174 6618 7625 5879
13175 6618 3777 9085 2877 2624 268 4331 5773 1735
13176 9081 3748 11275 10777 6483 227 7282 6479 4585 10297 1482 6482 6424 7881 8653 4290 3534 565 4819 10007 9647 7266
13177 10725 3301 9006 7881 421 192 4392
13178 2873 13 2597 28 2007 10122 7881 2588 4071
13179 2565 2656 5710 7881 3958
13180 7881 6224 4095
13181 7881 11795 486
13182 10771 7849 8116 2098 3771 2445 1076 9332 6792
13183 5364 246 361 8625 11233 7895 11855 6872 2445 9765 8384 6838 35 5551 11858 11694 8546 2308
13184 11914 2322 3735
13185 2445 557 1527
13186 2445 3214 10294
13187 876 4175 27 8411 2445
13188 5073 2445 285 11443 11158 9914
13189 7919 2445 5924
13190 4499 2445 172 6302
13191 7334 4518 7919
13192 10782 2587 159
13193 2445 278 687
13194 2609 71 1741 2445
13195 872 3408 6592 1165 4493 3216 486 5897 8944 10046 1216 3433 1444 508 11369 2715 9472 3434 1663 3296 6316 7032 2564 7947 1464 1164 609 1485 7271 2445 8504 11545 3307 11718 1480 11582 11584 10627 11734 11361 142 5606 11276 11976 9536 10228
13196 227 947 2445
13197 2445 3860 526
13198 2752 9471 2445 4819 2085 1465 2243 10622 1449
13199 111 5811 9199 2445
13200 10712 3198 10329 7807 485 3439 3551 2445 468 9497 7587 11287
13201 6411 3114 2445 2724 278 2450
13202 7387 2445 18
13203 2258 2445 2205 2112 432 842 1591 7340 2114 32 2293 2397 6140 2117 6976 6103 4073 1615 853 2311 1823 1887 1824 2842 9367
13204 58 11678 9461 2445 3768
13205 2445 3081 659 660 4415 6389 6481 3858 3093
13206 7134 2246 2445
13207 11558 2445 11818 4686
13208 1798 520 1407 2445 8202 5327
13209 6478 4008 2445 2190
13210 508 885 5729
13211 0 6851 9541
13212 3361 5471 11849 5174
13213 8064 10840 5633 10117 11573 11910 10419
13214 967 640 5460
13215 6105 4879 2817 1660
13216 8891 929 9101 2613 595 695 11105
13217 6650 2501 4981
13218 2205 3092 4629 1598 1596 1597 1593 2284 2485 4705 2283 2501 2289 1599 1600 1603 1604 3964 1615
13219 2750 8092 3998 770 6206 5098 5523 2501 2206 1585 3959 4630 4893 4996
13220 702 2204 28 6803 2289 2501
13221 4483 1079 6101 4502 8453 4355 2501 4356 2118 5319
13222 6205 4063 4064 6535 9245 2205 3489 2501 807 2283 1596 2287 1597 2159 74 2395 2487 2588 842 3960 3493 2115 2116 1603 1604 2117 2118 197 4635 1883 1617 1618 1619 1611 1609 1615
13223 2105 2258 1588 2113 1114 6139 704 432 2284 2501 705 2163 3110 2118
13224 2471 937 3453 1350 4924
13225 4120 2258 2113 703 1114 2501 842 37
13226 8489 2813 3487 5942 4069 807 2283 1596 4813 2289 2290 2291 2292 1599 1600 99 2295 2487 2488 2501 2293 2882 2398 31 2296 916 2274 3960 1601 3959 5289 2490 2491 3493 1603 1604 2116 2883 33 2163 2298 2403 2404 2117 2118 197 2170 4635 2123 2311 2122
13227 7236 2400 2289 5100
13228 6189 1080 20 2524 2480 616 618 2479 1590 2665 2113 2666 1596 2159 1598 36 2283 2394 706 2501 1599 1600 99 2295 2488 2289 2487 842 2160 1603 1604 3242 705 2117 2534 2492 4635 1609 1610 3967 3966 1883 3965 1619 1611 3137 2123 2121 8261
13229 9869 6613 3350 6230
13230 9869 11107 2737
13231 5775 4301 5646 6853 10355 4590 3800 11850
13232 10545 6293 3600
13233 2877 6634 1876 2113
13234 5166 5754 1134 285 10638 3334 11081 9112 4562
13235 1981 8198 4884
13236 8198 5244 5114 4163 6701 6551
13237 8198 4222 6685
13238 7365 11268 5915
13239 3707 1134 6680
13240 9950 3691 97
13241 639 6037 9950
13242 6917 11351 9645
13243 1304 6917 6700
13244 5853 6917 438 2974
13245 6917 2008 1145 6699
13246 6917 1971 1137 5033
13247 1635 6917 5941 57 6424 5992 5098 8301 469 6923
13248 6917 2365 2241 2947 4882
13249 1004 1769 3503
13250 7595 5792 2545
13251 6043 1793 6211 2557 5792 7611
13252 1778 786 7018 735 5430 212 5994
13253 5792 1050 5657 912 11257 7520
13254 11357 6395 5620 295 14 1137 8648 639 3386 2275 8636 5792 1635 8237 929 179 1079 2969 3093
13255 6769 1786 1162 929 6554 101 6556 5792 261 311 3279 7475 1163 4990 3434 2036 3433 2715
13256 11380 4804 311 11866 9810
13257 3336 3005 5174
13258 9753 5811 5245 133 11869 5174 5148 911 9177
13259 713 3940 5174
13260 1082 3631 4944
13261 767 4904 2743
13262 4904 3670 8034
13263 4904 1585 20 477 6101 2205 4250 911 2881 705 2293 2882 1600 2118 3964 1627 1612
13264 4904 514 10168 7041 10042 5846 8790 4138 9302 11104
13265 4010 4186 1079 4994 2274 2393 2293 2398 5319 4904 6972 2171 855 7645 2170 2412
13266 2490 3750 2126 295 2280 3111 402 8110
13267 604 3892 5939
13268 4266 4945 402
13269 8307 2017 6272 2528 6456 6871 3158
13270 8426 6192 402
13271 986 83 4925
13272 10316 3770 5924 4406 8291
13273 2048 6537 1295 8565
13274 3638 4502 10316 7278 469 6631 3802 445 2255 5508
13275 10316 256 268 2853
13276 3043 7540 10495
13277 7540 1154 2190
13278 7540 7566 4513 5308
13279 10452 11629 11480 11578 1481 7540 3307 7263
13280 3724 11782 7540 4512
13281 1505 7540 6479 464
13282 6209 3004 9904 3001
13283 6209 4571 3053
13284 6209 8760 4570
13285 6209 3004 4570
13286 6209 6528 6119
13287 9912 6209 4571
13288 6209 3004 8760 4570
13289 6209 588 7288
13290 6209 8760 3017 9039 6805
13291 3006 9904 2998 2455 3020 7129 3004 2595 5585 1216 8549 6240 2747 157 278
13292 5879 3004 4570 9912 9032
13293 3004 3002 9073 8549 7275 3448
13294 9456 557 5073 11302 3004 2532 9904 6131 1963
13295 7134 4570 3004 9904 2998 8760 5669
13296 3004 9488 2704 10142
13297 7786 3514 1171 3996 477 10033 9738 3004 8549 5494 8530
13298 6326 3004 11923
13299 5912 738 3834 1483 3004
13300 6305 7867 3004
13301 3004 3001 3122 9400 589 486
13302 9904 2998 10274 11709 4487
13303 878 9181 9904 3163 3045 9948
13304 9904 8549 10384
13305 9904 2575 874 1655
13306 328 6680 5652 176 7144
13307 5177 2998 4901 9488 8760
13308 11116 6776 5092 2558 8344 6552 8601 3906
13309 4301 639 3749
13310 6328 1728 1773
13311 3954 2830 628 1303
13312 9168 10572 9614 475
13313 7012 2973 157
13314 5759 8123 2190 477
13315 11144 11824 5619 11117 5759
13316 5759 2022 4114 6492 2074
13317 10070 10494 8180 157 6318 4515 10156
13318 9591 1813 5734
13319 125 4819 122 6372 1464 1471 1465 2243 7257
13320 3604 11022 1852 9681
13321 2351 8365 5780
13322 6396 4219 956
13323 9982 5408 8047 11332 11040 5330 4923
13324 28 5943 8561 4698 508 5866 2286 2666 1591 2484 2396 2393 2395 1593 4705 2485 807 1596 1597 36 2283 2399 2882 2295 2488 2294 2397 2274 2400 1599 1600 2758 4709 5289 3960 2491 3959 1601 2115 33 2116 2404 2298 2403 2117 2118 35 3110 480 122 124 1928 3482 1479 125 7065 2982 3866 2250 11192 6984 3493 10553 4148 2410 3966 2211
13325 10621 7583 1896 2463 8557 11139 6445
13326 4484 76 3192 2622 8007
13327 4484 3868 5399
13328 5343 4162 1798 10198 8699 11022 8648 2539
13329 4162 4117 590
13330 4162 8327 1407 3984
13331 3564 5078 923
13332 3205 10930 898 6749 4789 2575 1979 864
13333 6749 1769 9793 3764
13334 122 935 9366
13335 261 3605 9356 340 4328 5683 9500 4999 2719 8011 9296
13336 1391 455 1096 5135 1938 317
13337 6190 10210 6924
13338 2577 11052 383
13339 5321 8643 2577 293
13340 3230 2577 1134
13341 7574 8428 3259
13342 10718 9984 8428
13343 0 2474 1821 477 2105 2665 2113 616 618 1594 2666 1596 4706 2397 2400 2489 1592 2294 4709 4813 832 5715 916 2524 1587 3967 2210 6804 2409 3966 2124 2214 1887
13344 420 11908 11190 6090 70 278
13345 2274 1998 6538 2099
13346 11355 344 5314 10110 227
13347 11418 227 2036
13348 227 1162 1163
13349 3210 3469 227 252
13350 227 370 1160
13351 5774 9960 10421 2573 227 4552 2467 866 4065 1655 1981
13352 7611 4622 4854
13353 5311 227 97 5109 1535
13354 227 10783 2494 8624
13355 227 2454 567 1764 413 11981 7470 8150
13356 227 3890 6063 11087 831 1162 204
13357 227 7541 10970
13358 2454 413 1757 3469 10857 5938 484 1527 1536 5658 3834 1216 204 261 1162 1163 1535 3082 1181 855
13359 227 655 597 3453 71
13360 1134 553 111 393
13361 9378 8704 9845 9500 11338 9667 7387 9124 3987 11629 9963 227 4385 9838 10138 321 6323 7487 4324 363 2277 1160 8251 4386 3159 11453
13362 227 4328 1736 1811 5585
13363 227 9846 11053 8528 11227 1778 4097
13364 947 227 1509 1176 1163 272 8587
13365 227 7253 946 1984
13366 982 7304 5278 227 11168 142 6461
13367 1164 1214 340 2359 383 840 4515 227 11087
13368 227 628 311
13369 227 10776 4622 1554 7194 8373 11624 4160 4605
13370 929 3256 2045 227 3317 1454 4407 4654 9319
13371 227 2613 137
13372 16 18 5760
13373 10184 7576 11769 4770 227 10855
13374 3547 1928 606 7609 1008 227 6462 11574
13375 227 6605 361 11190 4653 5180 2449 1162 6769
13376 232 1008 227
13377 9730 11687 227 261 3564 5078
13378 418 978 227
13379 1161 1162 1163 3364
13380 227 946 3276 1525
13381 7613 227 8406
13382 227 2229 83
13383 227 937 526
13384 227 1504 6571 621 1137 3745
13385 7511 227 168
13386 227 8278 81
13387 9320 227 2747 1383 2422
13388 227 4808 272 9940 2894 9653 6240
13389 516 1162 128 338
13390 3360 2494 1505 227 746
13391 227 4439 2183
13392 227 184 9467 1204 361 338 1484
13393 1434 4619 909 1403 942 919
13394 1663 508 3364 1502 227 8212 2454
13395 227 4287 11982 9212
13396 871 11330 335 227 138 6163
13397 2190 3151 227
13398 11983 946 4803 3360
13399 11441 11618 7102 7832 4340 5135 10820 9934
13400 227 7632 7990 10846 11074
13401 1219 597 4938 11984 10487 3277 9272 227 1014 1537 9757 836
13402 5785 2039 124 6034 9840
13403 8664 227 317 1407 11571
13404 227 4754 413
13405 227 568 8070 6843 1871 6773 8951 7607 1696
13406 227 261 929 10038 6556 6769 1537
13407 7137 9185 6998 257 1094 227 947 8032 1163 4041 1941 4804 1544
13408 4328 929 190 9378 3085 7964 263 613 2256 5404 2594 7676 10685 103 1423 3364 1805 7845 227 185 209 1974 2036 2044 333 3264 4803 4636 871 3812
13409 227 4999 1170
13410 7164 227 3118
13411 227 5472 7860
13412 875 9592 477 227
13413 227 7610 493 7242 827
13414 10858 227 204
13415 193 16 1579 2086 6483 4818
13416 8858 3484 311 11670 8275 8509 168 9814 227 7632 3473
13417 4654 7005 6920 227 1273 2035
13418 9248 1196 6113 1218 10677 11715 8995
13419 11023 5491 8255
13420 4284 5556 3990 5482 227
13421 227 1585 4124
13422 7936 4966 3745 992 3542 7123
13423 4328 6700 4383
13424 4441 3096 5856 4328 767 892 521 1137 1098 10719 2824 5246 3209 3756 11779 5606 988 2865 8854 9335 869
13425 10536 5198 8556 10494 4328 185 1527 11780 651 11635 7116
13426 4328 3636 3364
13427 767 10498 4406
13428 621 4810 5216
13429 2811 6792 4554
13430 10890 1407 6792
13431 6792 864 6183
13432 6792 365 500
13433 7481 9030 5358
13434 3691 1977 690
13435 818 11233 6873
13436 8436 7004 9142 7092 194 8029
13437 3707 553 4704 7578
13438 11329 813 10188
13439 11329 2030 1735
13440 1929 1291 7990
13441 1635 1088 1127 6268 3668 303 2017 8169 5049 9475 3804
13442 5388 11472 4513
13443 2573 1974 1906 1797
13444 6537 11704 8415 10380 9764
13445 7360 7791 948
13446 9190 2249 6664
13447 3923 7036 11974
13448 3201 2199 3537 10597
13449 6516 2384 394 7959
13450 10722 2245 10612 8560 11782 305
13451 1194 10722 8609 1195 8931 8181 7759 11475 1478 1471
13452 10722 7820 4512 11346 11359 1194 1195 610 9006
13453 8556 11472 11288 5609
13454 5718 955 9457 1001 3743 3584
13455 5718 3724 8499 1485
13456 5718 11583 11584 10616 11346 11128 8541 11832 11985 11736
13457 9086 10718 5718 122 1465 11986 1483 7946
13458 122 4655 123 5606 5718
13459 10774 11545 9495 1465 11418 5718
13460 5548 5703 7141 3421 5967
13461 5703 4815 6430 6026 6603
13462 5703 3336 311 4611
13463 3280 5703 70
13464 3880 5010 345
13465 6343 3880 2193
13466 3880 2192 7218 544 10088 1137 4245
13467 5615 8051 3880
13468 3880 2283 2393
13469 6600 3880 8490
13470 3880 7972 1696 4285 5408
13471 3880 5176 3796 18 3080
13472 466 2008 10192 2264 5713
13473 10370 2538 3390
13474 3743 11211 9457
13475 268 7532 4924 4828
13476 11419 1010 1994
13477 8298 2657 1079
13478 9583 8553 8238 5810 48 3483 8298 5474
13479 8298 11351 3177 9896
13480 8298 624 6592 7409 8189
13481 10352 10774 8298 1451
13482 8298 1540 5118 9695 11718
13483 9227 9022 10481
13484 392 822 11138 261 937 2855 11507 5172 1153 9227 1984 4386 2770
13485 8383 9495 9227 1754 3272
13486 261 431 3057 142 4360
13487 4360 8703 5506
13488 8828 5729 4360 5088 9838
13489 9033 10947 10597 4360 71 6505 1741
13490 1137 2142 6787 1635 5994 3787 6754
13491 3415 2192 432 1137 4799
13492 3088 6189 3474
13493 3860 1101 1118
13494 2389 10620 9245
13495 4323 10178 947
13496 6592 1528 947
13497 947 2769 4621 2087 8356 10445 124
13498 947 7613 6952 4329 1984 4383
13499 1554 827 947 7388 4704
13500 947 1535 1162 1163
13501 947 2036 321 5348
13502 7455 1972 947 9436 2040 6912 2903 11230
13503 344 947 937
13504 869 4654 3085 383
13505 1986 947 3271
13506 3259 3218 783 6568 947
13507 947 5912 1176 9531 2188 1221 7091 10634 5626 371 361 738 8746
13508 9889 947 946 944 1697 3394 1535 4986 1984 8842 11517 204
13509 10133 5830 10060 8071 8575 1138 552
13510 1248 3447 317 11508 8489
13511 9295 321 1928 8386 11655 8697 8447 1479 11123 10610 61 11288 1755
13512 913 10731 6161 3057 4025 9546 3082 1231 1147 3574 4762 7107 8384 2492
13513 8573 8064 1726 2359 5250
13514 3205 3871 1295
13515 3655 4486 10063
13516 45 1984 2190
13517 45 606 607 5270
13518 8715 45 869
13519 481 1328 826
13520 1988 6855 146 453 6688
13521 9800 9708 4700 88 7333
13522 8703 7137 11035 9888 522 122
13523 8703 2025 2336 1045 5898 3648
13524 11116 7150 6112 932
13525 7295 3017 4570 3001 1134 6486 9007 10274 478 3006 1347 6042
13526 4051 11593 2141 4171 10654 9696 4178
13527 11557 11758 403 927
13528 735 6299 413 60 345
13529 5810 3481 735 2590 890 7201
13530 9268 6326 11352
13531 2724 11208 18 1238 5220 9048 278 6446 734
13532 9423 7644 8466
13533 4080 6627 6117 2101 6523
13534 261 192 3142 4383 4386
13535 8548 5 1137 4120 5942 4812 842 6650 3115 5321 2169
13536 4291 11223 9434
13537 1818 2872 2129 4 1857 1821 9 2647 12 2876 1864 1585
13538 2665 2394 2300 2297
13539 2741 4863 5919
13540 2085 9185 8804 6214 247 4819 10689 10299 1231 4654 1464 1478 413
13541 878 9189 2612 275 502
13542 827 181 5364
13543 6831 8374 10386 10570
13544 2058 6375 968 6517
13545 5766 9277 5636 6758
13546 7490 2741 7838 7919 10959 3114 348
13547 7571 128 1301 2064
13548 2743 9167 6259
13549 10086 9840 9091 9087 8556 10386 11565 4515 1554
13550 1909 11050 6713
13551 786 6620 3951
13552 3937 5879 8799 5482 1185
13553 1881 4504 5214 8799 2663
13554 9903 9447 8799 11353 6346
13555 8799 8156 5947
13556 538 2633 10715 7860 7902
13557 408 8232 10098 5052 5552 4095 5443
13558 408 2950 9509
13559 5854 10970 1161 3364 340
13560 8044 3334 194
13561 8044 5914 1134 430 88 3334 5597
13562 11378 2331 8044
13563 7508 4272 268 7549 3455 663
13564 6719 4000 9007 2726 4346 7549 2730 1430
13565 1419 2048 10559 2273
13566 4287 9236 878
13567 8214 10888 4078 2249
13568 754 4803 1338 8011 9606 5228 5282 3173 10888 7455
13569 11059 4131 4047
13570 2105 2115 3242 2163 2526
13571 6684 6204 2048 2049 2521
13572 8400 2345 2454 486 872 1233 873 2422 8011 413 3257 4383 3219 1503 8587 6512 3469 6262
13573 8400 469 3334 1162
13574 3408 2045 8400 6318
13575 225 2613 5470
13576 2345 11633 6642 2526
13577 11633 8576 7351 217 83
13578 3480 3683 6029 7824 7915 6120 2607
13579 5951 11824 8316
13580 10355 1927 29 8435
13581 597 9808 1253 2191
13582 4900 11350 181 2613
13583 185 9956 1479 2573 2613 1391 4552 5044 2390 9306
13584 2613 72 3506 3434
13585 2613 1295 551 2190
13586 123 124 11639 306 2613 61 5608 8183 3170 11611 220
13587 5432 6351 5509 4192 2613 3473 1030
13588 5141 377 7573 8525 72
13589 10460 10461 1929
13590 10766 2613 70 8976 347 102
13591 3877 2613 1941
13592 526 527 5346 2613
13593 10102 2613 3888 3772 266 413 1502 503
13594 6 6612 1860 2258 4257 1590 6931 4187 2481 3493 2490 2293 4705 4706 2262 2859 5282 6102 707 3967 5716 2589
13595 2344 3830 5720 8630 193 6835 10792
13596 3830 361 10351 7695 1165
13597 4104 551 1549 10475 3601
13598 5923 81 5523
13599 788 1798 5749 181 387 2141 194
13600 5794 9719 8903 8216 1551
13601 1455 7509 1490 5069 2596 2467 1229 872 1907
13602 3994 3746 10215 3030 252 168
13603 6560 7295 9526 11369
13604 9164 6560 11752
13605 6238 11133 4767
13606 2093 5972 8166 1415
13607 4147 627 4611
13608 4104 2008 6020 4673 7134 9 2948 7012
13609 3022 124 63 7768 321 4511
13610 127 3314 1803
13611 9991 8020 8252 5288
13612 3309 9991 7731
13613 2469 1635 462
13614 4564 9345 597 3651 9385 4841 4823 1084 8348
13615 122 1483 3833 4819
13616 5484 957 6204
13617 10243 8938 10616
13618 4819 2922 1045 4828
13619 9181 7368 6544
13620 1589 1590 4502 4977 2287 842 3493 6976 4251 6178 3244 2747 3286 4552 3485 101 1499 1823 2169 5551 4722
13621 11743 1579 10176 655
13622 3817 5801 5324 403 590 1738 9429 3605
13623 6076 8012 2576 1410 6819 324 8205 11514
13624 6076 7310 7916
13625 2725 11725 7334 477 4481 349 495 452
13626 2303 2531 9381
13627 11292 3389 5720 3688
13628 4091 580 3372
13629 8169 3530 4358 6779 11220 11988 4091 3809 520
13630 4091 3546 7171
13631 6915 4829 2560
13632 8714 6682 10754
13633 6915 1094 4735 5490
13634 2359 1867 11618 5531 11810 514
13635 6915 967 5801
13636 7788 6915 3410
13637 6915 7690 588 1407
13638 2190 3813 6073 6915 9474 24 4786 6909
13639 11367 6915 1205 10822
13640 6915 4116 9092 8056 2233 2865
13641 6915 481 4406 9345 5829 7436
13642 8150 1483 1465 6496 1466 5608 5828 6915 6868
13643 6915 1206 7112 9173
13644 10191 6915 4325 2823
13645 2190 2218 9923
13646 8265 2100 8755
13647 8966 8029 1835 7831
13648 2344 7178 8966
13649 10910 3212 7890
13650 1834 1739 10852
13651 8885 133 4816
13652 9116 1318 2985 11848 4507 10839 9117 10763
13653 7101 1479 508 11751 10075 7032 8281 1486 9029 8280 6336 2865 4507 1976 4634 6281 6823 5804 6508 11290 8235 10074 6487
13654 11711 1062 4507
13655 6615 5321 4525
13656 477 122 1465
13657 11045 7899 2605
13658 2763 9578 929
13659 10884 9578 655
13660 6510 5986 5442 604 2416
13661 9376 477 6189 2118
13662 9376 1585 702 11638 7313 4250 4069 9748 2477 8283 8528 2461
13663 7850 8140 1128
13664 12 6189 1864 734 2566 477 6352 4251
13665 388 1295 4532
13666 7924 7333 3410 4152 2373 2607 8507 1407 7390
13667 1205 8717 6371 4406 1229 11787 10930 4950
13668 649 194 3334 5505 1129 1798
13669 1430 7147 52
13670 7214 339 11791 5236 5509
13671 10186 101 6285 5808 8459
13672 7115 3951 477
13673 7192 7265 5608 1479
13674 10829 7904 9394
13675 7909 5209 3492 275 1620 9681
13676 9394 9936 1620
13677 7304 9352 8343
13678 606 9352 7304 1716 1717 9471
13679 9916 204 337
13680 1135 486 10764
13681 1067 128 5882
13682 3558 1067 2035
13683 6526 11989 7831
13684 11780 6865 345 3044
13685 1433 1045 3689
13686 1433 3998 9 2475 13 1589 1593 2393 9326 9770
13687 4767 2912 5564 4267 2829 1433
13688 8124 1433 2715 7613
13689 1519 1347 1433 2044
13690 5696 1080 2813 3558 6101 2154 4069 1879 1822 2115 4190
13691 1714 2725 1206
13692 118 2136 4650 4949 7653 5615
13693 400 772 10795 8543 10982 7635 9592
13694 3964 500 440 7322
13695 6122 453 3453
13696 2645 786 5620 2126 832 2283 1596 2159 5142 2397 4709 2261 8814 10405
13697 3723 9035 6647 1676
13698 1676 431 6452
13699 10651 10712 7563 5913
13700 1752 6581 11707 1501 5314 986
13701 3292 7761 8602 3538 5476
13702 8602 7172 10535
13703 8602 3008 9470
13704 4553 2830 7141 1976 2255 1972 10133
13705 5873 5008 4078 7241
13706 7141 1655 1976 10043 10180 5770 7388
13707 7141 10655 2905 1934 630
13708 7141 1660 5660
13709 795 7547 4261 2135 2268
13710 4027 8823 9297 6937 6312 72 9098 11025
13711 7249 1972 3334 11482
13712 639 7855 7678 2342 7249 10325
13713 2350 9393 11697 7249 2355
13714 9157 5440 9277
13715 3080 9157 8585 1367 6943 1589 1587 2879 6665 6996 851 4635 853
13716 9013 3415 7858 2519
13717 8638 6 7 9 11 10800 3603
13718 4014 8148 4642 7248 6820 9973
13719 4619 7919 2974 3030 8299 70 2923 1163 7480 5169 2163
13720 7248 7661 4019
13721 5526 2359 452
13722 3977 5010 8153 6682 466 4412 3680 599 11764 7248
13723 5680 826 11256 5521 1801 6241 586 5179 5425
13724 248 6273 7106 1251 1399 300 3114 11528 120 121
13725 11765 1295 9690
13726 5082 655 10944 11765 7252 6682
13727 11765 2767 571
13728 2371 2438 11765 1465
13729 3317 3834 6785
13730 9535 9982 10725
13731 3834 4684 9167 10328 11710
13732 1450 2416 9543 3368
13733 4684 2747 1383 3984 1165 867
13734 8352 5541 4514
13735 4927 4000 4684
13736 993 4624 4684
13737 481 477 657 3787
13738 4684 6157 2513 5807 4412 2238 1536
13739 4684 6084 9709 1369
13740 6527 2569 1916 4443
13741 1998 3755 8648 1932 3336 551
13742 8709 3469 10218 6238 1148
13743 4815 1783 5490 7720 9043 2865 11426
13744 5873 4815 8479 11287 333 5795 1162 4358
13745 4815 2190 10177 8621
13746 4815 1783 6430 5844
13747 1999 1819 2126 786 6943 20 703 3240 2262 3964 5550
13748 3746 10941 3189 8571 5213 10537
13749 8206 10941 10968
13750 4785 9118 4117
13751 5785 5822 7225
13752 4183 4785 4147 5077 10298 5919 8988 3712 2718 9360
13753 4785 1798 5710
13754 8438 1937 1223 4785 551
13755 4117 5748 11848 1325 7018
13756 5549 550 636 7905 9118
13757 577 6065 10161 8896 2904
13758 10 6943 22 2290 2886 6109 5738 1617 6804
13759 9756 3782 878 7668
13760 4984 1976 10603 9982 7738 9256 270 500
13761 9982 4301 5209 1797
13762 551 3094 8420
13763 1866 2878 1822 2262 9065 707 4633 9626
13764 5493 2851 2017 4287 1410 988 383 8160
13765 871 194 10160
13766 9896 9103 5491 10160
13767 2573 11623 9085 2022 7716
13768 3394 7288 9840 7110
13769 9474 3674 8317
13770 7697 9693 5802 657
13771 5802 6105 5992 8036
13772 9959 10304 3125 8202 333 1694 10546 1468 2766 625 509 11774 9937
13773 1134 8195 5491
13774 4617 11294 6315
13775 2693 2750 700 6612 9 3074 6943 5334 3088 2113 2879 2480
13776 2645 10 6205 13 9561 3088 22 3482 618 1114 6954 807 2261 4188 4355 3240 1600 2883 2293 2882 2398 2118 1601 5319 2311
13777 3088 9363 2258 1589 1587 28 703 3092 4994 1598 807 1595 2392 1591 2163 6140 2582 2170 3247
13778 1585 770 3088
13779 477 6943 3088 2203 5098 2755 28 2113 4697 6665 2588 706 4252 3836 4125
13780 887 1819 1821 16 2518 3088 20 4977 3240 6179
13781 3088 6943 6101 1114 1084 2159 2261 33 2163 2668 5551 3137
13782 4067 18 3088
13783 2474 3088 4124 30 4978
13784 1821 6189 1861 4354 2126 1866 14 1585 1868 3088 20 685 2280 2477 2757 31 2114 32 3507 3511
13785 2110 14 1585 4120 656 3088 22 9522 3489 842 6103 4357 2842 8860
13786 1866 3088 20 2113 4977 2295
13787 3088 3850 5141 2563 2100 937 4511 7457
13788 3683 3088 2258 2479 1114 4378 8168 3240 6970 842 2262 2532 8261 3968 2122
13789 3088 1588 28
13790 4064 1585 3088 4123 3488 2855 853 852 5551 3139 1886 3519 4505 4506 1892
13791 1051 4458 6616 7147 8578
13792 5506 551 1129 520
13793 1948 1104 5506 4716
13794 3668 3578 687 5506 898 7154 11747
13795 8688 5506 7723 6806 4828 2394 321 2002 5773 3295 4953
13796 1134 6183 9502 3713 4201
13797 6216 10973 9439 3927
13798 4455 6073 101
13799 5837 2190 7310
13800 6960 5373 6374
13801 5250 11532 777 484
13802 3005 4819 1478 3639
13803 3005 5949 370 6346
13804 3639 6834 5172 7924 11128 5050 272 124
13805 3394 233 8808 3639 312
13806 123 7277 3639
13807 3768 6322 8027 7529
13808 8596 551 480 8767 3510
13809 8950 5874 7587
13810 3583 11740 11499
13811 10542 955 3743
13812 3796 3334 118 1124 10978 8833 3084 2955 190
13813 4290 122 1483
13814 10417 5172 11056 289 2917 4195 11402 7350
13815 3928 8713 2239
13816 11243 8670 4233 3447
13817 4681 41 1369
13818 6924 11523 10192
13819 1369 3906 7556
13820 1369 11352 1344 4019 5992
13821 4664 5362 6260
13822 9348 8431 9728 3604 7673
13823 1954 2238 1212 3650
13824 1954 630 10040
13825 1017 1004 4573 2268 5892 3386 2420 1954 2238 4583
13826 2873 6205 16 843 1137 6969 1825 2258 2112 1114 6954 1954 484 1152 4356 2118 3243 853 8261 4633
13827 1818 7725 1954 3895 7 1821 11 7057 1861 2110 3076 1866 9561 1871 1878 3869 11921 2473 6178 1607
13828 1818 1819 1954 1982 1821 2108 2647 4354 14 4993 2113 1598 3508 3509 3644 5738 2313 6928 2315 5551 50 502 4633 52 4309 6200 8963 7318 6927
13829 1954 5009 3195 382 1349 1733 5198
13830 1954 10158 2768 3575 232 898 101
13831 7255 1954 914
13832 3389 7462 3254 9857 9884
13833 321 1479 327
13834 7714 11082 5224 10329 10940 6947 11330 4656 4493 321 7206 1928
13835 58 4493 3970 5516
13836 10612 11678 4493
13837 5010 9193 10135 5361
13838 289 2416 2417
13839 869 3202 1070 122 1483 9215 11835
13840 209 205 3636
13841 6049 10594 1757 157
13842 869 6049 6268 11311 10706 9500
13843 1050 697 7956 278 486
13844 1137 7231 5749 11372 7802 11606 11385 11196
13845 8364 3205 3402 413
13846 10960 9228 7069
13847 551 5617 10955
13848 7789 2238 3407
13849 5801 6524 11101 10094 5214 10403 6472 333 3044 10170 11245 4005
13850 493 3161 189 9056 1479
13851 8004 11022 9774 208 5005 6958 9043 581
13852 6748 869 485 1928 1410 175 352 1245 3874
13853 6748 10740 3382
13854 8399 4552 3629 407 6748
13855 6748 3036 6466 9467 1301
13856 11818 6906 4601 5275 2334 4704
13857 2359 8675 2098
13858 10747 8670 2957
13859 11674 11773 103
13860 8199 5745 7430
13861 2344 78 8175
13862 3007 468 2359
13863 11021 4120 2204 1878 7061 4705 4697 832 5715 2298 2116 2855 2302 3115 851 1611 6104 3247 4981 3007
13864 3007 7768 3764 1211
13865 5176 1045 9061 9375 2402 913 3327 3165 1484
13866 1045 8045 551 5626 2449 4044
13867 1045 10013 918
13868 1045 10297 6856
13869 2187 1216 2770 1137
13870 1660 4704 1045
13871 184 1152 486 1045 1228 168 2600
13872 1571 3009 6036 844 1045 365 5996 513
13873 1195 8700 10584 7563
13874 72 3585 1045 1322 5092 139
13875 3689 3151 5811 5434 2987
13876 10566 5434 4462
13877 1138 5633 4673 10271
13878 685 4673 8308 1720
13879 11650 1146 1233 6456 4673
13880 4673 2037 4837
13881 2969 2554 4673 8597
13882 4673 4187 5302
13883 2390 767 3778 937 4673
13884 4634 8492 7633 3826
13885 3418 387 10401 9335 1232 2464
13886 97 2076 3055
13887 4354 5985 11823 6997
13888 268 1932 7500
13889 6667 6352 6101 2258 21 4977 4698 4978 6803 4705
13890 3933 7991 8233 1366 2987 389
13891 1324 11357 3259 6678 387
13892 2190 4620 2987 4679
13893 2987 7038 2663 7041 1795 297 7483 9303 11441 2017
13894 2987 5908 275 5807
13895 7463 6546 7502 7503
13896 2987 7131 175
13897 5214 1295 2987 2268 2262
13898 3926 165 325 321 5213 9852 11342 624 333
13899 2987 3979 7267
13900 3765 8716 2987 3889 2345 2865
13901 2987 6522 3174 7495 2904 584
13902 3716 2105 973 6951 20 2480 28 6970 36 99 2293 4630 2116 8059 3110 3137
13903 2979 3329 3716
13904 1349 3951 175
13905 2210 4415 397
13906 2203 2157 2143 7236
13907 10453 7301 2421 5974
13908 5974 3415 7167 7500 3934 202 3744
13909 5974 10453 5116
13910 11048 1479 3506
13911 163 5334 127 11100
13912 1129 5987 6038
13913 138 3827 657 3833 7508 5720
13914 4513 383 10804
13915 5429 5611 5460 2102
13916 1861 3645 11122 3159 8009 8699 1509 5460 1623 610 10401 5214 2414
13917 11506 1866 704 4994 2555 2296 6140 2406 845 2115 2859 9536 8281 6155 2311 6213 3247 2172
13918 9118 8766 4015
13919 2873 28 1114 2158 2322 36 2206 2484 2882 3493 2115 6103 2492 2409 8997 6642 2325
13920 185 11488 869 9321 328 165
13921 5868 1196 10386
13922 9345 1138 7792 5868 1318 1134
13923 5868 1318 6387 317
13924 10087 8657 2533 9252
13925 7142 8538 11679 5257
13926 7142 3013 1558
13927 260 2190 5551 4338 2593 5319 11833
13928 2448 8597 7489 3636 5923
13929 8597 6679 6936 1996 9777
13930 5328 3057 11679 7333 6328 2593 724 8597 1976 10366
13931 8597 9004 11471 1198 11991 11992 9927 566
13932 1981 2898 8597 5945 948 3473
13933 859 8538 2573 869 1347 2862 1212 1655 391 10401 147 243 5229 2248 11484 8901 1502 7870
13934 8538 2598 8698
13935 8538 466 1134
13936 11 11052 5772 493
13937 11052 5049 8962 10187
13938 11052 1114 30 2481 2756 2170 2842
13939 7853 11679 6410 11819 2554 1318 4096
13940 285 1734 4999
13941 6954 1114 4807 2157 3242 1600 2118 4996
13942 8742 5869 6268 8493 1975 194
13943 1783 6328 3411 8623 1378 2697 71
13944 9929 11624 11688
13945 6325 1229 1551 3259
13946 6273 278 3259 5333 1635 5448
13947 3259 3453 5263 2998 10384 7504 9040
13948 3259 550 9364
13949 3259 1849 5880
13950 8135 8781 4509
13951 9808 3259 406
13952 7450 1583 6371 10384
13953 3205 7525 9658 1849
13954 3259 6606 3080 7342
13955 7550 660 9356
13956 10939 122 82
13957 10735 9798 2717 871 8106
13958 780 3291 5870 3423 5732
13959 2741 7426 180 1194 2930
13960 5226 10679 10910 10905
13961 4141 7969 5784 11154 2957
13962 8732 10262 10177 7441 4434 767
13963 8664 6121 4898
13964 1365 8906 7133 11197 8664 11196 78 8637 3499 77
13965 1568 1230 6273
13966 9916 1568 8207 7752 1188 890 8647
13967 7697 4406 8045 2730 4407
13968 11574 2730 920 477 624
13969 2730 3973 482 8167 9264 478 2329
13970 2730 3410 4616
13971 2730 2663 2820
13972 5346 1205 3309 5824 2656 876 6372 4819 7441 9926 7463 4245 2730 5811 4085 1724
13973 2730 2637 1464
13974 2730 869 2036 480 508
13975 2730 5838 11363
13976 1161 204 10032
13977 204 2730 11772 5409 937 278
13978 885 2596 8219 10884 9924
13979 1137 370 10908 8076 2730
13980 2730 5552 5391 204
13981 2730 4407 387 7856 2100
13982 4301 5124 1704
13983 1635 2730 5920 2513 10453
13984 377 6554 2730
13985 7431 2730 4321 1295 2621
13986 2730 5828 4552 413 8643
13987 2922 331 2190 2730
13988 937 392 10043
13989 6809 2137 1864 3230 5106 1585 2105 1134 1295 4188 2158 2487 5715 842
13990 2429 2730 480 8615 6316
13991 366 401 11068 6416
13992 6402 2359 6600
13993 4112 7211 9231 2352
13994 6402 3683 4993 6139 2284 2392 3244 2311
13995 6924 6293 10624 4821 5313 4258 905 3558
13996 6293 8230 9185 10602 9008
13997 767 365 2165
13998 767 937 9865 10624
13999 767 2917 1896
14000 792 4287 767 3195
14001 1379 10643 767 4444 4710 11801 209 11663 673
14002 6977 5514 767 3195
14003 8938 767 1471
14004 4004 10235 822
14005 767 936 1896
14006 9008 9044 767 5824 937 10694 8594 1471 536 8887 3308 123 6079
14007 7789 11068 767 7225 3956 5804
14008 767 2165 892 1544 11351 937 9896 6766 122 231
14009 8000 767 11460
14010 3601 843 3438 4407 767 9420
14011 1407 11166 767 6682 9043
14012 5707 10753 6898 8547 767 878
14013 457 767 5887
14014 2129 1858 2109 13
14015 3527 1465 8197 8161 1295 2633 5387
14016 88 10838 11563 5257 8487
14017 9532 1726 11563 5511 8437 9531 6643
14018 1501 4105 10185 11135 10380 8519 7660 11563 5630
14019 10884 11082 11318 11084 508
14020 10357 7230 9018
14021 334 1032 641 4123 786 2477 2112 1589 8790 29 705 2282 2288 2882 5289 8059
14022 3085 2973 1304 1212
14023 2749 1851 2369 887 2017 2645 2873 8092 10 16 3482 2490 2296 845 5550 3244 1618 2324 5551 8261 1628 1629 4814 2327
14024 2044 2429 9860 1483
14025 3330 3195 2429
14026 18 2429 3192
14027 3330 627 7102
14028 11063 273 8246 7195 1489 11228 2637
14029 280 6370 281 9400
14030 5432 5732 9751 281 10878
14031 280 281 8100 8143
14032 7585 7266 7271
14033 1430 5777 7043
14034 3078 8389 10355 6853
14035 2517 11120 4362 6684
14036 4038 4301 1704
14037 1347 4064 786 2899
14038 3844 11435 6606
14039 5820 4230 11058 10351 2817 10478
14040 4962 4230 7144 3888
14041 1156 4472 3755
14042 8920 5935 8190
14043 8367 2874 2861
14044 2189 5150 5303
14045 8650 6057 5793 2251 3370
14046 1162 1163 1504 946 1537 1161 3277 11339
14047 6880 9568 8281 6874 1972 5608 124 11291 10228
14048 3464 9140 1519 973 607 3593 787 7313 9604 5474 7124 3170
14049 9383 10993 5705 3905
14050 6370 5442 9933
14051 6660 2140 4371 5729 10527 7849 3041 4770
14052 4591 59 3057 4708
14053 5036 344 3270 5323 3261 1527
14054 5299 271 624 6528 5177
14055 7899 2257 1137
14056 8269 10276 6063 624 413 361 8151 10850 6050 3769
14057 10134 7529 9734 5955 1788 329 1134 4216 8663
14058 7529 9023 10287 9990
14059 5778 3512 1247 1242
14060 637 3561 4110 7223 5955
14061 639 1025 3743
14062 637 7068 1764
14063 10824 637 7073 1028
14064 4001 8904 8905 6351
14065 637 11561 10041 11523
14066 453 8461 3668 5809
14067 11486 7102 8411 8367 4837 7420
14068 2645 3683 15 2877 2878 4123 2203 5098 20 28 2280 4378 2479 2480 2113 4069 2477 4698 6650 2483 4697 2525 2758 3095 2397 1601 2116 2404 2298 2403 3961 3962 2117 2118 2885 2884 2886 3236 1823 2407 3967 3966 2410 1616 2122 4635 3968 1619 3137 1610 7110 6199 2169 6198 6196 4722 8261 2411 2214 6355 1628
14069 1907 8002 1137 3410
14070 5633 5536 1304
14071 5323 9038 11398 5779
14072 551 1716 5356
14073 1716 11995 8904
14074 1716 1533 1530
14075 1585 101 896 266
14076 4 6612 2357 6667 1866 4063 4064 1585 20 6943 2113 1616 1886
14077 1268 1347 4475 10010 102
14078 10879 4726 3524
14079 9203 1585 7455 11258 8521 9382 11166 5213
14080 11120 2474 2126 6943 9892 6101 32 1883 5551 3139 1559 5716 3249 3140 5859
14081 11120 4363 8751
14082 7379 3124 10921
14083 7379 477 20 4123 1876 2258 1114 618 2756 704 4706 4705 32 36 4125 2122
14084 3809 10141 4301
14085 937 5429 4363 185
14086 6684 10884 5653
14087 2723 1228 3725
14088 11116 2017 2453 40 1001 10196 1016 8254 11177
14089 3878 1853 5655
14090 7708 11333 8836
14091 11058 7344 122
14092 628 4511 10006
14093 10176 1737 9406 4469
14094 7865 2125 2238 1157 9406 9817
14095 1450 1328 2041
14096 527 10482 8193 907 4994 1515 2513 275
14097 2245 7556 3161 548
14098 548 609 4515 5906 1218
14099 1965 5655 7931 5220
14100 6475 1146 388
14101 4064 2484 2159 2114
14102 8730 3205 3383 3739 9085 1049
14103 5353 8730 1048 1049
14104 2289 8730 3751 5657
14105 8730 1048 4892
14106 8405 2190 8730
14107 10128 10285 7990
14108 9840 2628 1164 9218
14109 9840 5545 6112 2002 10630 9737 10604
14110 4378 2285 3960
14111 3159 9840 1160 9901 2036 11253
14112 9840 8783 8776 8135
14113 7664 4472 9840 597
14114 1858 1864 9840
14115 2086 2243 9840 3301
14116 5651 5038 10672 9840 7264 7261
14117 1551 8776 11128 8661 6174
14118 4819 10590 10239 9248 6831 8424 10608 6320 1464 10570 4199 9840 1471 8184 11656 4515 7157 11481
14119 9840 7194 1214
14120 9840 5671 2002 7760 10573 6261
14121 3817 4589 946
14122 1194 9166 11472 9929 6830 7151 932 7878
14123 3318 7445 1311 8333 7075 2595
14124 3764 1310 5232
14125 3892 1635 4306
14126 4675 9742 187
14127 4489 5063 9967 3372 9452 6800 2568
14128 3994 5342 9369 4489 1134
14129 10161 493 452
14130 371 10634 9749
14131 6328 2431 1863 9810 4396
14132 6670 9561 3835 2480 43 4252 5716
14133 1050 4395 6932
14134 1342 7170 3159 5296
14135 1576 9309 881 2398 2403 2115
14136 2856 7556 10523 9309 10417
14137 8021 285 4273
14138 3971 9759 1202 7465 9002 6365
14139 7910 11721 9215
14140 9978 8573 10631 8449 11470
14141 6174 8658 11949 229 7388
14142 1194 8752 4766 229 8070
14143 6383 4056 869
14144 6383 6594 2710 10872
14145 2451 11039 7839
14146 2274 4799 6954 3847 2275 5807
14147 417 3272 1483 8452
14148 4956 11 3074 2876 14 2488 9326
14149 5988 1295 7162
14150 3220 639 878 1783 8820 3743
14151 7338 7959 5173 8611
14152 3415 5810 11106
14153 10029 3415 1660 7556 6947
14154 4501 1585 698
14155 3415 9077 1050
14156 403 6138 9038 3415 786
14157 2274 22 3787 6754 11186 786 6037 10 2342
14158 1864 1868 4450 6206 2203 3482 7129 1878 2755 4069 2113 2280 2478 896 1597 832 4812 9771 2116 3110 4251 2407 7645 1629
14159 4445 5269 4637 7681
14160 4445 2823 7895 101
14161 4445 10810 8081
14162 278 9169 9929 8412 8374 3272 4515 9965 11617 11996 4160 11525
14163 3154 8150 338 10420 871 1743
14164 10617 4831 8515 3154
14165 2643 3154 7202 6338 52
14166 4084 10805 694 7410 3834 3154 2464 3989 8038 7493 4627
14167 8397 193 8705 128
14168 3454 4413 3457
14169 158 11149 1812 10043
14170 158 738 6294 7962
14171 7778 8050 1953
14172 5432 9703 9744 3896 6361 4110
14173 5922 5761 7388 10828 190
14174 5432 955 11766
14175 2625 2632 588 1737 4788 1406 3834 11819 7863 10968 333 3282
14176 5021 9506 4137 11444 585
14177 7961 10298 268 392 685
14178 3338 5250 9637 9722
14179 4246 9407 8541
14180 263 3871 3043 142 3279 122 6556 7393 480 8173 8105
14181 786 8716 7393 8054 2384 448
14182 2743 3645 2768
14183 1468 3012 70 2176 625 607 1655 4805 7433 556 9767 11518
14184 7787 4411 3058 8737 219 3623 7518 6672
14185 375 482 111 5060
14186 3002 3020 9032
14187 7240 1136 801
14188 2639 5949 6797
14189 11100 946 2221 1160 2640 2715
14190 7185 5745 9487 5734 3394 7093
14191 10360 5462 1655 6949 5045
14192 8653 11333 2359 1829
14193 10900 8361 2002 8782 5545 8780 11158
14194 4098 5181 777 1984 4383
14195 1134 458 9391 10564 270
14196 9391 10564 4131
14197 2359 2809 9235 9391
14198 9391 4464 5233
14199 9391 871 913
14200 3984 8953 11832
14201 527 4949 5421
14202 9262 655 7076 3118
14203 8986 5676 1050 10029
14204 3834 10433 5676
14205 1274 3707 2022 4289 655 9829 365 9682 873 4486 4502
14206 4574 5656 7851 8575 10060 9754 7898 9829 3453 428
14207 3556 6214 1542 1544 4819 6372 7443
14208 209 1229 8831
14209 2793 2226 2813 7649
14210 1589 1587 10701
14211 3002 9488 6042 3448 3982
14212 9722 9972 9872 1107
14213 3756 8323 19 5935 5421
14214 11353 19 7780
14215 19 8874 10584 5708 412 1190 10492 2190 6947 7259 7267 61 4199
14216 19 3408 11997
14217 19 9294 321
14218 3733 4553 3251
14219 4417 937 3733
14220 7861 3733 2370 2371
14221 8507 2435 6299 8980
14222 5012 8534 4789
14223 8534 9195 10953
14224 5664 11677 1640 743
14225 4678 2423 1640 9358 54
14226 1640 11034 11437 9124 413 7914 6726 316 5189 3107
14227 486 1451 347 3408 2448 10300 1640 103
14228 192 10306 477 3106
14229 1640 9865 2088
14230 5388 4816 5611 8447
14231 5948 9637 4402
14232 2190 5948 9662
14233 5948 869 864
14234 7462 9082 9083 2185 2416 7267 1464 1471 5606 484 4356 8356 100
14235 181 133 599 7462 2734 10133
14236 7462 2365 843 5193
14237 7910 2598 3952 6298 5250 5305 7622
14238 7467 3082 2594 898
14239 2449 2031 9805
14240 1134 526 1192 1171 8948 5087 8796 6093 6317
14241 3256 8854 185
14242 7526 100 133 857 1216 3606 4333
14243 680 872 1439 11344 142 7613 8637
14244 268 285 11529
14245 6740 1447 571 624 10547 257 6864 1490 9562 5688 250 3817 8116 9919
14246 4321 7518 1379 2441 1227 1336
14247 3643 3978 7770 2693 7164 1014 1704 3032 10683
14248 7489 2190 6153
14249 6916 6171 8768
14250 9770 9930 1218
14251 9770 9994 6307 5942
14252 1350 6432 4222 7245 5956 8143 5663 1971 3362 10890 1937 6328
14253 10486 1556 11726 340
14254 11396 3575 486
14255 4516 4391 3809
14256 4516 695 9140
14257 8888 4516 1121
14258 5920 4325 7467 7206 3029 3031 2040 4096
14259 3743 955 1028 290 7144
14260 301 3812 11362 3041 514 108 8633 5546 8415 1379
14261 289 1464 10394 561 10881 5514
14262 1479 5804 5626 11347 3309 6412 10746 6508
14263 8571 9441 1137 1535 1162 102 9234 8923
14264 7239 3328 6045 1973
14265 1704 2016 3126 3153 7239
14266 8236 6788 7239
14267 489 8520 7239
14268 5229 7239 1928
14269 11418 7978 333 7239
14270 7239 2238 9532
14271 7089 1077 8253 9392 542 3173
14272 2352 7116 5198 957 526
14273 7760 2245 1554 9002 7267 5666 122 1197 8609 11803 1464 8447 11262 1483 8446 10445 4199 123 4160 10247 4615 11979 8643 10663 4621 10393 10386 10280 6112 8204 10660
14274 10694 9823 3195
14275 8732 10168 9666
14276 10772 932 1214
14277 10235 2832 2496 5650
14278 5385 2015 6016 11019
14279 3897 5994 6633 3017
14280 1700 6334 5328 8354 3002 2044 838 8927 2539 8572
14281 3001 3982 3002
14282 4862 1858 1864 4354 11596 2113 28 2397 842 2163 2118 10059 3002 4504 4190 2100 2121
14283 3002 3001 3020 9007 6805
14284 1858 2257 734 4067 786 6101 3002 2115 6102 2170 4981
14285 3002 8206 3020
14286 10790 1229 2621 9321 333
14287 6626 10790 3602 2600
14288 294 6139 4124 4502 2757 4355 3240 2158 2288 1600
14289 1354 2658 5265 3945 854
14290 11053 10064 11501 9344 1218
14291 127 3470 4692 955 11591 1243
14292 1379 11447 107 6374
14293 8588 8589 11009 2894 128 890
14294 8929 9588 1048
14295 7256 7583 8914 5161 10536 10412
14296 1001 5870 7863 9392 2557 11973
14297 5409 8401 9707 8802
14298 3669 7131 1734 5283
14299 10282 5824 3295 4943
14300 888 5824 3396 2554
14301 1483 5824 7820 8340 7558 3304 5712
14302 2513 5824 4902 8824 7122 2605 6371 3109 7773
14303 5824 5161 7168 9001
14304 5824 1896 5172 9779 1483 3334 1464 3272 1465
14305 5824 289 7616
14306 11974 10607 5824 10299
14307 7878 8373 6830 932 8447
14308 7901 892 8936 10561 2085 3365 10512 8447 10622 7257 7266 9911 9020 6482 7259 11458 11539 10398 6977 10324 6587 9218 1438 10328 8558 6532 10665
14309 5827 9008 11412 11831
14310 2421 6616 9822 1588 278 10731 1922
14311 3345 8570 4967
14312 7624 7404 7050
14313 2085 577 7404
14314 7404 268 2165 1200 1195 8931 9165 9929
14315 3771 7863 7404
14316 477 874 6826 11647 1211 8418 8227
14317 5577 4120 551 4417 2175 5829
14318 6340 294 3189
14319 5062 1857 794 1150
14320 6386 5062 1635 4263
14321 9305 6744 3846 1798
14322 9305 3005 11 2110 2876 6667 13 734 4000 2657 7089 4080 4257 2480 1587 2478 2113 2665 616 1219 10273 2485 2486 2289
14323 5 2876 2751 14 5695 1080 4120 786 2755 1879 2665 2478 2112 2280 4250 5653 807 2283 1596 2287 74 2285 1597 1593 1594 1595 2159 2485 2484 2286 4705 2114 2290 842 2392 1591 1592 2395 2396 2489 3959 2491 3960 2490 5289 3493 2115 3961 2117 2118 2407 2409 2589
14324 3353 7010 6742 9893 1274
14325 6772 2726 4114 2980
14326 2726 10548 2002 4515 4513 11129
14327 1483 6498 10045 363 340
14328 10045 2703 1928
14329 10045 10177 5769 913 317
14330 11101 10045 1757
14331 1078 10550 7600
14332 3984 11395 10981 2921 11225 11307 7600
14333 1906 3646 3350
14334 464 3625 1906 7376 8029
14335 1906 11314 2573
14336 1975 4229 9596 4079 1906 4496
14337 1906 8448 1234 10733 631
14338 1797 6174 1906 469 9670 2002
14339 1906 10390 11375 2865 1928 1451 157 2915 5562
14340 1906 1797 5399 5228 10835
14341 1906 3315 263
14342 11802 4628 10747
14343 4923 1797 5476 4512 9087 233 10795 1990 5010 9548 493
14344 3739 5000 1107 5005
14345 8456 18 1788 3189 101
14346 1218 4622 2415 2245 9461 1454 11372
14347 869 9471 11707 9461 3817 11498
14348 6175 557 7946
14349 1801 2471 3689 218 8824 6175 6113 1769 3292 4150 7267 1195 8931 6112 3586 7151 1465 8294 7202 165 124
14350 9495 1471 1478 1465 2039 11147 11412 1481 9865 66 9876 6175
14351 1090 2044 128 11147 11412 126
14352 2528 6175 266 872
14353 2002 7760 6175 2245
14354 6175 2980 8483 3132
14355 346 1175 11521
14356 11548 122 346 2417
14357 2190 4859 7192
14358 8783 4022 3724 7257 346 70 11476 6174 7885
14359 10743 11652 9600 1754 12000 2243 11537 11917 11461 10584 3793 7267 1471 2039 7257 10502 10427 8924 937 2415 7583 7265
14360 1551 7265 8446 2151 1194 11974 123
14361 122 8446 123
14362 7034 10559 1910 826 655 2837 9269 5189 5618
14363 6113 122 6754 3787 2135
14364 453 1205 3994 2991
14365 8668 1556 4618 321 3604 2221
14366 294 11732 4226 1339 1697 1551 2449 1080 261 1134 152 4829 9085 70
14367 1982 4123 6140 3508 9085 2135 2838 2839 2840
14368 1137 101 9085 929 3269 11073 168 10685
14369 4129 9085 8353
14370 4580 6442 2008 7476 6942 6364 1896 8838 8216 9538 7860 8731 9186
14371 6376 4552 3994 5069
14372 4580 6214 1342 4819 2085
14373 4580 8440 5647 5464
14374 8944 3834 2155 3065 2596 2455 7381 3753 1216
14375 7011 3771 1229 565 11275
14376 8325 11977 1151 10274
14377 338 333 11334 11277
14378 11334 484 5232
14379 1535 1162 8297 11334 2621 1163
14380 1554 8783 7194
14381 10306 3868 6325 11449
14382 9496 1164 1451 2715 122 4822 10025 1465 1479 126 1483
14383 185 398 588 9705 157 8712 1408 11027 1579 5797 4481 4467
14384 4899 10428 4277 11571 4481
14385 3822 11404 4784 486 912 7409 5181 6649 3571 7964 142 11690 11841 1279 370 7471 1509
14386 7335 1919 7861 1137
14387 11431 9645 9646 7265 2039 12001
14388 10616 8782 2415 2416 2245 1554
14389 10083 8934 1214 10605 933 3586 1478 8374 8424 1483 1471 9930 10025 10215 2242 1465 1198 8154 8356 6320 4394 2243 7257 10393 10386 4822 11803 11127 8610 10663 12002 10664 11525 4160 10616 9166 11742 6112 11799
14390 3834 1757 157 193 486 7117 3148 4819
14391 8569 7627 6924
14392 1024 9422 504
14393 10480 7178 7267 1471 10691 11718 5804 11479 1481 123 11415 3304 5606 10237 8189 5409 1164 2088 1483 124
14394 2041 11308 7149 445 7203
14395 11308 5242 3534 660
14396 11022 7180 3093
14397 948 432 3881
14398 2233 11048 918 4448 7011 9333
14399 430 10824 7400
14400 9838 1152 6027 5392 8941 7301 4262 5116
14401 10372 9349 9184
14402 10372 232 368
14403 10372 937 321 5243 3170 124
14404 10372 9846 1209 4488 1542 3793 3043 10444 10325 631
14405 8621 478 11856
14406 5651 126 4985
14407 4373 5651 5870
14408 5651 3768 4836
14409 7388 1737 4788
14410 5651 2280 2482 2407 653 1559 4814
14411 4553 1519 1134
14412 111 2343 2704 11619 7288 4553 7849 5520
14413 4553 2732 4089
14414 1544 3534 4553
14415 1194 8661 7558 8774 8777
14416 12003 7150 9715 932 4553 11715 1214 7261 1542 9185 8221 4604 7257 9572 4615 11979 7259 6372 3043 6214 1543 122 8424 11303 11525
14417 269 10405 6352 2258 4807 4356 31 2117 2116 3961 4251 9624 1618 2325 6213
14418 8278 10940 322 3586
14419 10906 5571 7231
14420 6901 6900 467 6302
14421 2376 487 2747 7835
14422 4413 9471 1929 6549
14423 4413 383 5425
14424 2796 5476 10840
14425 157 2725 1989 3582
14426 6808 5789 2190 3819 3741
14427 3819 9804 285 8141 11421 4358 1982
14428 5162 1481 2375 1482 10068 4616 2144 651 5825 119
14429 10306 2600 6634 3744 3301 869
14430 2129 1735 1079 2127
14431 1735 2609 3693
14432 1735 7406 6950
14433 1735 6304 4828 9199 5286 500 3644
14434 11403 223 8195
14435 6591 10840 7213 9321
14436 8711 8768 4291
14437 10065 233 9528
14438 4291 11223 66 6050 3292 9876
14439 1579 8304 276 4291
14440 11812 11717 11718 11017 1481 2708 6315 9536 6822 6319 4138 12004 8448 7267 2039 100 63 122 1464 1471 484 338 1465 508 3307 11276 3043 1479 1209 7526 123 3044 124 8281 4394 3314 64 1554 8427 9876 8447 10992 11479 9302 4291 8418 8556 11440 1211 3008 3022 8697 8450 6663 1152
14441 3382 152 3198
14442 4069 2258 1039 3382 5721
14443 1295 655 4273 2604
14444 1326 3239 3485 3260 1151 3289 3230
14445 2024 687 340
14446 1317 6505 6050 127 5148 8382 7874 2694 7223
14447 5335 1317 334
14448 1317 1635 8461 2220 6505 1661 5199 5293
14449 919 10504 2826 3512 3155 83 10775 1317 10523 8899 3134 488 780 9055 11235
14450 1317 3482 467 4991 1579 2486
14451 5934 9065 7104 1232
14452 1660 1160 551 5400 7102 365
14453 4840 5076 1928
14454 9237 5076 2768 4819 2085 362 321 7283
14455 5076 9500 3277 3800 6462 10146 9834
14456 4412 1133 3680 5076
14457 655 5076 6863 3082 3800
14458 9104 1463 7257 11461 5076 8924 5862 1504 9996 620 4511
14459 5076 8543 2190
14460 5076 321 12005 252 1403 413
14461 984 5076 869 485 122 4515
14462 5076 1479 1471 2618
14463 8697 5076 2464
14464 5076 607 11547
14465 5076 11338 11167
14466 2190 391 6050 12006 7919 5076 5551
14467 3334 7387 11548 11664 257
14468 303 4385 1654 5076
14469 8510 1707 9877
14470 184 10153 1304 887 7915 964 317 7972 212 2237 6633 3417 4862 516 4941 8259 2062
14471 3223 3168 6080
14472 3223 6578 8331 1273 5988 5137 1246 3465 1354
14473 2092 10927 10604 8501 11742 3223
14474 3223 4301 1295 6403
14475 6100 7900 4987 157
14476 414 6829 8287 2710
14477 6005 8648 7499
14478 7772 8648 4777
14479 8779 3922 8576
14480 481 8648 4646
14481 8668 8648 11620 11626 9794 3680 11717 4608
14482 2449 3276 499 9757
14483 2750 2873 1861 3934 7313 4993 4257 2478 6803 1880 4995 1617 2324 6199 10305 2327
14484 469 5901 1238 5063 8520 3833 3691 1212
14485 10679 6791 4482
14486 5063 10511 10679 7246
14487 10679 10910 5067 8573 5373 1399
14488 3334 10679 4406
14489 3748 4150 152
14490 3160 20 2203 22 1590 2665 2478 2113 616 1114 21 4187 704 2757 6970 31 2487 2488 937 2296 1603 2116 2164 3658 18 4495 3243 6976 5319 1551 5862 8769 1885 2407 852 2168 4981 2410 1626 4126 2320 1627 6355 6957 3738
14491 194 6116 486
14492 7748 7178 4889 1344
14493 7748 11267 3041 108
14494 7485 9484 6220 10382 4875 4866 7882 10649 4959
14495 4281 1334 887
14496 4281 9560 7458 2891 4972
14497 6906 3683 3919 2258 2880 2293 2398 2490 5289 2491 5083 2129 5272 10405 4281 4729
14498 4281 8585 9517
14499 5420 2882 2396
14500 1124 7283 1479
14501 7283 2600 565
14502 7703 565 7283 7001 8954 5652
14503 4617 6822 11529 2600 565
14504 4300 6930 9533 2600 3206 469 3547 205 1347 4713 2025 138 1459 194 9052 3009 441
14505 4412 3544 2600 8571
14506 2600 8921 565 687
14507 2600 3771 479 5915
14508 1464 1479 11666 11497
14509 565 1492 2600 937 9248 6832 8934 1214 3586 122 8609 5592 11767 1464 10606 10645 11656 1465 10024 8374 10608 11913 126 4160 8610
14510 2600 10025 565 11812 11276
14511 317 2600 565 780 321 2950
14512 6471 4080 11820 2600
14513 10269 649 1715 7123 2600 7054
14514 5047 1340 3574
14515 2600 1478 8154
14516 2600 9024 5107 3492 122 1479 2044
14517 2600 1464 1465
14518 2600 865 7011
14519 4304 319 111 11284
14520 5177 4704 3809 4304 10114 551 5120 7841
14521 11654 11353 10741
14522 1434 118 2532 11613
14523 4698 74 1635 4251 3137
14524 869 4565 10218 7294
14525 1287 1295 2076 7294
14526 7294 5898 4165
14527 7097 1965 2449 9831 7294 4165
14528 3368 11592 3951
14529 1276 208 2509 3183 5217 10146 3040 5940
14530 4840 1295 3629 3440 181
14531 3677 72 1207
14532 869 2085 2086 610 3301 9532 609
14533 2713 326 1468 3336 2994
14534 4270 8727 929
14535 10896 72 3391 4963 7202
14536 2664 7286 5357 4829 123
14537 7619 2426 5020 4562
14538 453 7619 1216 899
14539 937 11508 11417 8914 11413 4763 1476 5345 631 11932 1464 10686
14540 1114 337 11527
14541 3107 5269 3779 937
14542 3606 3195 5626
14543 4975 5202 9475 836 7691
14544 2625 8950 334 486
14545 8692 11772 2022 11090 7045 5656 8866
14546 8469 3751 4617
14547 6962 4099 1598
14548 6962 4370 4985
14549 7505 1204 1451
14550 295 486 7862 7069 6439
14551 6439 3369 6407 3093 4576
14552 5095 414 822
14553 5095 639 3542
14554 3763 127 123 11185 6530 3764 7845 9416 3600
14555 697 107 6703 7463 3581
14556 8774 8416 10984
14557 4065 10480 2450
14558 5775 3956 3868 5908 9659
14559 557 10192 2347 913 534 6525 5810 6862 418 10250 3101 6984 70 3195 2416 1545 4427
14560 9020 10571 5091
14561 865 3213 1334 4300
14562 865 3847 3797
14563 865 1635 584 7335
14564 655 865 1161 2026
14565 865 2747 6568 1212
14566 7381 865 551
14567 2051 2003 8259 9065 865 4279 1899
14568 4147 8022 102
14569 865 4182 10552 2085 2087
14570 3317 2227 865 737 3113 3727 10429
14571 1028 551 2635 865 1899 1878
14572 865 4009 1078 365 1379
14573 9026 1165 9565
14574 865 6067 1379
14575 865 2126 2882
14576 7180 11046 1137
14577 10555 3818 1956
14578 1558 2609 319
14579 7476 3707 2609 2813 1123 9788 5842 3606
14580 171 2609 4724
14581 459 8214 2609
14582 7270 2609 11096
14583 2609 3151 2255
14584 2609 1481 8404 3835
14585 2609 551 6568
14586 6316 10992 9536
14587 6989 878 10390 4158 9087
14588 10324 2242 11746
14589 9143 5257 3579 11225
14590 9048 8214 11020 2345 2796 9049 1125 7904 10867 5325
14591 2190 7545 6157
14592 6157 6234 6925 149 1770 3258
14593 11465 6157 9201
14594 2539 477 6157
14595 5983 8982 6157 1138
14596 1635 1922 2426 3209 1704 2135
14597 6157 5473 10300 3990 2747 142 102 624 899
14598 294 2690 2706 3728
14599 1621 833 10979
14600 10114 3809 7406
14601 3205 9471 122 10651 10176 3012 10612
14602 3702 3009 1152 1555 5600 10114 10661
14603 5165 5303 2454 103
14604 1142 3575 142 138 5165 140 400 9810
14605 2627 9732 3450
14606 10132 11431 6228
14607 1080 477 3660
14608 6228 1134 1622 3195
14609 6228 1754 268 3756 1478 123 3044 6316 12007 8961 1556 12008
14610 6228 7991 1309 186
14611 1094 10031 2190 7877
14612 1644 3594 685 3768 7877
14613 7176 680 952
14614 3901 6285 8459 2210
14615 2143 1654 898
14616 6989 7134 331 7713
14617 6336 9553 352 4099
14618 5171 122 6336
14619 9195 9552 1027 3101 3094 3104 70
14620 2014 1653 1910 10095
14621 11205 695 9951 4369 11693
14622 10716 1086 2051
14623 3897 3326 5136 5955 7412 4482 11258 5487 1798 1991
14624 1318 7552 784 2967
14625 2999 3692 1318 11711 4991 655 2017
14626 11115 11604 11921
14627 2196 2366 2465
14628 7183 6678 7231 7947 387 6207 6471
14629 7548 2154 1362
14630 4096 1501 6607 2359 4273
14631 9495 1465 4513 4511 4840 11128 400 7557 5681 10139
14632 1927 2465 9895 4269
14633 3334 8783 8658 8662 7129
14634 2077 2465 5337 6307
14635 290 1927 2465
14636 9768 3151 268 1414
14637 6898 937 869 2894
14638 3153 1286 1137 4101 6898 9672 4103 7093 1879 2284 33 2162 2116 4893 4504 6543 433 3115 3258 4942 4843 707 5551 4125 3140 1628 1629 2589 10168 4814
14639 5608 6365 937 2240 10502 6079 8490 1225 11725
14640 5935 328 7195 6898 9027 10752
14641 6898 1542 11955 4819 2085 1465
14642 5161 1829 5514
14643 5161 3213 3327
14644 5161 2947 2625 262 5078 899 5605 60 333
14645 1542 10688 7059
14646 9552 7812 2513
14647 12009 11783 12010 12011 11990 12012 7528 12013 12014 9016 12015 11322 12016 12017 3923 5445 12018 5687 11946 5278 609 869 607 516 10419 2085 7094 4135 610 3301 10968 8111 5946 11726 9532 12019 4656 3926 10872 9863 11341
14648 9016 607 2732 7094 1447 12020
14649 9016 607 2732 7094 1447 12020 10827 12021 869 516 11434 2421 2085 8111
14650 607 516 1447 9016 12015
14651 869 12009 3923 2085 7143 2086 7094 11729 3301 10968 12020 9532 12022 609 12023 7528 607 11434 2421 1447 8111 10977 9016 12015 11322 12016 11946 12017 5445 5278 5687 516 10419 4135 610 5946 11726 12019 4656 3926 10872 11341
14652 7102 2727 9016 1160 871
14653 869 2085 2086 7094 610 3301 9532 609 12009 3923 7143 11729 10968 12020 12022 12023 7528 607 12024 11434 9717 10140 2421 11375 4579 1447 8111 11726 10977 9016 12015 11322 11946 12017 5445 12018 5278 5687 516 10419 4135 5946 12019 4656 3926 10872 9863 11341 10939 11950
14654 9016 2732 7094 1447 10827 12021 869 11434 2421 2085 9532 10977 607 12024 9717 10140 11375 2086 4579 11726 12023 7528 12015 11322 12016 11946 12009 12017 3923 5445 12018 5278 5687 609 516 9397 3979 4135
14655 9016 607 2732 7094 1447 12020 10827 12021 2085 869 12024 11434 9717 10140 11375 5278 2086 4579 11726 12023 7528 12015 11322 12016 11946 12009 12017 3923 5445 12018 5687 609 516 10419 4135 610 3301 10968 8111 5946 9532 12019 4656 3926 10872 11341 10939 11950 9397
14656 481 4999 1460 432 5088 1278 3230
14657 869 2085 2086 7094 610 3301 9532 609 607 12024 11434 9717 10140 11375 5278 4579 1447 11726 12023 7528 9016 4135
14658 9016 869 607 516 9397 12009 2421 2085 3979 2086 7094 4135 610 12020
14659 869 2085 2086 7094 610 3301 9532 609 9016 607 2732 1447 12020
14660 869 607 516 12024 11434 8801 10419 9717 10140 12025 12026 11946 12017 11375 2085 5278 2086 4579 7094 1447 11726 12023 7528 609 9016 4135 610 3301 10968 5946 9532 12019 4656 3926 10872
14661 9016 607 2732 7094 1447 12020
14662 606 184 516 7143 3301 2085 2086 7457 1447 7094 4135 11726 9532 12022 869 11434 2421 8111 10977 607 12024 9717 10140 11375 4579 12023 7528 9016 12015 11322 12016 11946 12009 12017 3923 5445 12018 5278
14663 9016 869 607 516 10419 2085 5278 7094 4135 610 3301 10968 8111 5946 11726 9532 12019 4656 3926 10872 9863 11341
14664 869 607 516 11434 2421 2085 1447 8111 9532 10977 9016 12015 11322 12016 11946 12009 12017 3923 5445 12018
14665 11416 3756 9016
14666 7094 869 2085 2086 3301 9532 12009 3923 7143 11729 10968 12022 12023 7528 9016 2732 1447 12020 10827 12021 607 516 12024 11434 9717 10140 2421 11375 4579 8111 11726 10977 12015 11322 12016 11946 12017 5445 12018 5687 609 10419 5278 4135 610 5946 12019 4656 3926 10872 11341 10939 11950
14667 9016 869 607 516 10419 2085 5278 7094 4135 3301 10968 8111 5946 11726 9532 609 12019 4656 3926 10872 9863 11341 10939 11950 9397 12009 2421 3979 2086
14668 9016 869 607 516 9397 12009 2421 2085 3979 2086 7094 4135 610 12020
14669 11582 9016 3272
14670 9016 607 2732 7094 1447 12020 10827 12021 869 516 11434 2421 2085 8111 9532 10977 12015 11322 12016 11946 12009 12017 3923 5445 12018 5687 609 4135 3301 11726 10419 5278 610 10968 5946 12019 4656 3926 10872 9863 11341
14671 9016 607 2732 7094 1447 12020
14672 9016 2732 7094 1447 12020 10827 12021 12009 11783 12010 12011 7528 12013 12014 11990 12012 869 11434 2421 2085 8111 9532 10977 607 12024 9717 10140 11375 2086 4579 11726 12023 12015 11322 12016 11946 12017 3923 5445 12018 5278 5687 609 10419 4135 3301 10968 5946 12019 4656 3926 10872 9863 11341 10939 11950 516 9397
14673 869 2085 2086 7094 610 3301 9532 609 607 516 11434 2421 1447 8111 10977 4135 9016 9397 12009
14674 9016 607 2732 7094 1447 12020
14675 607 7094 9016 2732 6586 1447 12020
14676 9016 7862 11946 2085 7094 1447 3301 11726
14677 9016 607 7094 1447 12020 10827
14678 2085 10968 9532 609 9016 869 607 516 9397 12009 2421 3979 2086 7094 4135
14679 9016 607 516 9397 12009 2421 2085 3979 2086 7094 4135 610 12020
14680 2891 5811 122 1478 10939 11558 126 124 9016 2512 11341 9647 12027 11212 878
14681 9016 7862 11946 2085 7094 1447 3301
14682 869 2085 2086 7094 3301 9532 609 12009 3923 7143 11729 10968 12020 12022 12023 7528 607 11434 2421 1447 8111 10977 12024 9717 10140 11375 5278 4579 11726 9016 12015 11322 12016 11946 5445 12018 5687 516 4135 610 5946 12019 4656 3926 10872 11341 11950
14683 3290 9016 869 516 9397 2085 4135 610
14684 869 2086 12024 11434 9717 10140 11375 2085 5278 4579 7094 1447 11726 609 12023 7528 9016 607 516 4135 3301 10968 8111 9532 12019 4656 10872 11341 10939 11950 10419 5946 3926 9397 12009 2421 3979 610 12020
14685 9016 11414 8451 11304 11808 1557 1464 4618 7271 1755 1481 4488 9647 5804 5499 5606 7064 11964
14686 9016 3044 3295 2708 3191
14687 9016 1535 3261 204 11779 11339 2481 3969 3276
14688 9016 1354 2184
14689 9532 869 2085 2086 7094 610 3301 609 607 11434 2421 1447 8111 10977 12015 11322 9016 11946 12009 3923 5445 12018 5278 5687 4135 11726 516 10968 12019 4656 10872 11341 10939 11950 9397
14690 184 2085 9532 869 2086 7094 610 3301 9016 607 516 10419 5278 4135 10968 8111 5946 11726 609 12019 4656 3926 10872 11341
14691 607 516 11434 2421 2085 1447 8111 9532 10977 9016 12015 11322 12016 11946 12009 12017 3923 5445 12018
14692 579 588 3014 10277 3032 9963 7412 4340 7924 2621 2190 157 9043 8314 874 487 1535 119 9016 2034
14693 9016 10046 1503
14694 869 2085 2086 7094 610 3301 9532 607 516 11434 2421 1447 8111 10977 9016 12015 11322 12016 11946 12009 12017 3923 5445 12018 5687 609 184 4135 10968 11726 12019 10419 5278 5946 4656 3926 10872 9863
14695 869 2085 2086 7094 610 3301 9532 609 607 12024 11434 9717 10140 11375 4579 1447 11726 12023 7528 9016 12015 11322 12016 11946 12009 12017 3923 5445 12018
14696 9016 2732 7094 1447 12020 10827 12021 869 516 11434 2421 2085 8111 9532 10977 607 12024 9717 10140 11375 5278 2086 4579 11726 12023 7528 4135 610 3301 5946 12019 4656 10872 11341 10939 11950 10419
14697 7668 10612 9016
14698 12009 11783 12010 12011 7528 12013 12014 11990 12012 869 607 12024 11434 9717 10140 11375 2085 2086 4579 7094 1447 11726 12023 9016 12015 11322 12016 11946 12017 3923 5445 12018 5278
14699 9016 607 2732 7094 1447 12020 10827 12021 869 516 11434 2421 2085 8111
14700 9016 2732 7094 1447 10827 12021 869 516 11434 2421 8111 9532 607 12024 9717 10140 11375 2085 2086 4579 11726 12023 7528 12015 11322 11946 12009 12017 3923 5445 12018 5278 5687 609 9397 3979 4135
14701 9016 5881 184 7099 10737
14702 7301 5973 10026
14703 7301 1402 3472
14704 10158 8309 6308
14705 4840 10487 7005 204 5256
14706 7460 4467 3803
14707 2973 11417 1078 8399 481
14708 6517 8162 476
14709 8162 516 3834 2426 2809
14710 4803 369 2165 7529 7173
14711 9691 4803 1137
14712 6626 8748 278 263 8128 1663 3295
14713 5894 3206 1635
14714 3206 8646 638 1659 4411
14715 3206 3763 4840 3812 7001
14716 9234 2032 6117
14717 10564 5771 11757
14718 10564 9577 4347 11757 72 4975 1984
14719 11210 913 10070
14720 5281 2706 1096 8572
14721 6853 1505 5271
14722 4818 9838 3900
14723 11045 3943 9997
14724 7144 11921 72 7620 737 2345 7812 2047
14725 11208 261 4490 4289 11993 4383
14726 11208 2220 8571
14727 4868 2594 9138 10291 10133
14728 8743 10348 8672
14729 11638 11993 2727 7858 1450 7173 8359 5474 4047 946
14730 9372 11039 7183
14731 3798 1535 1161 1162 3032 204 5775 507 737
14732 5200 2048 5775
14733 2513 5209 5172 551 4109 9370 1895
14734 4001 11003 5247 1156
14735 10042 3927 3272 1483
14736 5374 3356 7957 2738
14737 6844 1609 1885
14738 2938 2076 1126
14739 3409 6960 3551 3287 7252 8685
14740 2221 9155 9500 1447
14741 5184 8567 7281 4836
14742 7839 11259 2912 5184 325
14743 27 5429 2394 10076 1107
14744 2057 5302 274
14745 6183 321 1471 2741
14746 3022 4512 122
14747 2741 6979 9852 3397 321 3170 1663 4278
14748 9471 577 2741 1928 3482 12020
14749 2741 2621 3085 321 1479
14750 2741 620 6602 2939
14751 11843 3767 2741 6462 7426 310 9656 65 142
14752 2741 310 4761
14753 7447 7313 413 8263 9001 4621 1490 2741 12031 1465 9984 5608 9396 10496 2285 125 3770 54 9162
14754 96 1192 2823 5863 507
14755 5863 5408 3116 3643
14756 3797 5634 4017 2647
14757 2134 7376 1295 9838 5028
14758 1635 2638 2944
14759 2914 3892 3631
14760 2274 1635 1295 10885
14761 8585 2134 1635 3958
14762 6232 1790 1635 2351
14763 1635 3809 132
14764 477 2481 1635 3959
14765 1635 3478 7640 5193 6774 480 866 3151 550 3270
14766 481 1635 3749
14767 2633 9866 478
14768 5923 6627 7070 6736 9337
14769 3234 4047 9751
14770 639 9422 1032
14771 551 2958 6924
14772 6112 11907 11262 1196
14773 4694 11142 9786
14774 1789 4389 2112 2882
14775 2873 2108 2257 3683 5961 1585 4067 786 18 2878 20 6943 1876 6101 28 6207 6902 4812 4696 31 2286 4694 2284 4705 4706 807 1596 2159 2389 1591 1592 2283 2555 9944 1499 4504 3507 3508 3509 1619 6196 1617 1618 2311 2210 2084
14776 1827 5984 7943 9193 6010
14777 9193 9446 3770 6057
14778 9193 5885 1765
14779 1882 2193 9193 453
14780 11114 3492 1137 10382 7775 1527
14781 11955 5984 2977 931
14782 2022 93 1744 8554 9664
14783 4767 8480 11205 10057
14784 6328 9661 7741 11483 2995
14785 11142 219 2696 7662 9661
14786 9661 1229 274 3268 3393 71 464
14787 9661 6997 11931
14788 5853 8083 10251 9661
14789 9661 5519 5263
14790 5519 9661 72
14791 948 8621 8100 4858
14792 1163 4965 4819 2085 9006 340
14793 8418 7272 2039
14794 4965 2877 4994 1151 2295
14795 4965 1185 5895
14796 691 2100 1498 10210 11079 3875 1430
14797 1334 6109 551
14798 8354 1334 149
14799 1334 11956 11761
14800 469 1334 4765 8130 8029 2030 3630 1341 4611 3804 6277 2769 7421
14801 1334 9708 4700 88
14802 7210 1134 8502 2190 3112 4174 1273 5052 3871 1137 72 624 333 1242 3833 871 1593
14803 3186 9364 7118 7120 4200 4074
14804 5482 11114 4570
14805 5482 1955 2189
14806 5429 5739 92 2004 5482 9619 1535
14807 2558 6733 4479 1076 5482 5140 8736 6901
14808 10292 1550 181
14809 5907 635 1434 1710
14810 11238 4622 5907
14811 5907 295 7428
14812 4952 2468 6549 8689 10064 7613 261 912 2979 7576
14813 2359 7305 11591
14814 3958 3867 292
14815 3958 9484 10959 9823
14816 1250 2100 3958
14817 2878 6954 1589 4187 2118 2492 851 2321 10406
14818 3958 10311 10312 10313 10314
14819 5249 3457 2422 6334
14820 5249 2037 1229
14821 2922 2190 281 5249
14822 5249 8720 4371
14823 898 262 2432 5061 486
14824 1012 9267 4690 4944
14825 1378 5061 2305 4314
14826 328 7535 1832 10183 6645
14827 4511 8418 11309
14828 10536 6905 3080 10880 1228 11235
14829 3405 2401 5724
14830 9114 11418 1137 3405
14831 3645 321 3987 5883
14832 1962 864 2451 2238 1301 875
14833 9583 3492 3558
14834 1126 7858 6123 72 5411
14835 1908 8604 6558
14836 1126 5653 1660
14837 1126 6007 10013 1169
14838 8190 5148 2007 2238 2816 6939 5832 4406 3313 5044
14839 1126 9921 6057 243 1011 1655 3057 3044 1980
14840 1126 6444 5029
14841 1126 550 365 9708 4700 9117 1094 5625 1134 2607 11258 453
14842 1126 9074 1941 5655
14843 1021 413 1126
14844 4380 2359 9913
14845 11245 4116 590
14846 11245 352 2973 7597 2937
14847 383 4116 9732 297
14848 5349 8350 11526 11788
14849 944 7833 826 4990 3075
14850 11155 1266 4901 10811
14851 7975 1142 3834 1188
14852 6163 7975 9456 4069 3242 705 2161 1499 5104
14853 453 261 11400 466 1878 11263 10994 205 4174
14854 7218 466 8699
14855 466 9154 5010
14856 4015 466 588 9401
14857 5228 466 509
14858 466 2074 4371
14859 466 3133 10055 157 122 1464
14860 6857 5140 3027 4770 2950 5173 5713 8322
14861 2893 9112 1987 1729 5215
14862 6718 10284 11372 9832
14863 370 6718 1406 6425
14864 6462 2260 5536
14865 2265 507 4438 7053
14866 8050 156 4438
14867 4438 930 5679
14868 8371 1337 6969 3092 2760 5551
14869 10964 2449 8230 1464 6078 1465
14870 4804 4801 3005 3421
14871 3421 1020 1185
14872 6802 10918 5220 4601 10157 11086 3421 11323 2046 1063 208 5212 8652
14873 3421 9793 259
14874 4467 11049 351 3421
14875 3421 4617 6822 7514
14876 1072 4301 6571
14877 4301 3534 3246 11618 6912
14878 3009 10528 4620 4301
14879 4570 6326 4301 646
14880 4515 12032 4301 268 2496
14881 4636 4301 5743
14882 5532 2375 910
14883 1914 7259 4301 1295
14884 2110 8709 2203 5098 22 2113 4301 2258 4977 4697 4698 2483 2295 2488 4705 4706 32 2161 2880 3242 2117 8059 847 6103 2210 3139 6199 6213
14885 4301 2373 8904 10378 2190
14886 2810 4301 344
14887 4301 5462 8836
14888 168 8680 480
14889 8680 4819 2087
14890 6052 11462 8680 9109 8742
14891 11075 551 5461 6706
14892 4458 11401 9908
14893 2950 2572 3546
14894 2126 4064 2877 4501 702 2755 2175 2112 1114 2480 6440 2484 2666 1591 807 2293 2399 2283 2882 2396 2395 2398 1594 1595 4709 4706 2485 2115 1603 2117
14895 6374 3993 1720
14896 2893 5493 454 5411
14897 8079 6298 4273
14898 7231 1965 9433 9484 3168 1134 2426 3413 551 275
14899 3184 786 1228
14900 10914 4159 1788 391 5847 5772 9995
14901 1036 8495 9058 310
14902 11488 185 1191 4118
14903 4551 2100 11189 6563
14904 5039 11382 6007
14905 3600 5346 874 8938 1622 4290 2582 101 10300 2028
14906 5358 2582 4147
14907 2582 2471 122 1464
14908 2749 2017 1866 2164 2116 2532 2492 2582 2302 5992 1886 2589
14909 6101 4257 4807 2665 1597 807 2298 2582 4251 1610
14910 2159 1593 845 4630 6976 2582 852
14911 2749 1818 2872 887 2110 1861 3076 3129 20 2258 432 698 2394 2582 1499 2760 9390 2409 1885 3247 1887
14912 2258 1114 6140 2117 2582
14913 2751 5696 3482 83 4250 6476 4502 432 1592 2881 33 2118 2552
14914 4 9 7875
14915 2479 2480 2157 2482 2206 1592 2486 1598 2291 2292 3095 2758 2490 845 2404 2301 2298 2299 706 2297 2300 5319 35 2582 5992 4252 2323 9390 3965 3967 7934 856 6141 1613 2171 3247
14916 6943 6954 4069 5715 32
14917 3230 2877 1137 2258 2159 4812 807 2163 2164 706 5282 2582 2302 2408 3246
14918 1588 4705 32 2114 2486 2588 2399 2274 2398 2400 4709 2397 2293 2491 3960 3959 5289 2406 2296 33 3242 705 1603 1604 2116 2883 2298 2403 2118 2164 2117 2404 3961 3962 3110 2885 2884 2582 197 2668 6103 6196 6213 853 2311 2410 1615 1616 2211 1617 1618 2409 852 3966 2121 2324 1610 3968 1609 4635 1611 2122 1619 1883 3137 1559 6198 2411 6972 8261 2215 2214 3520
14919 9484 70 2582
14920 2157 1592 2286 2206 2397 706 3242 2161 698 5282 2582 9390 3967 1823 5104 6199 2171 1613 3246
14921 2757 4696 2582 5319 2473
14922 2582 2471 2957
14923 4501 1876 5116 22 786 1588 2154 8690 3092 6527 166 2261 2756 3489 2322 31 4356 832 3959 3493 2163 4630 2582 5992 3115 707 4722 2170 1612 7828
14924 477 2582 5319 3964
14925 2873 2876 16 1868 2280 2258 4349 2115 2117 2118
14926 2582 1402 5562 168
14927 2257 20 1588 2523 74 4355 4356 4349 3242 2489 2883 705 1499 4504 2582 2302 4997 707 1886 1824
14928 2258 4378 2157 4356 1592 2399 5100 2117 2582 4995
14929 6304 5484 1801
14930 1801 2471 6189 1864 2751 8811 1607 1885
14931 2257 9065 1866 477 770 4993 4069 2154 1878 1114 703 4355 2756 1801 2643 1883 6199 2084
14932 904 139 321
14933 7724 184 232 7169 738 11869 8714
14934 2655 3236 5357 921
14935 10067 6886 4296 11569
14936 3940 4296 712
14937 9234 2496 9197
14938 1765 678 673
14939 8635 8627 1335 5597 2486 2146
14940 1040 1335 1041 604
14941 2645 2126 4120
14942 630 3770 827 604
14943 1936 604 6886 2218
14944 4325 11527 604 414 2039 125
14945 8563 5541 8299
14946 11047 604 2682
14947 4646 2882 2398 2393 9426 604
14948 8362 10787 6131
14949 4056 6273 11036
14950 3714 8778 676
14951 4385 2747 5052 4518
14952 6005 1291 3230
14953 1819 11248 1861 4354 656 2204 2293
14954 7760 11248 7997
14955 8433 3713 8420 5351 2796
14956 6955 4124 6139 2483 704 2206 2588 6140 845 1842 5319 2410 856
14957 10065 4236 10067
14958 10065 2699 8091 7280 7351
14959 2361 6255 3735 5319
14960 5099 1868 6207 166 88
14961 2921 471 3198
14962 3384 6060 5590 3175 1171 383 5088 445 3631 8526
14963 12033 1374 7598 2152 5606 1479 9161
14964 9616 1529 10670 153 388
14965 1529 1648 2218 928
14966 2723 1228 4540 1458 11725 780
14967 278 2244 11674 2723 324
14968 7531 2737 2723
14969 187 2723 2765 1983
14970 3073 2723 9449
14971 1134 7896 9501
14972 2723 5099 3962 4071 9624
14973 7003 8461 4002
14974 1436 10102 7069 128 4712 6420
14975 8383 2087 9670 10191 1464 7277 4618
14976 1465 7563 1479 123 10924 9364 10925
14977 6734 4451 11556
14978 4120 20 2479 7339 4451 704 3240 698 3959 3407 3964 2394 7847 2207 2311 1885
14979 2693 4068 481 8258 910 7464 7824 3487 311 5393 905 347 413 4451 9609 331 7659 1163 204 902 7359 8045 1088
14980 4451 8570 6460 133 2464 6120 908
14981 4451 3973 804 3111 3264 8847 8809
14982 1230 4451 658
14983 874 4451 2454 486
14984 3671 247 872
14985 4451 2765 1336 1343 278 310 1233 6299 5132 2392 909
14986 3449 8585 5617 2075 3707 9081
14987 6310 8347 9168 3707
14988 157 3942 486 3707 2893 3817 11113 6819 3780 3781 9786 871 873 6680 5240 8735 4300 3362 11134 7864
14989 3707 8141 11421 10812 3357
14990 7824 1694 2449 3529
14991 3397 3170 136
14992 11407 11968 11959 11425 11960
14993 11407 11958 11408 11968
14994 11407 11958 11422 12035 12034 11961 11424 11409 11425
14995 11422 11958 11408 11968 11959
14996 937 4441 11407 11422 11425 11958 11408 11968 9074
14997 11958 11407 11423 11408 11968 11425
14998 11958 11408 11422 11409
14999 11409 11424 11960 11958
15000 11958 11968 11959 11425 11960 12035
15001 11958 11968 12034 11961 11408
15002 9500 7388 4754 4424 3121
15003 11958 11968 11409
15004 11959 11967 11425 11423 11422 11958 11408 11409 12035
15005 1560 2126 3482 2154 1114 1589 4257
15006 9778 610 7265 3022
15007 9778 1356 5334
15008 9778 2225 2361 2991
15009 7183 3902 1478
15010 2513 5148 5010 7839
15011 7548 7144 166 5148 2895
15012 70 9999 293
15013 293 2405 7544
15014 7096 1840 293 7461 319
15015 4704 5020 2700 293 206
15016 4261 3681 9224 7145
15017 4131 12036 469
15018 11180 2947 6416 11327 4394
15019 8356 11906 4199
15020 2947 2902 6552
15021 5710 2241 2947 4645
15022 157 4991 8456 3640 2457
15023 2457 2257 2274 3240
15024 4554 7985 663 4054
15025 8237 1196 1403 7334
15026 8237 133 8028
15027 2680 478 10217
15028 5391 25 1355
15029 10658 179 11631 3375
15030 5450 2029 5624
15031 8918 11273 10887 272
15032 2268 1134 10320 4966 1321
15033 4966 4570 3020
15034 331 11659 8449 7398 8931
15035 3714 7398 9571 11129 8257 10496 5831 331 5514 10718 631 5605
15036 7398 10651 1483 1479 4985 7565 6034 1473
15037 8058 5521 7398 11516
15038 5313 685 9346
15039 3602 5541 11503 10270
15040 4861 2706 905 6043 1273 5640 6640 7149 2624 6399 6020
15041 2057 10495 6832 6265 11850 8702 4598
15042 5697 6275 5172 1211 7418
15043 5263 8214 11285
15044 8390 9832 3526 1537 1161 3364 204
15045 261 929 317
15046 261 871 361
15047 6372 8693 10139 261 6374 1525 3751 5720 10171 7964 7832
15048 261 289 551 3360 1535 1161 1162 1163 3032 10157 4959 204
15049 946 1191 11641 261 133 486 5946 142
15050 5348 3278 261 4840
15051 3636 261 871 5683 885
15052 787 10315 261 4093 9854
15053 261 597 4819
15054 261 912 204
15055 261 11724 3989 7394
15056 8948 1165 9019
15057 261 929 8606
15058 2273 9096 7394
15059 937 5862 1479
15060 1525 261 822
15061 4143 344 2770 6758 261 3290 1693 4386 3267 10970 9998 3279
15062 553 1072 261
15063 261 10038 11218
15064 946 10732 261
15065 902 352 10204
15066 331 6919 2596 261
15067 285 480 4174 1734
15068 9248 7153 11752 261 4159
15069 10063 261 5077
15070 937 261 2513 4320 10732 912 3724
15071 946 3274 261
15072 11339 2221 5348 185 2621 1984 3257 1170 261 10038 157 1348 4653
15073 261 743 7536
15074 4619 8258 261
15075 261 1504 7541 1984 587
15076 7473 1010 8457 4120 2449 1410 261
15077 8207 6824 1163 261
15078 6821 627 8272
15079 7203 10350 5442 5944
15080 7535 734 878
15081 1137 10134 6232
15082 6113 10254 11472 8373 9803 6112 483 8931 7151 9419 3 8211 7773 1295 193 3182 4439 5135 1195 4157 4804
15083 11217 653 11314 5030 6570
15084 3182 8745 10579 5180
15085 557 7280 3131 8331
15086 11672 9837 557 455
15087 3358 4009 5345
15088 2896 4775 6742
15089 6685 2896 9732
15090 3368 1516 11608 4711 8193 4096 1407
15091 8646 3802 5141
15092 2034 420 7471 1350 6586 2617 9920 8230 1163
15093 11441 1378 6519 2697 10362
15094 3834 4466 874 2425 902
15095 2230 695 11758
15096 6697 212 5999 125 10134 4515 124
15097 3534 4776 1736 1729 937
15098 4848 1129 4776 453
15099 11371 3890 5339 4440 4586 9658 2186
15100 3879 285 1454 731 3747 5786 9238
15101 3252 620 1928
15102 3252 11547 3800 54 1356
15103 9106 3701 1154 7017 6869
15104 4674 7791 7164 551 3353
15105 683 7768 10227
15106 9844 2195 574
15107 10113 8101 9172 10738
15108 4941 7220 1077
15109 2345 5561 4765 11355 1014
15110 6949 10029 6313 11041 1077 3912
15111 2405 1077 11023 6529
15112 7663 7665 5229 11041
15113 9997 8253 193 1978
15114 1821 9997 11023
15115 9997 2092 6376
15116 11133 9997 7640
15117 10596 225 8117 97 11111
15118 225 6317 5805
15119 5173 11156 4810 1934 1704 5132 3407 2450 9762
15120 11359 9895 2615
15121 9895 9079 1579
15122 2557 2254 7536
15123 469 2745 2633 4804 4406
15124 469 1797 9725
15125 2190 1080 11172 3393 469 551 1655 1429 195 1152 1504 257 7653
15126 6380 4564 469
15127 469 551 4040 7609 3058
15128 6630 252 4962
15129 6999 469 1979 7520
15130 469 4496 3764
15131 551 1797 8877 469 92 446 11908 4903
15132 1192 310 469
15133 1519 9658 1996 8493 3990 72
15134 6190 469 1655 5010 4701
15135 469 209 1162
15136 6505 469 7664 10008
15137 469 3884 1407 3393 9216 657
15138 194 5229 4079 469 4496
15139 5749 1459 493
15140 8849 10424 5749 1134 7760
15141 5749 5435 2141 551 2573 4957 1979
15142 5229 5749 4173
15143 7873 5749 3281 10398 10550 10690
15144 3468 5282 1163 3364 8537
15145 5405 5219 4496 5894 10886 2454
15146 7202 4496 9075
15147 702 2759 5959 10187 165 5220 3295 371 4496
15148 7873 1985 4496 4986
15149 5996 2155 4496
15150 2645 2750 8092 2475 2110 3230 1585 4063 1871 477 5099 1114 1878 2322
15151 3323 4518 10274
15152 5435 5779 1733
15153 5435 3604 3665
15154 5435 2141 114 6134
15155 1990 9995 3722
15156 5755 10805 6170 5353
15157 6826 1341 2740 6460 9929 7343 10083 7587 8181 7610 4513 8273 8294 11186 2603
15158 3822 4949 2192
15159 7702 2192 9711 2820 3396
15160 8713 1795 6577 319
15161 8713 3320 1295 2922
15162 6214 1542 4819
15163 6214 10391 8448 122 9020 10571
15164 10725 9769 9645 7260 11652 6214
15165 9463 3272 10248 9341
15166 6214 1542 4819 3163
15167 9020 11955 11652 7264 10584 3793 7259 6214 1542 10971 10688 10691 10673 9867 10672 7266 10665 6483
15168 937 8333 6214 1094 6958 581 1407
15169 8221 10673 9529 11141 10593 11212 10726 10665 6214 10584 122 4604 8540 9911 11566 11538 11193 7259 11539 6480 7045 11643 9868 7364 10575 2085 1464 1471 1478 7261 2086 2087 10395 1465 7461 1479 4605 2243 10402 4199
15170 10726 5048 123 7266 11458 11519 10656 12037 9868
15171 6214 1542 3195 1554 4819 2087 10915
15172 10261 5093 6214 8936 7118 4198 7120 6373 7121 2212 7322
15173 6214 11351 1542 3793
15174 11955 11652 1471 3272 1465 123 124 6214 4819
15175 1543 2085 122 2242 1479 9137 2243 11017 8006 6214 61 10330
15176 6214 11359 12038 8136 2085 10236 122 7262 2087 2242 2088 8221 11141 11431
15177 6214 4819 10131 5735 2085 3921 122 124 11559 9020 10137
15178 6214 11351 12036
15179 383 11698 6214 12036 4819 1214 8609
15180 6214 1542 10971 10688 2085 1478 124 9020 9867 11539 4819
15181 1544 4819 8924
15182 1012 9867 6214 1542 7556 11808 11519 10718
15183 1465 6214 232 2891 2085 1464 1478 2148 1164
15184 11982 6214 4819 4704 11539
15185 9571 2085 299 6214 6372 8732
15186 6214 10665 11539
15187 3301 4822 11415 6214 4819 10599 2085 9507
15188 2625 8383 3793 10261 11461 6214
15189 3793 5409 6214
15190 9571 1542 4819 9943 122
15191 1542 10743 4819 10585 3793 9006 1465 9572 10239 12039 6214
15192 641 7683 486 3109 8917 9804
15193 6214 1543 10584
15194 1542 4819 6214
15195 6214 2240 1465 123 1542 9185 7443 10402
15196 6214 1542 10688 2243
15197 3304 9125 6214 1542 10584
15198 2415 10336 11210 3008 1554 8357 11733 11992 10165 5626 6832 1214 4515 12002 10664 11525 11621 11752 11653 11850 10402 1464 4199 124 6214 1542 10584 7443 9020 11212 10260 4609
15199 9646 11717 6214
15200 9571 4819 2085 1752 7257 123 7668 11974 126 11405 61 1465 1483 11622 122 937 6214 4512 11964 11602 195
15201 6214 9571 8936 8924 8922 1544 10561 4027 4819 10131 4159 1488 2148 8221
15202 6214 7173 937 6215 12036 4819 4603
15203 6214 4819 11559
15204 185 2621 232 7835 487 11622 11499 10396 9161 61 1449 12041 128 3043 6214 1542 8922 1544
15205 6214 1542 4819
15206 10691 123 9020 1544
15207 6214 1542 10689 2085 3301 3272 1465 11622 8446 11500
15208 6214 937 4819
15209 6214 4089 6483 3044 11537
15210 1754 937 6214 1542
15211 6214 1544 4819
15212 6214 1542 7946
15213 6214 1542 10584
15214 11653 6214 1542 3793 3163 10395 2243 10672 10402
15215 9104 1544 5198 4819 1478 7451 10129 6214 6215 2243 4290 9705
15216 2088 7760 122 1464 1471 1209 3767 11785 123 6214 3043 11533 63 1465
15217 8924 8922 6215 10561 9386 10024 10129 10514 12040 1542 5606 8221 10657
15218 10462 6214 6832 6112
15219 3394 6214 1542 1464 8383 157 655 1170
15220 10648 6214 2085 2148 10395 6483 2243 142 7259 1471 1478 8447 9867 1542 3032 10024 7457 472 8603 2087 4819 11520 3793 6372 7276 10726 10240 11537 11538 8924 10665 10452 11566 11387 9020 11480 238 4199 10755 1464 7074 10445 6532 2941 7267 3365 11917 2039
15221 8637 99 586 1062 6214
15222 10025 5611 11825 6214 1542 10971 10688
15223 6214 3689 3301 2088
15224 6214 4290 571 3049
15225 8448 6214 8924
15226 6214 1542 4819
15227 9571 2243 9794
15228 7257 9571 122 9897
15229 9571 9020 123 3793 10402 3309 10260 6483 7259
15230 9571 4819 11035 11472 8932
15231 9571 4819 3793
15232 7948 9571 4819
15233 9571 1164 7257
15234 11016 9571 631 11279 10129 11376 7598 1465 1338
15235 9571 11917 6988 10666
15236 5671 9571 4819
15237 9571 2085 2087
15238 9571 4819 2148
15239 9571 1450 9185
15240 9571 7820 11776 3793 9185 6372
15241 9571 8936 2086 3301
15242 9571 9795 937 3723
15243 6496 607 610 12020 2620 10872 8891 1527 4207 9603 2463 9571 4816 9525 9185 3301 518 657 2389
15244 9571 10132 4819 9896 10514
15245 1543 9571 1544 4819 8936 10132 10561 12036 10391 10131 10129
15246 8383 11496 9571 4819 1928 11499 2148 10396 4512 6113 11581 11495 1170
15247 2105 8333 5694 9571
15248 10561 9185 8221
15249 9571 4819 6372 8221 4570
15250 11351 1542 5197 5198 7261
15251 11351 1544 5346 563 564 5602
15252 536 8556 11351 8936 4561 9185 11794
15253 11351 7282 5197 3793 2243 7257
15254 11351 7277 11194
15255 9493 8571 9213 10542
15256 5209 1295 2830
15257 5209 4923 96 3778 5011 8852 6328
15258 2030 5209 5786
15259 937 10253 3272 12044 123 3303 1465 1483 5921
15260 2955 6579 3942 9037 1630 5432
15261 9037 9039 5324 937
15262 8922 9037 8793
15263 6138 9037 2513
15264 6430 5873 8631
15265 5648 8868 2513
15266 2749 1818 887 1864 35 4908 3508 707
15267 118 1092 3513
15268 1092 1079 4172 1899 3114 72
15269 10339 2486 4562 3745 1092
15270 553 6026 1137 1092
15271 7901 11371 6541 6854
15272 8070 1117 2587 7901 1125 1938 2664
15273 8070 11703 692 3745
15274 3189 1783 10717 8870
15275 8656 5489 6553
15276 3295 4953 2240 7178 6602 11998 480 7919 5169 8203 1465 11147 122 1483 322 3043 54 1479 11734 63
15277 551 7178 3745
15278 7178 2603 3272 2548 10068
15279 10943 7136 9049
15280 6026 5357 1852
15281 7531 657 5653 1922 9888
15282 9078 9000 2590 6805
15283 2590 10106 8581 11631
15284 7457 2637 2590 3112
15285 2078 278 266
15286 8092 2257 1866 5696 15 230 3129 1080 6206 3482 2258 6954 2879 28 703 166 6902 4698 4978 2525 4697 2482 6650 2483 2393 2114 2395 2399 2882 2489 2084 2117 2118 2298 2403 3962 2404 3961 43 2957 8670 3135 3966 2211 477 858 2860 2213 5011
15287 2957 10749 9505
15288 6634 2957 8670 20 2113 4250 1114 1589 6925 28 7864 4502 3959 2322 2492 4722
15289 1551 3948 2957
15290 11403 11404 10877
15291 5653 617 7489
15292 5653 7847 406
15293 3764 4619 3327
15294 7768 5653 9932
15295 5088 2177 2241 888 1242
15296 9898 503 2190 4406 1165 1527 3087
15297 1867 9960 6378 9235 1872 2235 4134
15298 1643 4229 11956 9270 5103 1825 1338 3585 1422 4188 9995
15299 10772 10618 2793
15300 7563 61 10714 6985 10106 7821 12043 7565 3148 10250 10642 7076 7265 11728 1480 9976 10281 11632 9880 2941 10755 1482 10746 10618 9495 12046 8184 4621 10612 11622
15301 8653 122 1483 124
15302 10635 1464 4199 7924 382 10445 362 1483 238 8653 366 499 240
15303 8257 1544 4819 331 9104 6372 9185 2240 2085 530 9006 231 10395 5198 1194 8412 10323 11533 11653 9867 10391 10674 10330 7259 11519
15304 6261 3175 2862
15305 3668 1975 1741 1377 3591
15306 3591 3030 3031
15307 3179 10552 1555
15308 675 5655 11624 5902 4509
15309 3406 4160 675
15310 675 10786 2046 3393 6375 3979 5214 10928
15311 2914 3124 1816
15312 2697 71 4611 3804 2047 6519 11284 1741
15313 2697 2861 8747
15314 3043 7074 10939
15315 2350 6585 268 6649
15316 88 194 9708 2513
15317 11799 8412 2245 8447 6830
15318 1464 1471 125 11802 6414 123 8312 8500 4199
15319 588 2623 5797 5520
15320 1096 5195 5426
15321 2623 2296 3493 9410 2534 1886 856 1824
15322 2623 5527 10496
15323 5250 6170 6357
15324 5268 10035 1296
15325 2899 551 6895 2706 2950 913 6012 7675
15326 6327 5548 11466 1729 1745 4903
15327 3809 8950 6327
15328 6830 415 6327 10959 79
15329 1406 4534 7159 6327
15330 2330 4632 12029
15331 2539 4828 3825 9242 8420 70
15332 940 2765 2824 6391 5564 10940 843 9607 5337
15333 940 3915 5120 2188 8998
15334 0 1858 2475 1861 2110 2257 2126 734 4067 4993 3488 832 2552
15335 1818 887 2872 7 701 6189 2475 4067 3459 7318 2154 2665 703 2485 2588 7538 2117 2118 6944 6103 2668 2205 2492 2122 3135
15336 1819 2645 2475 1860 1875 6207 7416 2262
15337 1 1858 9 2475 3076
15338 4120 2475 4064 2258 29 1084 1151
15339 10 2475 5696 14 1080 1875 9623 44
15340 2475 4354 2524 31 4349 2118 6543 4997 2453 1247 2760 218 4859 1081 394 2209
15341 2475 2109 2110 4354 13 4120 6101 1114 858 2171
15342 3590 1434 8830
15343 1011 6058 2618
15344 1011 3928 1597
15345 1011 6635 5194 173
15346 1011 192 2343
15347 310 874 132
15348 1011 1232 11529 868
15349 1011 6057 5621 1212 4321 2971 11691 4679 467 194 1655
15350 1011 7173 153 5804 5820
15351 3594 1783 7762 6112 10605 2913 1137
15352 955 10530 639
15353 955 2362 9422 752 462 476 1295
15354 955 1471 3272 2240 4618 4985
15355 7987 955 1001
15356 11360 6215 7443
15357 955 5023 7302
15358 1001 7683 1024 2050 3791 630 955
15359 955 1483 521
15360 955 1001 1028 3584 11266
15361 955 1002 639 10637 1141
15362 6687 5233 6255
15363 9851 955 11766
15364 3743 1025 630
15365 10809 3689 8790
15366 386 6474 6261 1343 4086 2426
15367 955 8904 2269
15368 9204 5224 5173 11411 3622
15369 4939 5173 2099
15370 1290 583 10861 8071
15371 2238 9752 2768 4691
15372 7764 2652 1660 4756 1733 1128 1273 5406
15373 7928 1932 458 270 5303 3818
15374 1932 2268 3473 5220 108
15375 11425 11967 641 11408 11424
15376 5909 8546 2046 275 500
15377 11968 11425 11960
15378 6005 3717 3189 8042
15379 11116 11175 10824
15380 5966 352 278
15381 5966 3367 1226 3320
15382 881 988 12048
15383 405 11242 12005
15384 4570 1769 3655 339 2511 8649 6452 3351
15385 3334 5787 4552
15386 4591 11683 1769 4454 4329 5807
15387 869 11340 1769
15388 1769 2366 101 4287
15389 1017 1769 1020
15390 4570 6805 9599 995 97
15391 9793 3536 9420 5516 3745 282 4759
15392 2017 2426 3540 9793 10902 5787
15393 5397 5125 1093 4511
15394 5114 7932 2848 7691 6799
15395 8503 1458 6609 2973
15396 1250 1812 1811 1253
15397 9002 8643 2054
15398 631 1479 5592
15399 8684 453 2190 3768 888 4152 8365 11382 6432 4193 1501
15400 10651 8365 5564 8182
15401 8365 6072 6828 2100
15402 534 2085 2087 8450
15403 7463 10548 4157 11223 1164 1464 124 4621 2941 9180
15404 1866 4120 1585 2293 2411
15405 2704 3001 11631
15406 6050 3550 7095 7144
15407 6805 6529 9032
15408 3001 11076 3274
15409 300 9669 10655 4287
15410 10177 10587 1137 655
15411 6317 4595 516 12001
15412 6317 5197 5198 122 3195 10328 1465 6275
15413 1465 5804 9495 9572 11745 6317 8332 2085 1471 3272 3043 10184 10445 4199 3767 6532 3296
15414 2496 484 6317
15415 4033 3195 4026 632 10624
15416 8038 3195 6317
15417 3613 1307 10407
15418 9495 11634 3765
15419 7309 3099 4229 428
15420 7563 5626 3022 11414 7793 5606 10612 61 7562 7116 122 2240 6034
15421 10415 8922 3826 122 7116
15422 1530 4621 3272 9161 1164 4284 606 4199 10025 11412 11661 7116
15423 10258 8212 9005 4925
15424 7525 2624 1217 278 571
15425 7264 1542 9185 8540 1479 2085 11193 11982 5605 7257 10674 7259 6482 4604 11492 11917
15426 2370 2371 4568 20 1114 4813 2322 908
15427 7581 3770 3575 232
15428 6547 3770 937 7391 4495 2952 3472 7677 1281
15429 11995 11750 11388
15430 6701 4475 9788 6112 10393 3770 8364
15431 3686 628 3770 1704 3132
15432 628 3770 138
15433 5250 3770 1179 7741
15434 3770 6262 4385 8704 6470 6186 133 7149 243 6683
15435 3770 1403 11801
15436 3770 7169 2769
15437 3770 2696 3292
15438 8181 1218 11624 6831 6830 8572 9929
15439 3273 3218 5592
15440 4828 16 4829
15441 1028 8127 7679 3009
15442 7890 1217 6938 7159
15443 7376 6679 2855
15444 6667 2105 2205 6139 4187 2284 842 7416 9326 2758 2116
15445 8448 122 1465 123
15446 10546 1478 2242 2088 7265 1464 2240 1483 11962 124 1485 6034 11831 8563 4248 5334 10966 327
15447 10546 3600 7001
15448 2621 6055 912 4009 8893 3265
15449 4175 8469 4770
15450 4175 4017 4675 3469 3290 2927
15451 2554 6854 4175
15452 3728 4175 9858
15453 7852 6387 764
15454 1479 2637 3192 6568
15455 8950 7129 2637 7824 8508
15456 2637 7824 2425 2421 11341
15457 3170 5981 5796 3055 6162 2637 6774
15458 1664 2232 193 2461 2637
15459 10025 7265 3724 11785 123 1465 8448 2242 333 1483 3296 321
15460 5116 2154 2665 4977 1598 4355
15461 3998 4977 2117 2118 2888
15462 9434 1464 7875 20 6969 2113 8763 2477 4977
15463 5098 4977 2523
15464 7313 4378 4977 4696
15465 1589 2478 4807
15466 2258 4807 1114 2157 6139 3092 4994 4977 2288 3240 1084 842 3960 2403 4630 2262 4190 4995 6976 4997 197 2407 856 1613 1824 2171 2842 1629
15467 4063 5696 4378 4977
15468 1585 20 7134 4696 4977 1594 2123
15469 2126 15 786 1878 2157 4502 4977 2880 2163 2118 2887 2166
15470 1114 3092 4977 5100 3110 9390
15471 20 3482 29 2481 4977 1600 2288 6976 2302 2263 6178
15472 4977 6970 6803 3242 705 5100 1881 6976 4995 197
15473 4977 6519 5432
15474 4378 703 3960 4977
15475 2751 4977 5992
15476 2518 2258 4502 4977 6140 2118
15477 5116 4069 1114 3092 4977 704 4188 1599 1600 2295 2487 2488 1606 1618 1617 8261 4357 4814 4127 4505 3146
15478 2258 4257 2478 2157 3092 2287 4977 31 2758 2116 2161 2117 3493 2859 197 4995
15479 16 28 4977 3095 2164 2115 9624 5992 6103 3115
15480 1858 3076 2813 22 2479 1588 4977 6970 2395 3240
15481 268 4977 1594 1597 1593 4995 4997 4251 1885 2407 8261 2209 7045 3246
15482 10894 1114 3092 166 4994 704 2283 2880 2295 2488 4977 3959 2296 2160 2487 2293 4630 706 1881 1617 852 909 1618 2210 1886 2412 2327 4506 5861
15483 4977 6650 2392 842 832 5715
15484 2518 2477 1114 4977 2118
15485 1866 14 8017 20 2258 2480 2113 1114 3092 4977 2394 8059 1881 4251 3244 5550 1616 2407 1887
15486 2110 2877 1868 5116 6101 4977 2472 2394 2290 2160 1600 2488 2406
15487 887 1819 2750 4977 4356 352 2116 33 6103 3245 1607 707 1619 2121 2409
15488 3482 1114 4807 4977 4630 4190 1881 4995
15489 9522 4124 6139 4977 6803 4356 1591 3489 2397 3961 851 4942 2669 9861 2307 2211 3966 3967 6104 2314 52 6208
15490 4063 2751 702 786 3092 4502 4977 2523 9326 2163 3493
15491 2478 9522 2287 4977
15492 616 618 2113 2480 28 2112 1137 4977 2288 2290 2292 2395 7340 1084 4813 2882 99 842 2487 2291 2489 1599 1600 31 2295 2488 5289 3960 1601 2406 2491 33 2163 1603 1604 2883 3962 2117 3110 2307 853 5551 6651 2409 2410 5716 1626 1627 2215 2214 1887
15493 166 4977 4696 1598 2290 3493 2116 4630 433 707
15494 4378 4250 4977 2881 6665 7186 4843 6213
15495 4573 4977 5831 6786
15496 2258 4977 3240
15497 5784 1588 1590 4977
15498 4977 101 243
15499 2359 1977 2872 5260 3480 10011 5655
15500 5915 2657 9282 6085
15501 3714 1487 11336
15502 5636 6261 516 1927
15503 6706 3492 9366 4611 878 10063 8705
15504 1016 8306 4406 7118
15505 1857 2873 6
15506 2539 1857 1527 341
15507 1 1857 2750 2108 9 1860 3074
15508 8874 3723 6985 1857 3177
15509 4927 1857 2645 10 1861 4063 2755 937 1084
15510 2873 11 1857 1114 4706 2293 2758 2116
15511 1857 2631 481 340 11004 1509 597 612 10699 1490
15512 0 1857 700 7 2203
15513 1857 3195 285
15514 1857 5 6 700 1821 9 3074 1860 1861 6667 6205
15515 887 2872 1857
15516 2873 1857 2645 3998 3655 9 1860 701 2258 2157
15517 1857 275 500
15518 1857 1877 3243 5550 2327
15519 8992 2110 1857 3129 2258 4502 3092 2481 2115 2118 1617
15520 10392 7151 8930 18
15521 10153 2768 1160 486 3578 5207 361 1857 9322 1693 4199 1527
15522 1857 6 2476 8690 2115
15523 1857 2036 7442
15524 1857 8670 3076 2258 2159 2286
15525 3272 1857 937
15526 8440 4634 1857 4041 843 2560 916 83
15527 1857 2876 2126 5696 4812 1084 2292 705 4893 3243 851
15528 5869 9196 4081 3170
15529 9449 3035 4731 1829
15530 7598 9874 11310 609 12023 12049
15531 10419 607 487 184 7143 7457 477 361
15532 7057 8038 2179
15533 1963 11590 11915 3919
15534 2811 4192 1069 6491 11596 7363
15535 4579 1645 7720 3151
15536 5767 3151 3469 3316 1403 478 9102
15537 1108 3151 8300 1465 1483 651 10505
15538 1202 1483 2039
15539 2102 2119 7349
15540 9434 10651 1479 126 4985
15541 9434 11499 7598 7267
15542 4691 9434 2190 11738
15543 9434 11647 8556 7265 1465 63
15544 9434 1001 9084 7144 4511 937
15545 9434 2152 52 11728
15546 5194 9434 4096 4819 493 12039
15547 4102 665 8167
15548 9434 6372 7563 1483
15549 1471 1465 1479 7668 7265 9128 11414 9434 3272
15550 6299 905 7131 3472 8511
15551 5521 5892 6099
15552 1707 160 915
15553 1707 2819 1280 2255 913 5206
15554 1707 1465 11835
15555 1407 8974 10974
15556 6023 3360 2134 4840 4619 8142 156 155 81 10635 4338
15557 1134 2567 3428
15558 2567 6790 1535
15559 2567 5958 6181 3428
15560 5328 5531 108 11001
15561 5623 1020 8599
15562 4410 5592 9316
15563 331 1410 7467
15564 869 1124 8528 7453
15565 11147 123 10284 937 7771
15566 11378 5925 4392
15567 8661 8662 11476
15568 10055 2940 987 10775 1789 42 5421 101 903 1696 844 4188 2350 3153 1146 1588 6253
15569 7694 9574 9213 827 8074 914
15570 2503 2713 5078 8275
15571 8204 11966 10137
15572 7821 4158 10106 2415 8556 7151
15573 3148 10106 7821 3197
15574 2190 10106 5198 11871 63
15575 10106 10299 10651 3702 8556 10236 7946 2148
15576 11776 1755 10106 7821 3304 9137 1554 9645 122
15577 2245 6866 10106 7820 8781 8779 9862 11405 10609 61
15578 5498 2747 11567
15579 12027 11458 6483 11405 11481 9983 11917 11193
15580 4511 4513 11303 10609 8899 12048
15581 11303 2415 8180 3647
15582 10548 8560 11974 11964 4488
15583 10339 8701 11121 4158 3148
15584 11121 4512 11429 1554 7557
15585 11121 4512 7557
15586 11121 10548 11481
15587 11121 4512 11429
15588 609 4614 8204 8180 11121 4840 4619
15589 11121 7598 7563
15590 4305 3741 9908 588
15591 4249 4305 10378 5292
15592 7313 10332 2474 3241 4278 3090 7848
15593 6129 4757 5644
15594 741 5717 6129 4051 2375 3470 9038 484
15595 4862 3835 6129
15596 6797 84 1586
15597 11354 9608 3551
15598 4136 1137 3871 102 8677 4619 7006 5405 2028 4344 371 10634 8003 2652
15599 6322 4174 1125 9679 9575 10950 8255 89 5552 1412 1490
15600 6774 181 7349 10950
15601 5914 6501 9484 2975 7703 2717 8101
15602 9484 8556 6112 8929 7760
15603 7385 9484 3291 6238 8668
15604 3124 10429 611
15605 5914 3124 5597 4498
15606 7130 11056 7194 7196 11715 7153 11621 1196 9929 1197 8609
15607 7130 6043 1295 11473 3615
15608 4756 5275 5950 2513 7449
15609 2593 7998 4950 477
15610 3216 3689 11218
15611 128 11301 3216
15612 2110 770 6943 5116 786 2258 2282 2159 74 2274 2293 2882 2555 2262 2211 2410 2408
15613 9541 3453 486 1928
15614 2080 6444 5029
15615 9444 8407 6509
15616 3334 6462 3336 898 869 6062 8104
15617 3336 7593 383 128
15618 1164 5004 2449 8138 3336
15619 3336 488 3928
15620 3336 4041 2587
15621 2873 2109 2110 1864 3076 2126 14 1080 18 2203 5098 6101 3389 3670 3336
15622 3336 2496 869 4636 624
15623 3173 3336 6299
15624 3336 1660 272 2306
15625 3336 6299 7442
15626 624 3336 6299 1226 5234 869 1342 1983 871 486
15627 3336 946 7449
15628 6299 3336 4552 2142
15629 11498 3336 2454 3290 2064 101
15630 3336 6299 2454 4952
15631 6356 8555 3336
15632 1585 2479 7017
15633 4750 9591 3195 9644
15634 874 624 10033
15635 10473 9876 10281 9644 1483
15636 7559 11405 609 7563 4618 9794 6034 4512 9644 11429 126 5626
15637 9644 9795 9137
15638 10762 7263 9191 4621 9644 2148 11147 61 9603
15639 1471 9644 8356 2039
15640 11414 9644 1481
15641 9644 8356 3272
15642 9152 9087 528
15643 5937 9579 11746 4158
15644 6912 10978 11070
15645 3168 2009 5564 4678 11275 6481
15646 7518 9347 3168 4051
15647 3389 8252 3168 4710
15648 6635 4951 5831 8641 3195 10025 118 5606 1188 976 484 61 4482 547
15649 3009 317 6086 8222 1977 7117 6635
15650 9862 7117 7168
15651 7117 1211 957 9005 142 1471
15652 3032 1535 1162 1161 1137 927
15653 7117 6496 4159
15654 5769 8944 6205 128 1483 4031
15655 8638 3416 3485
15656 2973 157 2767 624 345
15657 2750 8973 2258 2488 2295
15658 2529 194 52
15659 11716 10025 1465 11474 10627
15660 3983 3453 500 551 10029
15661 6138 2450 7848 10537
15662 2573 2141 4409
15663 3917 702 4120 6943 2258 3092 8064 9700 1151 2288 4697 4630 278 2855 3244 2209 8261 1612
15664 28 2284 4812 1599 3245
15665 477 7576 2770 413 250 7292
15666 3367 3444 8027
15667 3367 929 8681
15668 8340 11655 937 61
15669 8418 1540 4513 11808 4512
15670 892 3550 417 5021 4039 577
15671 4434 651 533
15672 1233 1465 2039 2941 124
15673 937 7988 892
15674 1078 4116 6699 892
15675 10112 125 9495 1464 892 4969 10409
15676 892 8202 10407 3198 6060 1451
15677 813 7679 8015 8904 8650 7755 892
15678 5609 11639 7011 7919 6462
15679 7009 5267 7011
15680 7001 1994 8299
15681 7011 486 888 10191
15682 11802 10724 3767 63 123 239 7011 1465 11728
15683 7011 2187 2738
15684 7011 7266 8847 873 615 1451 5189 11906 2390 1009 1449
15685 7011 7617 4889 5562 2355 2240
15686 3430 5939 1878 2755
15687 7011 11985 1442
15688 7011 8277 7109
15689 10905 10296 7011 4656 4385
15690 878 10552 786 6781 7572 1480 3310
15691 476 3195 5862
15692 1813 7109 8222 8299 10270
15693 62 2440 9837
15694 5069 7223 2373
15695 516 872 10191 10506 413
15696 210 379 871
15697 2873 792 2488
15698 9443 3397 4650
15699 624 407 2621 2894
15700 887 1185 7389 755 477 2154 6139
15701 10810 11824 11144 1185 498 373 8790
15702 1185 7545 5474 11742 1965 4192
15703 11678 11704 3334
15704 11704 3323 4620 8287
15705 2621 5642 937 526 8887
15706 2732 7457 5642
15707 10393 3586 10548 8181 4382 7001
15708 5642 9041 1464 1471
15709 5642 1295 10049 10510 486 6050
15710 5642 2260 132 126 142
15711 5642 10724 486 874 1483 8921 11414 9320 11439 7745 7919 2616
15712 5642 8299 1468 9468
15713 5642 122 1478 1465 1483 1479 7270 4199 11530 2941
15714 5642 3636 4502
15715 6258 5642 1295
15716 8874 7267 7274 122 1464
15717 1134 2359 4273 3757 10146 6184 2967
15718 11932 5010 10483 10516 10337
15719 453 5235 4636 7858
15720 937 5516 1548 11113 8320 10975
15721 2657 3951 10852
15722 7143 467 1162
15723 467 6205 2258 3092
15724 2435 1344 10917 467
15725 9854 7496 11258 538 1738 10909 8898
15726 319 7134 2811 8912 8480
15727 8453 2017 9039 403
15728 6007 5324 4345 11382
15729 786 7970 1295
15730 2583 3334 10355 9951
15731 7001 1519 4030
15732 184 1519 4030
15733 7906 786 6073 4168 4054 9934 8980
15734 1519 10482 3009 1150
15735 3005 3687 9717 1352 1519
15736 9070 1519 10875 1093
15737 11244 1519 2344
15738 1519 6183 352 3334 5363
15739 1519 2357 11129 2245 8556 7364 7365 7556
15740 6732 1519 7741
15741 2092 11002 1519 1861
15742 1519 11111 7388 1974 1944
15743 9185 2243 11288 5604
15744 887 2872 15 1876 423 618
15745 5521 4490 11280 8295 1441
15746 5521 6267 551 9659
15747 11280 7489 4249 2105 6037 4704 391
15748 2603 8961 8280
15749 2603 1694 1021 2058 1479 54 122
15750 3318 2977 8252
15751 3318 6299 1016 185 7767 1696 1163 3401 2594
15752 11846 5520 10785 9545 6331 579
15753 4067 3482 2154 2665 28 2288 1593 1084 31 6976 3964 3247 10833 3117 2945
15754 10066 8670 2820
15755 1156 1347 5986
15756 607 3575 3942 1348 333
15757 7861 1987 383 5855 1908 8604 11114
15758 8206 472 3469 1743 486
15759 8206 11910 3821
15760 2561 8206 1465
15761 8206 9539 9638 1089 2831 584 8588 7335 3802
15762 2258 2294 3265 911 8393
15763 4804 5481 6357
15764 10528 4620 475 2973 6183 891 2979 2019 5579 71
15765 5371 4282 2025 1792 2258
15766 2426 1792 9312
15767 2074 2141 4079 1407 5395 2684
15768 3410 2394 2132 365
15769 599 9732 8064
15770 7187 3713 7962
15771 10158 9457 9349 7073
15772 11768 1028 7095 11561 7694
15773 8533 11445 365 342 6377
15774 6465 5121 3498
15775 2190 3635 7529 2022 1137
15776 4182 8937 937
15777 3745 10253 9358 3030 6787
15778 1027 9109 641
15779 122 10516 3177 1465 2352 11469
15780 3177 5517 9948 3921 6174
15781 3177 122 1691
15782 3177 7076 534 9415
15783 3177 1464 3724 125
15784 9158 175 87 11135
15785 3170 1744 10221 9486 3816
15786 10803 10081 111 2704 657
15787 10589 9020 11533 11566 10374 123 11495 3829 7271 1556 10726 924 10400 10776 8250 10972 11056
15788 4492 7792 5394
15789 6688 7863 2685 10716 430 8193 8183 6649 18 7475
15790 9500 10820 2893
15791 5707 4901 1295
15792 1010 70 1238
15793 481 142 11091 9834 4901
15794 5908 1424 10685 10713 2530
15795 3482 3937 7583 8705 822
15796 8444 5455 4602
15797 10829 10629 6519 6835
15798 10629 6052 6088
15799 5957 3399 477 10629
15800 10629 2563 3410 8012 3057
15801 128 7529 5442 607 801 11784 3106 3987 6462 3434 257 10344 7326
15802 5442 2767 1113 186
15803 2031 10805 3041 10833 4196 5442
15804 4900 6308 9650
15805 6519 10954 7904 4900 4833 433 1520
15806 8484 5252 833 4900 9236 946 5037 3823
15807 1901 7767 7217 1491 8386
15808 10998 4412 6569
15809 11113 10255 398
15810 6896 4610 2899
15811 6638 5546 72
15812 2090 9911 10673
15813 7185 6823 1186
15814 4801 1273 844
15815 7192 10769 272 3368
15816 11312 1790 5491 7658
15817 8831 11129 3397 3104 54 9828 331
15818 878 10579 9096
15819 5625 2564 579 9971
15820 5625 4117 11354
15821 5625 5748 7453 5527 10843 4096 10763 5487
15822 5548 509 10354
15823 5548 7509 1188
15824 1192 6065 1752 6121 1328 7422 7438
15825 5077 11703 4683 11721 10041 1240 6121 551 3005 138 520 1192 11166 2607 10142 1729 7515 9318
15826 7333 3205 8192 2690 7406
15827 1588 1162 1163 2190 5618 1730
15828 8668 5843 3205
15829 5362 6204 3205
15830 3205 5219 8344 413 3565 1535
15831 3205 3629 3440
15832 3205 822 3260 946
15833 3809 493 263 3205 8971
15834 1747 3440 2710 8806 3107
15835 128 142 8521
15836 8711 683 2074 8768 682 5530
15837 5530 6819 9143
15838 5530 10763 5049
15839 8742 3267 480 946
15840 289 6112 9929 7760 4605 10557
15841 11346 7557 3586 7151 10085 4515 11744 9676 4513 10983 10868
15842 6037 289 10694 9416
15843 289 5014 1342 9375
15844 7460 18 289
15845 7412 289 4290 5626
15846 289 1829 2990 5722
15847 2662 5942 3875
15848 6896 7100 10831 12022
15849 6896 3398 872
15850 6896 5592 2240 1465 1479 7368
15851 6896 412 4027 3702
15852 6308 5323 8284 8692 7706 3630 5461
15853 3869 9805 2008 582 10 5012
15854 1228 1694 3184
15855 6769 10908 8587 3533 230 8022 8342 8639 450 3364 1501 1535 1138 5386
15856 4357 2860 1824
15857 7639 5059 1741
15858 4098 1134 9201 1621 3220 331 3688 3085 128 263 6462
15859 10834 4098 7412
15860 4098 7455 6779 7602 1094
15861 5531 1767 468 7455
15862 128 11406 468
15863 1406 3373 1323 11810 10170
15864 477 8156 481 5562 11473 2221 2455
15865 10930 433 468
15866 11719 9321 468
15867 468 7453 11760
15868 1124 6361 1301 468 10897 7455 1655 918
15869 9118 1145 6007 2557 1194 8928 8359
15870 7793 9580 9118
15871 5231 9118 4117
15872 5136 3187 1895
15873 4988 10500 7078
15874 2025 5748 194 97
15875 5364 5323 3708
15876 1048 6930 3271 3743 551 1014 1049 10791
15877 7171 3042 8951 10177 1901 5488 919 1736
15878 2370 1344 1328 2607 4437 2105
15879 6101 2370 1114 3240 2162 705 2164 3245 3244 9861 3135 1884 1886 860
15880 5771 5772 377
15881 3334 10443 5939 6544 1295
15882 6158 4041 10443 9296
15883 2371 2433 4276 1509 10438 290
15884 1028 2371 1020 5479 1032
15885 3058 2371 2372 2437 5141
15886 11166 9641 3798 285 11394 326 128
15887 9641 7806 3195 9214
15888 1973 4683 3214
15889 8930 8204 8180
15890 4951 3020 4150
15891 2241 1949 4440
15892 4474 5417 6805
15893 1134 7388 514
15894 7940 2375 10365
15895 1134 1762 8959
15896 1134 11844 5987 1137 801
15897 1134 1743 413 2050 7144 929 1469
15898 7861 1134 11049
15899 1870 2513 778 1134 268 328 7134 7573
15900 2186 1134 2008
15901 1134 3032 927
15902 4 2750 6612 9 5696 1134 2518 770 2204 2258 618 2477 6803 698 2118 2170
15903 7460 1162 1133 2449 5123 1134
15904 9485 1134 10638 3802 9854
15905 1134 190 9232 3721 2241 432 7232
15906 2190 1134 1972
15907 10153 1134 3469 2454
15908 7441 477 1134
15909 1134 1295 3693 1355 6012 5767
15910 5432 1134 185
15911 5214 3720 1134 1026
15912 70 676 10138 1928 1134
15913 1134 1160 2245
15914 1134 1217 1661
15915 3053 1134 5464
15916 1136 1134 6272 10491
15917 10054 8295 1579
15918 9470 1194 1134 235
15919 1134 937 5862 8112
15920 7611 10156 4605 11850
15921 5088 1134 3262
15922 1134 3407 6432
15923 590 361 11737
15924 10122 1192 9400 2422 5180 1397 1696 1535 5258 8321
15925 1248 352 783
15926 1962 6227 252 990
15927 888 4805 1248 919
15928 1248 472 142
15929 1248 2621 352
15930 3091 7447 3198
15931 3091 7447 264
15932 843 3613 551
15933 70 9030 7857 820 3060
15934 3060 2767 2768 83 8153 6547
15935 1228 1694 10254 3060
15936 7293 275 909
15937 2518 3488 10438
15938 1387 1556 11731 5552
15939 5552 5026 194
15940 1977 1058 11747
15941 5552 937 528
15942 5858 4037 8667 2395 2193 2454
15943 11774 3029 8717 5120 10696
15944 4 4892 7716 1048
15945 3930 844 281
15946 2665 1598 4766 4505
15947 5927 3769 12053 142 4195
15948 2242 10673 351 5927 2865 1465 323
15949 5213 5927 6158 8419 4096 321 7928
15950 10744 3301 122 1483 4819 9137 9862 1465
15951 9322 3000 1798 848 5927
15952 11386 8076 5927 4006 2557
15953 3743 8076 5927 7839 7144
15954 3490 5927 6758 8076 6508 937 4290
15955 5714 10235 345 4704 7581 317 10749
15956 3825 2419 3386 2099 8413 2420
15957 4096 316 7615 5010
15958 4534 8333 4015 4541 11839
15959 9344 5809 11235
15960 9344 3043 11834 3272
15961 9344 783 8260 2368 2258 2157 2118 5282 2760 3244 2209
15962 7453 547 4920
15963 2011 2199 1022
15964 5487 4571 2998 11923 7837 1798
15965 1870 20 6101 4120 1114 2478 2113 21 2472 2525 8168 31 842 2400 2403 3962 2884 433 5992 2534
15966 743 5573 2359
15967 813 814 5391 2568
15968 417 4565 10409 102 477
15969 3745 5474 230 912
15970 1212 2503 317 1752 11608 230
15971 230 7767 1133
15972 743 7767 8333 230 4999
15973 230 10965 8201
15974 4528 1466 230
15975 10530 230 2625
15976 10507 230 157
15977 3096 10659 3243 252 1352 5189 10226 487 230 1907 193 10699 4386 8128 913 2596 1479 5658
15978 230 10035 1928 681 2455 232 5438 8288
15979 414 9719 5740
15980 3408 4863 3362
15981 4863 7001 8130 266
15982 4863 10 3090
15983 3655 9146 580
15984 579 580 11182
15985 11599 592 2564 11038
15986 4122 2564 6685 1736 9967
15987 5118 2897 10141 579 9590
15988 579 5797 5520 11568 11393
15989 579 5585 786
15990 5594 10910 2437
15991 588 1737 3012 4788 1406
15992 8399 2496 4573 1152 4884 2901 3550
15993 4884 11036 7529 3096
15994 609 3574 9041 9189 3772
15995 738 4654 3065 2596 3933 3317 10
15996 11502 622 4819 2542
15997 5586 11914 5931 6294 393
15998 6403 4080 6936 3893
15999 9446 2939 1167 11664 8343
16000 794 97 271 3390
16001 3481 3951 4356
16002 5229 6220 3638 2513 2575 4173
16003 157 3202 2625 1287
16004 4163 4380 2820 5696
16005 3044 9347 4872 4626 4257 8474
16006 3482 5098 2258 3386 703 4344 6352 9326 2397 5100 5104
16007 4831 4344 3440 2461 10232
16008 4344 3586 7611
16009 5815 1704 331
16010 2084 6299 2187 2260 181
16011 6299 2449 874 1216 3085 338
16012 4552 1212 4065 844 6299
16013 157 11722 6299 937 5197 5605 1165 5256
16014 6299 1311 5717 2450
16015 8936 5626 2941 8191 10755 1479 239 2386 6299 2454
16016 6299 2190 5949
16017 6299 2416 1730
16018 10329 11953 7919 127 10515 7512 126 11774
16019 2504 2930 11232
16020 8572 9647 11212 11523 9273
16021 4080 4450 1704 8572 9080 3572 683 11081 57 11598
16022 8572 3398 8615
16023 352 2768 475 8847 7620 898
16024 162 2134 5058
16025 5365 464 92 2573
16026 7866 7041 1798
16027 10073 10074 10077
16028 9381 84 5832
16029 5466 7664 2095 1227
16030 5770 1078 2190
16031 1273 3912 9065
16032 1585 4123 2477 2481 7236 1599 2394 1615 9065 1483
16033 937 3195 3218 1464 1754 1478
16034 120 7623 3085 11166
16035 11315 8216 5796 120
16036 1745 7018 1778
16037 11348 8749 1753 1745
16038 8606 588 3835 3961
16039 1745 3605 920 913 5057 5317 54 7796 907
16040 589 1738 5489 1745 590 1644
16041 10971 4988 11794 2085 9185
16042 597 1163 3643 2024 11588 263 5551
16043 9726 1874 655 212 1415 3057 8506 597 869 3453 8978
16044 8693 1941 2337 597 1415 3698
16045 597 4503 2190
16046 655 3835 597 7302 3451
16047 597 11792 9271
16048 4054 5385 597 4196
16049 597 4784 1729
16050 1160 2449 597
16051 597 4938 2506
16052 655 11320 10653 8693
16053 7646 10001 597 11792
16054 9534 8948 4999 6020 6375 1015
16055 2268 11792 1978 8668 597
16056 9453 597 1228
16057 11620 7192 8668 597 5720 10010
16058 8070 3329 194 6057 597 5441
16059 597 11792 6519 10954
16060 597 420 1696 2277 6766 2601 10969 11099 7541
16061 2749 1982 887 2872 2017 2873 7 1858 1861 2257 786 703 2113 2522 1885 2671 2320 10406
16062 2749 887 1819 2129 2750 10 2109 3076 2257 6634 5116 3481 22 2755 2479 616 2157 1114 6139 3095 2588 6650 2116 5100 6810 6902 4349 2118
16063 2749 887 2017 4862 1864 2340 1592
16064 2749 887 4698 1084 4978 3095 6650 2483 6902 2525 2666 3961 2886 2532 2407 2169
16065 2749 887 0 2126 2396
16066 2749 1819 0 2129 2108 3998 2109 3076 2876 9561 2877 2285 74 2206 2489 5100 2397 6810 2555 4893 5104 1824 2408
16067 2749 1819 701 4063 4355 2163 2115 2262 706
16068 2749 0 2129 4862 1858 2109 3076 14 74 2285 5100 2555
16069 2749 2017 701 10 1114 28 911 2666
16070 2749 2017 3683 1080 703 1597
16071 2749 887 1819 7358 2873 4862 2331 2284 1598 2522 3900 3396 7349 8165 2304 35 11650 4632 3262 10620 2836
16072 2749 1818 2110
16073 2749 887 2017 2750 3998 9 10 3074
16074 2749 2017 0 5116 1 1596 6665 3959 705 4071 2263
16075 2749 1818 0 2750 2206 1592 1591 2285 2482 2398 2293 2555 2116 2117 5104
16076 2749 4862 2257 5696 22 765 3488 2484 2485 5955 2295 2488 705 1499 6976 1618
16077 1818 887 701 4354 2979 2913 2105 911 9021 2295
16078 1342 5779 905 2607 2260 4467 6108 1080 1146 1191 4654
16079 4116 1407 1738 5443
16080 3075 9082 2148 10070 8501
16081 7267 2611 122 128 130
16082 2217 2672 7607
16083 5655 3265 160 10560
16084 2330 7313 1876 5116 3482 6101 3489 2322 3242 2855 2534
16085 6313 2330 4371 9662
16086 176 6067 8212 898 2330 607
16087 2330 6568 4379
16088 2330 946 4350
16089 8761 11079 6089
16090 413 690 615 3539
16091 5640 4796 8226
16092 5511 8437 4458 1913 1152
16093 2992 8437 10895 3901
16094 9630 9531 7638
16095 4928 1916 8437
16096 8092 2126 13 1585 4250 1590 2665 2478 2395 3240 6760
16097 1982 11 22 4124 4978 698 3242 5241 2008
16098 1982 887 1819 4862 3998 9 10 13
16099 1982 2872 4862 8092 1858 3076 1864 2877 4069 1114 2113 1822 4630 2529 2492 3115
16100 2872 1982 2645 1858 2109 3076 3482 4120 2154 2480 1590 6101 28 2113 2157 4124 704 4994 2284 943 2289 1594 2392 99 705 2163 2404 2555 2262 4996 4504 2302 4251 4997 43 3115 3245 3244 3137 1609 6199 2168 2121 1886 4843 855 3246 3140 50 2316 2309 4125 2536 4721 1613 2319 1887 1628 8289 2172 2327 862
16101 887 1982 10 4354 13 22 4355 8168 2118 3245
16102 1982 1818 887 2017 6 10
16103 6863 1982 0 4862 2109 2257 770 2813 6352 1589 616 4187 2287 2291 1600 706 4893 994 9861 8261 4126
16104 1982 1819 2081 9637 705
16105 1982 887 1864 2485 3243 4251 2123
16106 1982 2017 4501 4067 3482 1588 4502 3493 8059 2855 8854 2552 1884 3246 2318 2319
16107 1982 0 1858 701 2109 1861 4354 1864 1876 374 2295 2487 2488 4190 6102
16108 2257 1600 3959
16109 432 2398 4908 2526 2401 2305 2522 3508 8670 2084 7317 3520 2538
16110 8670 212 278 5411
16111 11154 4503 9231 2047 8773
16112 9129 10956 6680
16113 628 232 10310 272
16114 1137 10550 6633 1942 1661 7936 4326 5246 3203
16115 7061 31 3095 1603 1604
16116 153 6686 590
16117 786 1295 1238 2621 869 1310 4086 617 1091 7093 10683 1696 1204
16118 11846 5354 9822 2912
16119 4861 1641 5344 5507 1797 92 8401
16120 10402 9020 9867 5409 10553
16121 516 1449 5409
16122 2041 6313 10021 1730 3455 10507 5409 9405 1164 2003
16123 2560 4646 2084 9420
16124 194 1076 786 4646
16125 4646 10530 72
16126 4646 2274 4830
16127 220 3475 4646 6808
16128 8621 4646 9375
16129 1028 8892 216 9396
16130 10054 3329 5070
16131 10054 3329 6407
16132 7288 10054 3126 6043 2188
16133 1757 10138 1295
16134 2817 1295 2017
16135 11350 7348 1295 1922 2835 2239 7120 11054 7118 6221 2262 4823 8705 4198 7121 4203 4074 7119 7322 52 11755 2837 11694
16136 1295 1001 1338 7144 551 6740 1547
16137 516 1295 2453 869 1983
16138 137 1977 1295 2141 3093
16139 138 3114 7409 11165
16140 1295 6341 8338 3984 2851 1815
16141 1295 6010 6011
16142 2982 5562 1295 71 9052
16143 1295 937 929 2922 4017 1338
16144 1295 551 7579 1480 11543 10223
16145 1295 3376 551
16146 1295 9184 3438
16147 1295 8698 191 7202
16148 1295 551 1483
16149 1379 11677 8687 1752 1137 1527 1295 551 1079 898
16150 1295 10071 3469 899
16151 2221 3256 3138 7244 11730 7449 912 8528 9212 1743 10908 333 2158 10487 189 1295 2454 331 338 204 188
16152 210 5942 1295 2238 2191
16153 10917 1295 3553
16154 481 139 1295 3195
16155 7628 275 2025
16156 1212 7184 3833 1295
16157 4926 7489 869
16158 1295 937 1124 3453
16159 1295 5881 12022 8064
16160 588 1295 5476 7181 7148 1493
16161 5919 7206 3497 1295 1458
16162 1295 3551 361
16163 1295 9443 2345
16164 1295 6014 3585 2893 10811 3028
16165 943 1295 2664 5988
16166 18 2745 10560 4443
16167 4406 1295 10919 8414
16168 1783 365 8023
16169 874 1447 9717 7528
16170 1295 842 3946 5241 4520 2952
16171 6505 1295 3195 231 1171 6035 298 624 3085 487 896
16172 1295 1778 6942
16173 365 1150 1295 5618
16174 5855 1295 2359
16175 8281 6823 1295 8944 10362
16176 4967 1295 4838
16177 6155 3833 5811 122 1465 125 2740 352 905 780
16178 3075 266 7624
16179 10829 11536 2500
16180 1050 3299 2025 1655 3391 2513 8775
16181 1050 1322 3990
16182 444 1050 9019
16183 480 1481 126 3767 5626 8795 11370 1050 10893
16184 773 3937 1050
16185 1536 2221 8186 5256 2939 9296 7449 4560 10410
16186 8466 157 485
16187 8466 2829 5074 9470
16188 6735 2150 5774 5229
16189 6845 8048 8414 2076
16190 168 11482 5154 5805
16191 7824 1350 6168
16192 2089 11992 655
16193 10545 4819 10131 9794 9104 10261
16194 1391 10789 7705
16195 1391 3494 1590 2394 2299
16196 10206 11670 1711
16197 486 5448 687 4086 1391 5241 59
16198 11912 387 1001 118
16199 5915 1391 111 6850
16200 1778 10436 6545 1704 2425 455 17
16201 1391 6544 3465
16202 138 5008 10370 3649 10854
16203 2088 3649 937 3408
16204 1382 9021 2190
16205 1947 1949 9251
16206 2474 1585 6969 4502 4187 2298 2403 706 5282 1611 1823 3137 3247 2214
16207 2474 4064 3129 4067 1585 2518 6101 2113 2292 2588 2488 2397 4709 2302 6178 4722 2213
16208 2474 1137 18 656 1866
16209 2645 2474 3076 770 1877 2258 21 2205 5715 36 705 3095 4187 2117 2116 44 2532 2307 1885 6193 1629 1613
16210 8371 2474 1864 786 20 1588 1590 4696 2118 2117 1499 197 9340 3115 853 2170
16211 2474 14 1585 1114 1600 2488 705 5100 3960
16212 2474 6667 10082
16213 2474 8957 2482
16214 8092 2474 11 2647 1866
16215 2474 1821 2109 1861 3683 1868 786 2476 20 21 2261 6970 5550 853
16216 7 2474 1585
16217 2750 2474 701
16218 2474 10 6011 3076 2518 22 2755 1114 9522 2157 2262 6179 2492 1884 2836 9626 9724
16219 3292 2190 5453
16220 11155 9048 1101
16221 3195 1101 4751
16222 1101 3897 8487 9619
16223 11818 760 10505 3218 2086
16224 3261 1163 3032
16225 2092 3743 1024
16226 194 4112 3454 2092
16227 2092 11377 3321
16228 1818 1861 477 1868 2879 2883 1559
16229 1818 2872 887 2017 2750 4862 1821 10 11 701 4354 6205 4501 2105 20 22 6352 2665 4124 6139 911 7236 6665 1822 698 705 2887 6178 2534 4722 1627
16230 1818 1858 1864 6476 2552 43
16231 1818 2872 1821 11
16232 1818 4 10 2110
16233 1818 1861 4354
16234 1818 1821 2647 2110 4354 3076 1137 2518 5942 5116
16235 1818 1821 2647 2110 4354 1861 9892 2755 7339 2293 2397 1618 1617 2210 855
16236 1818 6352 2118 9112
16237 1818 1821 4501 786 2755 2288 8168 2293 2398 2555
16238 2908 7202 7642
16239 1520 607 5683 18
16240 1520 481 1655 888
16241 128 2906 1988 1379 2085 1754
16242 2906 3741 1551 937 4290 266
16243 3108 2273 2454 4392 2450 311 871 1536 3469 788
16244 1384 2273 3745
16245 301 3170 362 4192 4840 155 8503 2273 551 1974 7006 929 103 9362
16246 9832 10251 10981
16247 1988 326 8668
16248 5146 322 8527
16249 7725 3868 10889
16250 887 4069 2487 2295 2118 2168 852 853
16251 887 2017 11 10 1861 4354 15 22 433 6178 1611
16252 3536 887 2872
16253 887 2017 2750 28 4698
16254 887 1819 1 2750 1821 2108 4354 2111 15
16255 1819 887 0 1861 2756
16256 4120 887 7812
16257 887 11130 2509
16258 887 2110 734 4124 6139
16259 945 10606 10945 7559
16260 946 1697 8948 945 3265 6556
16261 1654 3032 775 945
16262 1451 10510 3469 11869 872 1928 8115 333 11906 1008 1009
16263 2230 1094 929 413
16264 8136 2230 2596 929
16265 2260 2190 2866
16266 406 2260 2239 4802
16267 2260 872 1212 5946
16268 743 2260 157 878 10774 1164 7253
16269 2268 1443 5988 7919 486 7744 324
16270 1080 3833 7204 6226
16271 3021 1974 4854
16272 7245 6908 276
16273 4 11846 6568
16274 7859 2394 2255
16275 9740 5009 509 8296 7169 10430 3315 4811
16276 365 4829 352
16277 9228 6578 190
16278 873 4752 3485
16279 6578 2454 10276 3362 2421
16280 102 6169 2866
16281 3028 931 871 738 4691 4120
16282 262 11920 7222
16283 7188 9860 2699 2710 4065
16284 1980 5690 3169
16285 11688 3357 4006 7024 11382
16286 3113 4668 8387 3208 7403 4828 3424
16287 8387 1525 5232 9963 5400
16288 1972 7918 5898 2033 1216 6759 3195 12051
16289 6035 4255 2549 11910 1328
16290 1972 480 7160
16291 1972 1407 1729 111 6492 1098
16292 341 1972 1976
16293 1972 3683 7513 1137 4192
16294 1972 11912 2982
16295 3203 1972 5564 3323
16296 1972 1020 8950 5785 8918
16297 4130 4411 588 470 6492
16298 1972 8349 487 4578 3769
16299 9074 392 4284
16300 9074 724 6492
16301 9074 9331 2585 3309 7988 7537 4089 7076 3163 779 3402
16302 551 2496 1585 5356
16303 8356 9714 8201 128 3987
16304 10262 5412 10224 9181
16305 11107 7173 937
16306 6968 1326 7710
16307 3408 157 122 3065 9471 10483
16308 9025 2629 3084 6919 2190
16309 352 3351 10047
16310 352 3082 181
16311 10700 522 1487
16312 8639 2017 1861 232 450 352
16313 2949 352 835
16314 565 11589 352
16315 4207 285 551 7604 621 3678 5213 7793 352 2025 8675
16316 352 10 18 704 36 2290 6196
16317 2565 639 3584 352
16318 606 352 4752 3350
16319 9515 5855 4417 5832 8413
16320 3323 5070 187 8355
16321 9483 4533 4050 35 3867 7618 6927
16322 5803 5620 9081
16323 1908 9923 9082
16324 11149 5077 5919
16325 3334 2057 7034 7149
16326 2907 3199 3461
16327 2238 9366 651 2625 1485 937 1483 3334
16328 8146 3334 6297 4602 1994 2044 1805
16329 12 3334 1145
16330 4006 2557 72
16331 2513 3334 6501 6473 7913 276
16332 6997 3334 7530 3390 10958
16333 3334 5430 937
16334 3334 2363 3175
16335 7394 3334 1743 193 3362 157 2454 278 311 2738 909
16336 11634 3268 1465 10441
16337 10857 5115 8454
16338 3334 8805 11913
16339 321 6470 9295
16340 3334 194 1195
16341 3334 2336 10167
16342 3419 8681 3334 3198
16343 827 3334 5244 6571 2985 96 838
16344 428 3334 294
16345 484 4070 142 3334
16346 3334 11854 11855 8625
16347 2893 2719 10139 1916 3334 4637 11737 10479
16348 10046 483 1002 9200 686 10528 10331
16349 5220 5303 10528 551
16350 9830 57 2094 3196
16351 5496 1797 4923 1965 194 96
16352 4923 9799 8554 163 3978
16353 4923 9322 967 4704 194 3448 1797 7870 1407
16354 1379 446 5277
16355 7664 1655 4923 5479 3038 4390 2575
16356 2573 1797 259
16357 6930 3647 2573
16358 7873 272 1797
16359 1797 8169 3180
16360 3393 5229 1797
16361 6985 905 2939 2618 5059 5245 3104 4086
16362 11382 11522 11445
16363 11382 6007 7510
16364 2607 8604 5855 11382 9368
16365 10611 9876 11622 1481 64 12056 10299 7375 1483 7263 11834 4199 63 11415 9128 4618 11612
16366 3833 5060 3109 3648 10759 54
16367 9679 1874 1022 8477 10759 10013
16368 1487 3984 7674
16369 11306 374 481 10511
16370 11306 6621 374
16371 2685 11823 4103
16372 2685 9028 9760 11793 8043
16373 4140 2522 2190
16374 2085 6766 4819 10672 1465 7860
16375 11981 10394 2242 1483 937 1554 6977 5516 5514 10874 11932 9646 1465 12031 5093 10569 5600 7269 1556
16376 1115 3304 5712 8230 2148 1164
16377 8001 11972 11015 7268
16378 7583 486 10731 2618 10499
16379 3008 581 18 1464 1471 2901 1479 10452
16380 10098 3008 9645 3301
16381 3008 646 1464 10394 9574 1479
16382 3027 10985 3008 1192 10774 11986 1663 123 3292 8889
16383 3008 10648 9161 11962 4199 11634 128 123 11413 8556 4621 1191 687 11836 11665 5828 624
16384 3008 9185 10570
16385 8556 4160 10002 3008 1214
16386 63 61 3008 2594 122 8448 3043
16387 3008 9769 7267
16388 3008 9184 4607
16389 7629 7630 2513 1979 1873 3187
16390 395 11462 9244 9544 11283
16391 11732 11592 8666 11173
16392 4717 5216 5217
16393 6825 551 6855 6682 10112
16394 3835 6825 11650 5997 212 5999 6802 6633
16395 3594 869 232 9495
16396 454 7987 3185
16397 3413 1804 1309
16398 7988 9084 1476 4427 934 10484 9380 11973 10409 9197
16399 523 11225 441
16400 273 677 8963
16401 9201 3869 1341 3585 2690
16402 10292 795 2254
16403 477 12053 1585 472 4255 326
16404 2257 3488 6207 2394 705 4190 35
16405 1286 2238 1326 3313 3093
16406 6886 471 3301
16407 1389 983 973 1453 717 3814 2852 1232
16408 6113 973 3771
16409 973 4152 4819 2085 2243 10939 6112
16410 973 6695 10425 1347 9216 8685
16411 973 8068 4235
16412 2460 7862 973
16413 973 607 486 2244 10734 1744
16414 4136 4142 11569 8257
16415 11569 11570 1648 3106 11802 7418
16416 7776 1040 1130
16417 580 3254 1400 11049
16418 984 414 7545
16419 1621 871 1216 5241 5862
16420 4767 1621 350
16421 9437 6566 1163 3571 257 65 11084
16422 4287 2245 1216
16423 944 2085 4251 70
16424 9721 2258 2274 6803 4893 2532 9396 2171
16425 5267 5938 290 5711 7003
16426 9392 1141 7003 4906 3126
16427 278 11784 7470
16428 10354 553 10376
16429 2017 6067 3818
16430 2017 4534 2631 5932
16431 4306 738 2017
16432 2017 551 9605
16433 7143 3636 8745 3575 10846 7835 102 2017 2204 2893 4096 6733 235 2544
16434 2017 2190 4287 7463 3047
16435 624 2017 3393 551 2573 1006 2575 2594 2621 899 10100 4617 3469
16436 486 2017 7753
16437 2017 4975 1076
16438 2017 10 2647 2110 1588 2258 2117 1609 2888 6972
16439 2017 2257 2112
16440 8852 208 2426 354 2017 478 243 2142
16441 2017 8877 11020
16442 8535 9815 4300 361 5490
16443 2017 1858 2257 1137
16444 2017 10295 5881
16445 1137 2017 551
16446 1094 3081 2454 7651
16447 2464 471 522
16448 3904 2017 2922
16449 3940 3469 4256 3111 310
16450 2017 2426 7113
16451 2017 1822 6902 6650 4978 4698 1597 1593 2395 1591 7340 2588 832 2486 2160 916 2295 2488 2274 2292 2290 1600 1604 1603 2403 2117 2118 2886 3110 3137 1615 2122 1610 2324 1609 2208 1617 1618 2123 1619 1616 2211 1611 1883 3968 2325 8261 2860 3520 2215 3246 2214 4126 4357 1614
16452 3536 2017 7587
16453 2017 1594 1084 2295 2292 1601 33 1603 1604 2116 2404 2403 2164 2117 2118 2401 43 197 2668 2207 2324 1606 4073 853 2315 1617 2313 2314 6928 1616 2121 1619 1611 4635 4725 3968 3137 7317 1612 2321 3246 4309 4310 2673 2214 2215 4727 4731 4311 1887
16454 11764 9958 3818 8376 272 2017 1137
16455 2017 2072 11857 11926 9934 4206 2537 4739 4738 11892 5551 10873 11874 4203 11151 11876 11879 12057 11978 12058 12059 12060 7320 11885 11883 2308 3644 2531 11886 11934 12061 12062 11893 4359 11890 11888 11862 11863 11864 4745 7323 11786 9731 11861 11366 9772 9819 11899 11902
16456 509 5010 3202
16457 3809 10940 509
16458 9068 8675 5091 8374 11555
16459 2134 3809 3977 3764 1988 8033
16460 10138 2621 4513 7924
16461 7924 4972 5050
16462 2249 4456 11050
16463 3751 6682 4792 4456
16464 4456 9075 1094
16465 12004 71 3035 417 2464 6336 264 7563 6286 6462 3475 7123 132 324 7914 9435
16466 1879 2487 4995 6520
16467 10124 8332 631
16468 369 6947 1196
16469 11418 3161 8930
16470 369 3567 11170 1470 4320 8890 3278 11167 5390 4386 822 1161 3364
16471 369 2628 365 4748 1770
16472 7253 1798 7072 6967
16473 7627 3973 9608
16474 1483 1209 123 7627 3101 905 58 1212 7069
16475 3305 9297 3774 4704 7627 7191 912 1170
16476 7627 2630 11156
16477 5377 2231 290
16478 11401 5121 2231 3342
16479 11008 8828 11394 2231 2865
16480 1285 2657 1487 72 3111
16481 573 9450 3660
16482 9735 3889 7622 8045
16483 1194 7194 8029 4598 3646 10614 7566 11992
16484 7566 8976 185 72 122 11622 8448 1465
16485 7566 7585 7760 8447 7563 11718 11276 1481 123
16486 7566 4158 7558
16487 7566 4512 7151 3043
16488 123 7878 11733 8609 7566
16489 6372 361 1478 1471 10330 9881 131 5959
16490 7566 7611 4158
16491 1274 7622 2956 5464 5429 7240 1908 8604 1929 7910
16492 7910 2359 7147 7146 1953 4443 7167
16493 8300 7288 10117 10282
16494 607 1983 7457 11497 2941 8191 8641 122 2242
16495 2141 243 4173 3265 7246 8313 8641 383 4957
16496 10634 6479 551
16497 10369 3266 3501
16498 1754 9086 1829 9769
16499 1450 2893 9001 97 102 5890
16500 9181 1450 5816 412 7732 11556 11469 1545
16501 1450 122 1483 5197 4181
16502 1450 4819 10402
16503 1450 208 929
16504 937 2417 1483
16505 2243 10672 1450 7257 8732 2085 3049 1556
16506 8776 2415 11476 11510 2934
16507 10258 133 3198
16508 2717 3882 10524 5325 128
16509 7029 4840 551 6462 472 1165 4829
16510 1469 7070 11654 11097 6740 361 1170
16511 6826 8448 125 4199 11497 2185
16512 7004 10148 5073
16513 2893 7471 8201
16514 4828 1407 2893
16515 2893 7609 7138
16516 607 187 5087 333 1697 4386 4324 1535 1165 11640 946 10264
16517 3329 88 4565 8735 8536 4452 5253 160 7587 2893
16518 2893 3636 607 1162 263
16519 11825 11582 11583 11584 10445 7935 240 11017 2893
16520 2893 361 3942
16521 9260 1192 2893
16522 2893 8978 2044 9606 8173
16523 3834 9471 361 3636 2893 333 2618 6462
16524 8704 10846 3170 2893 10969 5348 2449 7705 11227 6549 420 2601 9920 1163 10600 3269 11490 3277 4385 1162 3257 11338 1503 1527 3116 3564 3275
16525 3948 6687 10752 255
16526 5393 551 122
16527 5816 1895 4434
16528 510 6685 4400 5652 452
16529 760 3407 7228 275
16530 2105 1287 4069 2258 4124 2206 1084 1822 2118 5282 5319 4073 6972 856 858 3249 2671 9724
16531 3567 3317 1757 7407 3834 4654 1216 3261 7070 139 263 912 7014 8185
16532 2456 9385 9516 10853 480 6939 5437 3044 2402 5912 455 3107
16533 10511 4406 4255 4908
16534 10582 989 10586 3308
16535 8585 8142 9528
16536 2358 2357 6901 6900 8736
16537 4511 10651 2148 646 3820 8230 1896 3301 4513 10588
16538 1741 1950 9679 8888 9908 2359
16539 9637 10670 9616
16540 5 700 6 9 3074 1114 5556 2158 2484 2286 2287 706 2293 2758
16541 10079 551 6808 9705
16542 10079 4467 4114 2032 3410 590 8520
16543 10079 2624 6492
16544 1098 10079 10932 7390
16545 10079 616 618 10236 7563 278
16546 10079 724 6779 10112
16547 8541 3600 878 5564
16548 9530 3600 7367 8448 10444
16549 5951 3600 1216
16550 3600 9237 8732 11534
16551 3600 86 5186 11605 11216 4511 122
16552 3600 780 217 3019 783
16553 631 2085 3600
16554 3600 4988 299 4022
16555 3600 9992 5585
16556 937 957 7655 3600
16557 3600 2085 2087 7612
16558 3600 10398 5605 5600 631
16559 3600 11359 10396 11736 11361 3049
16560 2240 7261 6483 3793 10388 7946 9666 10391 9415 10643 10673 3600 12038 11458
16561 3600 6372 9666
16562 937 6987 3600 231 3452
16563 7946 3600 11802 7563 11622 11736 6866 8417
16564 3600 2423 937 9633
16565 3600 6372 1556 3164
16566 3600 3148 122 7612
16567 783 3019 11739
16568 157 317 5804
16569 871 4962 10192 18 9447 2423
16570 5701 4624 7136
16571 2905 5192 5701 448
16572 484 2510 2539
16573 11038 10088 2510
16574 4067 2510 2084 6140 2262 706 2532 197 5133 4997 6102 2100 1559 1613 1614 3975
16575 1234 6126 1585 9913
16576 2461 278 266
16577 10912 590 9968 10841
16578 2305 9576 8443 9234
16579 9427 10788 11220 6018
16580 7457 185 2355 8872
16581 10129 4606 8070 4495 1551 10402
16582 5306 8759 4859
16583 5842 3453 550
16584 10810 607 1019
16585 5 12 5696 14 9561 3129 2518 7558 3536 2854 4379 2448 11151
16586 11593 5316 1290 9774
16587 4233 409 5214
16588 361 4778 1509
16589 4638 9973 3902 8315
16590 8265 2030 6263 2593 2450 1914 4006 6577 5275
16591 2365 4889 6348
16592 2365 843 2154 3092 6971 3511
16593 5816 325 321 3170
16594 5816 5543 1479 11954 8557 5603 7585 3365 10527 5093 4595 7266
16595 5816 1211 1465 480 3049 2865
16596 6833 5816 878
16597 10175 1630 3366 8553
16598 5135 852 2170 6355
16599 4192 10175 4917
16600 1554 7760 8180 11457 1220 11744 4515
16601 8180 1194 8204
16602 7196 9929 4513 8180
16603 6899 7382 6865 3527 333 8422 1247
16604 4606 8221 4604 11560 9900 5198 5607 7366 9868
16605 10001 11556 7367
16606 1180 8024 5818 10920
16607 16 431 9518
16608 3989 168 3198 1191 1189 17 1458
16609 3834 3482 2252 40 1286
16610 9190 1867 2754 4424
16611 6112 7153 4339 1218 6113
16612 628 1216 3258 5512
16613 1424 6165 486
16614 7590 10363 8222
16615 2249 2496 3803
16616 6174 10630 11966 5202 2935 10613 6981
16617 7603 2570 4862 1858 11
16618 3575 1410 234 1188 118 989 3793 7948
16619 11499 10609 5197 2245 8931
16620 3010 4096 3984 11984
16621 5389 10702 6224
16622 1082 9079 3784
16623 10395 8260 2417 4919
16624 743 5998 8526
16625 6830 8781 4812 2485 2396 2298 1601 2115 1603 1604 2409 3967 3965 1619 1611 1610 1615 1616 3966 2122 2671 2213 2214
16626 5404 5405 550
16627 3184 551 550
16628 550 5935 7195 8074
16629 550 1218 9164 3301
16630 550 1080 4816
16631 5820 5195 18 550
16632 550 9019 10378
16633 550 285 7522 4380
16634 550 4222 11377 7909
16635 3868 3796 4816 3768
16636 2380 9181 6396 4219 8710
16637 101 9655 3124 83
16638 3124 869 4080 9822
16639 5566 3124 2084
16640 11908 3557 2379 3124
16641 4102 2454 326 9186
16642 4957 493 5493 5010
16643 5808 168 792 10186 317
16644 2332 20 2479 2113 2480
16645 6908 4620 2754 268
16646 937 4490 1098
16647 6056 5114 6307
16648 116 2621 405 11816
16649 3776 4511 11414 4512 321 61 6532
16650 620 1754 1465 1479
16651 9470 630 10982 7095 3776
16652 4511 10100 8050
16653 8050 145 176 10229
16654 8050 1094 3012
16655 8050 2632 6492 4222 4253
16656 5567 1882 8050
16657 8242 11431 1483
16658 6680 279 8050 551 383 5618
16659 1598 2300 9284
16660 7377 869 571 1179
16661 8058 2426 7377
16662 9438 6554 2619 6058 4952
16663 606 831 5020 3469
16664 1660 7378 338 9212 6374
16665 70 3080 98 7822
16666 639 70 2190
16667 70 2922 869 3118
16668 70 5582 898 570 5946 912
16669 70 281 871 1442
16670 1152 266 7078
16671 70 7587 7242 4819 780 8693 927 7326
16672 7765 7839 70
16673 184 486 70 2621 1403 7793 157 52 6446
16674 1088 7154 70
16675 3028 6640 70 2607
16676 2750 7 2647 1861 1585 4123 20 3489 2261 2881 480 70 743 197 853 855
16677 70 11819 263 2594 6740 3032 9232
16678 70 4381 1221 3469
16679 12022 3469 266 2732 1938 1008 3084 2190 7351 1168 70
16680 70 278 874
16681 3951 70 1403 72 317 2254 11613
16682 6930 9235 1132
16683 3951 9439 7969
16684 10555 48 2181
16685 2102 285 2190 5474
16686 2258 2925 10088
16687 2921 3129 4120 5116 4069 4257 4994 3092 3240 3242 2282 3224 1499 1881 4635 2169
16688 361 2190 3224 1501 3827
16689 1150 4840 871 107 1419
16690 7851 5322 8600 1419 6517 11117
16691 8519 11196 11372
16692 10360 11625 10274
16693 2865 11449 11904 484
16694 516 2453 464 3362
16695 520 6493 2453 5195
16696 6987 11801 6412
16697 2453 4589 11653
16698 3453 2453 2595
16699 6233 2416 1544 4819 7988 5517 11543 8257 4488 2453
16700 2130 1916 5255 2453
16701 1137 2100 5204 2453 477
16702 5723 5531 10946
16703 4508 8956 10136 11916
16704 3301 9397 4467
16705 3317 5336 3126 7412
16706 4467 2250 2190 8116 10841
16707 4467 3314 10581 1990 484 1152
16708 2102 6020 4396
16709 8957 236 8335
16710 10778 5141 282
16711 7197 6830 11624 1197
16712 2150 5160 4973
16713 2102 1211 8831 105 9396
16714 4 2750 3361 3998 9 2878 2161 3964
16715 2557 11030 11688 8564 9031
16716 11030 10191 4617 7206 2729
16717 654 11030 3802 10676
16718 4412 183 5501 2035 5175 6336 9635
16719 9752 6504 9598 6960
16720 2876 2126 13 2258 705 4697 6902 2525 4705 4706 2114 2885
16721 8724 3998 2745 4708 4703 9375 7934
16722 6312 10729 6212
16723 1585 6634 1276 7876 4123 1350 6969 481 8222 6101 2113 2477 2481 3489 4813 2525 2482 6902 2284 9326 2487 916 2117 197 433 5550 9704 2532 2534 50 3139 1618 2121 1619 3968 2324 1886 2122 2836 4981 2211 852 1610 2215 4725 4126 502 9772 2172 8586
16724 3998 6612 701
16725 11920 7280 2629 356
16726 1135 3005 6029 11203 1186 6365 3806 11722
16727 2340 4233 7131 3683
16728 6871 716 1035 1040
16729 5606 10250 10643 3684 8815 6040
16730 7746 11433 5491
16731 932 1218 4513 8374 7257 4159
16732 3635 9134 5440 992 4169
16733 9266 208 4861
16734 6551 383 2607
16735 4143 4132 3260 1454 11640
16736 1407 7630 9113 1739
16737 8169 2573 9442
16738 639 8169 1001 654
16739 186 5781 11675 7654 8169 7535 6336 508 427
16740 3689 988 8169 8841 9731 3644 11856
16741 78 8865 8169
16742 7861 7332 8433
16743 3406 4192 9117 5168
16744 2431 208 4096
16745 2502 462 5250 6755 3054 2426
16746 2617 10140 157 4135 10737 11677 8503
16747 3989 10407 1222 2923 1189 3029
16748 3989 1204 10223
16749 2624 1736 8757 8266 317 913
16750 3989 1537 8454 10038
16751 1449 3989 505 7835
16752 3989 311 7580 333 8613 3475
16753 128 3198 2865 3207 1464
16754 7162 223 11394
16755 9224 223 8253 1273 1137 3744 3093 2274
16756 5971 181 628
16757 6623 3450 8494
16758 6760 6518 11297 1557 124 37
16759 8873 1698 7535
16760 5901 6760 2049
16761 1161 1162 1163 3032 3364 8055
16762 8055 3981 7766
16763 937 2664 3834 396 123 2078 3258 6489
16764 3743 7762 8055 7714 2449
16765 7714 3482 1161 3032
16766 7714 595 4486
16767 7714 1542 11005
16768 6302 3896 551
16769 2598 1694 325 3419 11370
16770 5857 10104 2638
16771 1230 6046 876 1704
16772 1783 4015 321 9 2496
16773 4051 2908 8144
16774 4051 2982 6395 6136
16775 3398 1402 122 3309 1483 4051
16776 1367 3342 5126 5128
16777 5316 7731 4071
16778 7679 7680 630
16779 11849 3860 5176
16780 10804 5606 1465 1483 8446 125 2481
16781 5176 993 2238 101
16782 5176 9638 3440
16783 5176 8435 3453 9440
16784 4388 6497 8937
16785 10246 12008 1545 5517
16786 5531 1198 12045
16787 7680 3940 3272 7271
16788 2506 1311 11270 10429
16789 2993 12007 2265
16790 5808 6224 4095 204
16791 7821 301 3763 63 123 11764
16792 11188 4594 7364 1220
16793 929 157 138 1536 413 3082 2221 8802 1379
16794 1094 1407 6153
16795 9978 4369 4637
16796 7403 2300 2299 11305
16797 8190 7491 5257 7831 255
16798 8573 10256 10485 9439 7491 11333
16799 6640 2573 114
16800 544 4007 7487
16801 11836 3082 2894 272 3475 544 340
16802 5298 2959 63
16803 11784 1009 5298
16804 2835 6752 11862 5298 2531 10987
16805 9733 11023 2664 1861
16806 11023 3700 1927
16807 3809 10978 1341 340
16808 657 8396 1908 8604 5405 11160 1919 5509 9540 1211
16809 193 10813 5256
16810 8502 278 1357
16811 5078 65 11790
16812 3115 8502 1883 2122 2324 2311 2671 6972 1886 5551 2321 4814 2214 3247 1628
16813 2221 10846 7471 2601 1137
16814 3542 414 6114
16815 10741 4450 7214 5437 144 7129
16816 111 2891 2036
16817 1169 2522 2895
16818 9505 7859 6185 6043 10863 8745 4817 11317 3554
16819 3554 421 7445 420 1458
16820 4573 6570 8639 450 8668 8864
16821 9211 8951 10654 9175
16822 7712 283 8951 10100 3654
16823 6075 175 542 5988
16824 6671 4804 1370 5667 10264
16825 7668 4511 11405
16826 137 166 11654 11097
16827 71 3916 6941
16828 2136 4681 5261 3422 11919 71 564 3572
16829 1165 71 869 4619 154 367 8270
16830 91 1291 7631
16831 1741 1922 4037
16832 742 946 297 11984 5386 157 8130 1743 361 9691 912
16833 1741 10466 5220
16834 1741 1378 5997 7273
16835 5559 3351 1741
16836 1741 5495 5943 5153
16837 1094 6261 1741
16838 2300 4214 8485 4357 2837 7119 275 4212 4203 7120
16839 505 2165 8230 7992 4287
16840 2878 2258 703 4709 36 2484 2666
16841 1525 11226 2851
16842 2128 4010 2126 6300 1108 2882 1078
16843 10432 3366 254
16844 8503 1464 9646
16845 2372 2930 3491
16846 9639 3082 2594
16847 9639 3301 5604
16848 9981 11607 10147
16849 7908 9910 10043 4508
16850 3009 1338 1922
16851 2126 2203 2157 2295 2488 2161 2296 706 2886 6103 2209 4722 2171 6141 1614 856
16852 2258 2157 2286 807 5100 2117 2118 2555 2882 3964
16853 7313 6954 2157 2486
16854 1588 2479 6954 2879
16855 2258 28 2113 704 4994 2881 2288 1241 7061 99 2163 3959 2157 4630 2299 2300 2297 21 3508 4995 6179 2308 2307 6221 50 4196 502 4074 4075 52 51 2676
16856 2879 2157 2286 2883
16857 2157 3242 4814
16858 4250 2113 1114 2157 6139 2159 2283 2396 7340 2287 74 2114 2285 2293 1600 99 2398 2489 32 6650 2117 2302 2122 2209 1628 9626 2860 2213 6198
16859 2518 1877 1588 1587 703 2157 2482 2666 2403 2117 2302 2208 1628
16860 5942 616 9522 2157 2274 2398 2164
16861 6206 2154 2157 4994 2525 4187 2397 832 6902 6650 4251 11646 1617 2409 3965 1886 2215 3247 860 1628 1629 5861
16862 1585 28 2113 2157 6902 4124 6139 5319 2885 2886 4252
16863 2258 1589 2157 4994 4188 3092 1597 2159 7236 2295 2164 2292
16864 1875 1878 4250 2112 2157 2293 1822 2285 2398 1599 3242 845 2118 2209
16865 2877 2157 3243
16866 2157 2482 706 2489 3242
16867 734 1114 2157 1598 2288 1600 4995 4997 6178 6199 1824
16868 1114 2157 2522
16869 2645 2157 3489 6665 2282 2290 4812 9326 2406 8059 2117 1618
16870 1868 770 2258 1114 703 2157 7236 2396 2287 704 6140 1880 706 4893 4995 5319 43 4942 1613
16871 1080 2878 2157 2490
16872 2878 1114 28 2157 1598 4349 2206 1600
16873 1876 1114 28 2157 3092 1598
16874 1878 616 618 2205 1590 1114 2113 2157 4124 4188 2292 1600 2522 2885 2884 2886 5992 851 4126
16875 3683 2478 6101 2157 2483 2284 99 2404
16876 5099 2157 2398
16877 5116 22 6954 1114 6650 2114 6902 4697 2397 4709 3095 2116 3967 2411
16878 8092 3076 1589 4257 2113 2154 1114 4124 6139 28 4697 4698 2666 2283 2483 2282 1591 2484 7340 1593 1595 2392 36 4705 4706 2114 32 2396 6650 2485 2399 2397 99 3095 2293 2758 2882 842 2118 3959 2296 2491 3960 1601 2115
16879 4807 28 4124 6139 6902 4697 2206 2483
16880 6634 2113 4697 4978 2483 2525
16881 3482 616 618 28 2525 3092 4697 2482 1598 2159 1593 2392 2588 7236 1822 6650 2290 2291 2116 2296 698 2163 2164 4630 2262 2886 4996 2885 2884 2668
16882 4124 6650 4697 2394 10620 3983 3508 3509 50
16883 6954 2258 6139 2756 4697 2284 7340 2399 2882 705 2262 3968
16884 1858 1585 2878 7313 2477 4697 4978 6650 4698 2483 6902 2525
16885 1585 4697 6650 2666
16886 2203 5098 21 2757 4812 4697 2288 2322 807 1595 2392 1591 36 4705 4706 2114 32 9326 2293 2758 2397 2398 2400 31 2294 842 99
16887 700 5 6 9 2647 3074 6189 3076 702 7061 4698 6650 4187 2477 2483 2261 36 4697 4978 6902 2293 2294 2211 2409
16888 2154 2879 2280 616 4378 4250 6954 1114 2112 4697 2482 2525 36 4705 2758 2397 4709 2116 2117 2532 2123 3966 2121 2211 6198 6196 2671 3519 2214 4076
16889 6954 3092 6139 2489 32 4697 2400 2397 4709 2555
16890 1114 28 2206 4697 6650 2293 2163 2400 705 3242 706 3135
16891 1866 477 6036 5116 2113 28 6139 4124 4698 2482 4978 6902 2525 2282 32 2114 2758 2294 2397 2293 4705 4697 2882 4706 2398 99 2116 2404 2403 3962 2118 3110 4996 2885 2884 2886 3964 6179 2211 2410 3966 3139 6109 3140 6355 6196 6198 3247 1887 4126 2842 2214 2215 2213 1614
16892 2879 2482 2294 1601
16893 6206 1590 28 618 2113 4124 6139 3092 6650 4697 2472 7061 2284 31 2490 2588 2283 1596 2287 4893 6976 2885 2552 2884 5992 6350
16894 6352 2482 2114 2396 4697 2397 2489
16895 2750 2110 4064 1585 2205 2482 4698 4978 2483 6902 2525 4697 6650 2666 807 1595 2392 1591 36 2396 2395 7340 3095 2293 2397 2398 2400 2115 2116 2404 2403 3961 2117 3962 2885 2884 2886 851
16896 786 2258 6101 2479 2665 1114 2112 2480 2113 4697 4978 2492 1885 4722
16897 2645 2876 1868 2284 6650 6902 4697 2666 36 4978 2392 4698 3095 1595 1599 43 1628
16898 911 1600 6902 4697 2483 2758 4698 4978 6650 2525
16899 1876 2482 2163 2118 2302 2037 2121 1886 2836
16900 4069 2482 2472 3240 2666 2399 2398 2882
16901 4250 616 618 4807 8690 3092 1084 2482 4698 6902 2882 2291 3493 2396 2486 2398 2484 2290
16902 2258 2524 2480 2482 2116 3962 3961
16903 4354 3683 15 1587 2482
16904 8092 2126 2111 1585 6943 20 6954 4250 2112 2280 4378 6955 2482 2666 2484 1591 2393 4355 2396 2397 2400 4706 2882 2398 6902 4705 6140 8059 6102 5104 2408 3520
16905 2292 2291 2482 6902
16906 2113 29 2282 432 2482 1598 2288 2160 832 2116 1499 1881 2492 851 1887 7966
16907 2878 2879 2204 2484 2287 2206 1594 2286 2758 2482 4698 2406 3242 2859 1603 2883 705 3493 2117 851
16908 9561 4501 4120 6352 1588 618 28 2113 2524 1590 2482 4698 2484 2395 32 2588 2399 2293 2294 5715 2882 2489 2397 31 2115 2117 2860
16909 2111 15 4067 6352 8690 2525 4124 6139 2482 2322 2483 2666 2392 2485 807 99 2296 3959 3960 3493 5289 1601 2115 2116 3961 3962 3110 4504 4997 6179 4252 4073 1609 2311 1610 1824
16910 2873 3998 3683 1866 1585 477 4123 2258 2477 2879 4994 2482 4705 2114 2758 2294 4709 2118 2885
16911 1861 2205 2665 1590 28 616 2283 36 1591 2758 5715 2290 1600 2482 2485 33 1604 3961 3962
16912 1137 1114 4698 2555
16913 15 5696 1080 4698 6902 2879 1114 1595 2397 3095 2293 2400
16914 2478 30 4698 2487 2287 74 2395 2882 2293 2489 1603 1601 2115 2116 2117 43 2213 2410 1614 3520 2214 3247
16915 6206 616 4698 2282 6103 2311
16916 6943 477 1878 2665 6955 3092 911 2481 4698 6207 2485 2392 2758 842 99 1593 4709 2116 3115 6035 7977 4942 1616 8261 2169 1883
16917 1871 616 703 2757 2261 2481 4698 4188 31 4356 4349 2525 2293 2397 2116 2158 705 911 3960 1499 707 4073 3137 2122 1616 4126 1612 2214
16918 2757 2472 4698
16919 6101 6954 2280 2479 4250 2524 2480 1587 1590 616 2113 4378 2112 4698 2286
16920 5565 2259 4698 3044 3410
16921 2751 3482 2479 2113 4124 4698 2483 7236 2490 698 1084 99 4071 2323 1883
16922 3076 2751 786 4257 4698
16923 1858 2257 3683 4064 13 2877 2813 20 1879 2525 4502 4698 4978 8168 4996
16924 5141 1216 2884 5616
16925 3092 2756 4978 1593 3242 5550 3245 1464 2311 1607
16926 20 4978 4502
16927 2876 6966 2523 4978 2159 32 2484 2397 2294
16928 8763 2112 2280 28 4978 832 31 2114 3095 2116 4709 3110 2885 5551 2410 4981 2213
16929 4978 1606 6651 6972 6141 856 7968
16930 8092 1866 6667 1585 3482 4123 1589 1587 7875 2258 2477 4124 6139 29 3092 4978 2483 6902 2881 2525 698 1499 1627 3139 2842
16931 2126 2751 6206 5116 2112 2205 2280 2113 3092 4978 2294 2397 2400
16932 0 2129 6954 4978
16933 7 3998 9 10 1860 2257 3230 6139 3489 2282 4978 6650 2288 4705 2114 32 4706 2400 2397 2294 3095 4709 2886 2885 2884 2324 2209 2409 2410 6198 6196 1626
16934 14 6943 5098 1114 2258 4807 4978 4813 1151 2117
16935 8092 1858 11 2257 3129 1080 1585 4978 7061 1594 1595 2758 4997 6179 2207 2121
16936 2645 2750 1861 1866 3482 1114 2113 3092 28 4978 477 4630 2298 2885 2884 2886 3507 4722 2121 1612
16937 3092 2483 1084 2114 4978 2525 5282 2886 1824
16938 5116 6101 2154 8763 1114 4978 2666 807 36 2393 2396 2395 1595 2392 2882
16939 4978 2397 2286 2398
16940 6954 2112 4978 1596 4706 2285 2882 2274 2489 1599 74 1600 3965
16941 2879 4502 4978 2114 2400 7236
16942 1459 9400 1549
16943 3584 8905 10637
16944 3026 8495 152 477 6120
16945 9001 6493 843
16946 6822 6180 9667 6979 3044
16947 1062 792 4290 6079
16948 5855 5474 5523
16949 905 1342 11236 780
16950 21 2803 6087 5664 827 6648 663
16951 1589 28 3092 4502 2118 5992 2302 1886
16952 9659 430 2020
16953 3564 3491 10543 5607 3475
16954 937 3195 2416 9207 10653 555 3564 10772 3881 1878 2755 7770
16955 6821 5077 7137 8709
16956 5010 2222 153 8678 4804 10621
16957 10570 6483 10672 7264 9867 7722 2243 10673 7258 7259 10726
16958 9777 8630 3165
16959 9777 1589 8904 1125
16960 7806 4354 5166 655 2945 1310 6579 2907 9777 8524 1411 3745
16961 9993 2724 1076
16962 2724 7654 11240 11272
16963 5779 609 10614
16964 11095 11138 5779 1536
16965 5779 7004 2190 7018 6361 1137 3802 5141 8016
16966 8692 4410 3951 311
16967 8338 9845 9368 5562 10919 96 3814 3059
16968 6233 4359 12063 11926 1524 11876 12058 12059 4203 11882 2531 9934 12061 11881 11702 12062 11889 9519 10873 11891 11862 11883 11366 11861 11899
16969 157 2594 3065
16970 3594 3813 1736
16971 2554 651 5938 5955 3362 5845 190 285 2621 278
16972 285 6865 1137
16973 2359 392 285 432 1094 628
16974 10985 9258 5408
16975 365 285 9782
16976 5789 3745 285
16977 1579 1441 3496
16978 2190 9153 285
16979 3407 3982 285 4571
16980 1214 5545 11131
16981 9101 285 10150 4866
16982 4949 7721 5108 7450 6732 3531 453 3745
16983 5531 4591 9914 285
16984 4199 11465 10505
16985 7364 6265 4614
16986 871 1162 1163
16987 5008 551 7433
16988 551 301 2081 3764
16989 551 72 2190 127
16990 551 10034 8048 8414 10739 48 2076
16991 5242 7495 1259 5228
16992 551 1094 2632 9705
16993 8865 551 2496
16994 2958 472 374 684
16995 702 6038 5201
16996 10428 5919 321 5411
16997 551 232 72
16998 551 4300 8865
16999 11689 4559 551 7493 2289
17000 589 1407 7864
17001 649 3361 2954 8399 3203 3942
17002 551 954 5805
17003 607 2546 3283 321 3987
17004 1996 1061 162 789 10648
17005 10719 551 1086
17006 551 500 7322
17007 6460 128 551 5270
17008 551 2057 1207 4801
17009 6958 4245 11046
17010 3376 4751 2280 551 6332 1138 10333
17011 128 205 551 4326
17012 3360 7388 551 3687 5514
17013 724 551 4017
17014 551 1974 2869
17015 551 956 2558
17016 11403 11404 590 3014 9545 10042
17017 551 9152 1754
17018 551 3012 4551
17019 507 458 2607
17020 551 1108 4840 1137
17021 551 122 1338
17022 551 365 8979 8100 5070 10370 162 1162 1163 10463 1984 6694
17023 7832 5232 157 5325 11730
17024 551 59 6153
17025 4124 704 2882 6803 698 2555 3964 3115 1885 4073 2324
17026 1661 10058 551
17027 7342 551 4828
17028 2921 3262 9825 3729
17029 10275 795 9978
17030 2057 379 11856 795
17031 2954 11833 2184 11769
17032 11844 9198 6375 2592 1697 9416 5441
17033 275 3991 10826
17034 10605 1542 8924 1544 4819 6112
17035 8936 1471 2039 1481 3724 7277 11212 8603
17036 1542 8936 4819 122
17037 937 12003 609 6483 7257 1542 1544 10971 10688 11652 8700 1218 8221
17038 5198 1542 8924
17039 1542 10130 10689 9647
17040 418 1542 8950 7440 9495
17041 4112 1542 2148
17042 1542 1544 10971 4819 11794 5198 3309 10224 9181 12068 927 7651 9020
17043 3301 10395 6372 1542 1544 6418
17044 1542 10585 3793
17045 1542 1754 10451 10239 10240 11430 12039 10402 1482 11193
17046 123 484 122 10548 1465 126 4157 508
17047 1542 10584 7260 4819 651 3921 1754 9006
17048 1542 4819 7261
17049 7069 8702 1542 10611 3304 11545 8356 4511 9647 11481 11734 1485
17050 3218 8383 7257 9507 9600 2245 4511 1542 8785 10688 10584 8446 126 11865
17051 10585 3203 1542
17052 10130 6215 3793 10352 12040 10672
17053 1543 10261 10250 7076 5517 10248
17054 9104 10743 2085 1109
17055 9104 10132 6215 4819 5708 2085 8383 3272
17056 4819 8355 10514 9104 10395 610
17057 8924 1544 9185
17058 10323 10395 6483 10674 7257 11955 9185 10402 1556 11544 1481 10743 1476 5539 1465
17059 10402 2085 122 11955
17060 9185 8936 10688 8136 10129 7443
17061 8936 11035 7266 12039 10588
17062 8936 8136 10391 9185 10240
17063 8936 8448 10552 9185
17064 11385 7668 10607 10281 3410 2039 124 8936 2087 1481 1473 5938
17065 2087 9006 10395 10584 10130 11652 4819 6483
17066 8924 2916 6215 10561 1656
17067 1583 9184 8924 3793 122 4324 5440 4654 872 1352 1535 1162 7470 7487
17068 2868 8924 10648 61
17069 8924 4819 1896 2085 7261 6483 7264
17070 2085 2087 6483 9029 9867 8924 10743 2766 4136 4819 2923
17071 8924 6215 4819 11710 3793 7929 10770
17072 8924 10584 10561
17073 8924 10584 12038 7260 11652
17074 10733 1465 125
17075 610 3301 1544 3295 4953
17076 11367 2205 6955 3095 7416 5282 2529
17077 786 2258 4124 3095
17078 2666 1591 36 4705 2114 32 1597 4706 2485 2397 4709 2294 2293 2290 99 31 2406 3095 2115 2886 3110 2885 2884 52 3140 2320 1627 3524
17079 1864 2876 4069 2524 2480 2478 2479 4378 2392 1591 2293 1601 3095 31 2115 1604 2116 33 2884 3962 3961 2117 2492 6198 2671 3140 3519 3247 1626 6355 2213 2214 1887 2215
17080 6139 3092 3095
17081 6189 2126 1137 9090 6101 2113 4705 4706 2114 32 2397 2293 4709 2294 2398 2400 3095 2758 2116 4126 7645 2671
17082 5098 6352 6101 2851 2481 6803 7416 3095 5289 2491 1601 3960 2116 847 8059 3110 2885 2884 2886 6102 2532 707
17083 2126 4064 2397 2293 4709 2758
17084 2750 1858 10 2109 6189 1861 4354 12 3683 13 1588 1590 1114 3488 3095 9300 1587 2491 1881 4995 851 2121 3140
17085 2008 2111 2877 2518 2280 2879 2113 1114 74 6803 6970 9326 4812 3242 3095 2293 2485 705 5550
17086 6650 3095 2293
17087 2518 5942 2204 1878 1587 2113 7339 21 2481 2483 6139 2288 181 32 11205 2397 4709 3095 4630 1782 4997 2887 4942 4125 8586
17088 1585 7313 7875 786 6969 2113 29 6970 32 3095 2406 6140 43 6350 11646 2166 7007 7966
17089 13 15 2878 2393 3095
17090 4063 2258 1114 4067 4064 3095 2117 2118 3137 2324 1559
17091 2489 3095 2397
17092 5620 2481 8168 2399 4356 4709 3095 2406 1615
17093 770 6026 618 2205 2393 3960 3095 2298 2403 1822 3242 4071 1881 5992
17094 6205 786 3095 4629 842 99 33 2532 9861 6109 860
17095 3481 2524 911 7061 2287 2286 3095 2284 2404 11985 1617 1615 6972 2123 2211
17096 20 6101 1114 6207 4124 6139 6970 3095 2523 1594 1595 2392 2296 2293 2882 99 842 2489 1880 2398 2116 2118 6179 2207 853
17097 704 432 2285 2525 2398 916 3493 3095 2118 6976 4190 1881 2302 5992 2323 4073 1611 3246 2321
17098 14 18 6101 4705
17099 777 28 7236 3095 2161 809
17100 2481 3095 2398 2404 4252 3137 8261 2212 3247 4633
17101 1858 2647 3076 2257 3095 705 2883 2118 3243 6103
17102 11912 2357 133
17103 2357 1724 4331 6445
17104 6571 2357 6727
17105 1819 20 2322 2163 2552 5992
17106 1819 6206 4378 616
17107 1819 6189 4069 2399 2115 2293 2398 5319
17108 1819 0 2645 1080
17109 1819 1114 2477
17110 4006 9149 9418 5407 10020 6205
17111 153 4357 4076 2675 4309 6200
17112 10268 3092 9831 1953 2865 403 5150 11041 4379
17113 7134 1152 6056 4080
17114 7826 478 8071 2359 9144 9782
17115 6760 3839 1953 1646 4593
17116 3743 654 10530 11340
17117 1025 639 3743 9349 7679 1028
17118 2033 1179 1928 1028 472 5866 9349
17119 9349 7679 1028
17120 9070 1291 4188
17121 1291 4591 6328
17122 7682 9574 827
17123 6505 7682 2238
17124 3743 3584 9213
17125 5339 2190 1407 869 9200 6984
17126 3538 232 1399
17127 5645 565 10391 9137 5198 4585 11337 1508 3538
17128 989 9098 1896
17129 4488 8915 12008 11661 10402 11450 7258
17130 9711 10384 9169 3006 2331
17131 3603 5038 3853 3528
17132 2366 4764 628
17133 10500 1162 7471
17134 1079 5942 4676 9273
17135 6665 1607 3965 317 2122 2170 4722 2325 1629 8261 2747 3447 3140 6355 336
17136 1443 910 2210 2747 2513 5565
17137 11406 3410 2747
17138 931 4166 4582
17139 338 2548 2747 1410 3096
17140 3219 2747 8824 4148 783 7518 3424 9028
17141 927 2303 8794 2747 1882
17142 5071 7175 398 580
17143 7538 5334 593
17144 680 9 8518 9871
17145 5389 5008 872 7536 946
17146 2190 4852 4406
17147 364 2237 6001
17148 2750 10 1585 20 6943 7875 4123 2525 11646
17149 5696 2489 2555
17150 11777 11304 11083 10724 7265 4618 8184
17151 4784 9570 1608 41 7410 6442 2664 7113
17152 5626 3080 184 607 2481 2610 131 417
17153 6460 266 617
17154 4952 11801 1407 487 128
17155 3552 3643 595 1501 11339
17156 1179 2963 4650 10965 3289 2895 6597
17157 8295 10543 4650
17158 2710 10025 526 1463 6060 3272 61
17159 3026 1231 3575 5078 1212 3032 333
17160 2766 266 9295 11589
17161 3220 5038 7479 210 871 7106
17162 10887 3220 2
17163 1226 788 3248 2664
17164 1226 9564 8096 5214
17165 5245 3756 2618 2481 10742
17166 2809 4552 2596 6788 6527 783 2964 5245
17167 157 331 2625 486 1444 5232 1162 3032 9471 5601
17168 1488 2624 2402 7573 994 10029 7756
17169 907 7610 624 899 783 2866
17170 871 1398 1163
17171 6865 4778 2719 7581 1398 10038 2390 8276
17172 11926 10603 8223
17173 6857 10996 11714
17174 931 3547 1579 11319 4065
17175 7779 8046 8048 8414 8290
17176 9606 4009 8338 72 11336 5327
17177 4009 5771 11532 9652
17178 4009 1338 4267
17179 2565 6007 11144
17180 4501 1585 1587 1589 1596 4812 31 1822 2397 2116 6007 707 2169 2321 4126
17181 7820 7705 8697
17182 4511 3566 7820 11982 7563
17183 7820 7563 11147 61
17184 7267 5592 1464 1471 8447 9529 8356 12047 11147 11347 10445 4199 126 123 3307 11016 238 10448
17185 9769 7559 1481
17186 11550 7820 1209 7516
17187 417 3301 9006
17188 3674 278 2268 6376 5988 1599
17189 403 1590 1588
17190 4044 403 5222 484
17191 10651 7983 3410 321
17192 8203 131 323 8366
17193 9339 1181 130 3170 5608 6462 1471 9753 1464 7576
17194 4836 9339 4005
17195 8742 7678 3351
17196 8742 8766 1471 11630
17197 3970 7578 8742
17198 5432 5470 9599 108
17199 5432 72 6571
17200 5432 4270 8493 7839 3924
17201 5432 1114 4124 1598
17202 5470 2167 4634 347 9471 6604
17203 874 72 5470
17204 3109 8660 6770
17205 2449 453 472
17206 453 9531 48
17207 8459 2078 5637 2696
17208 5103 3702 11166 7069 453 937 11980
17209 11523 7232 5370
17210 11118 453 5954 3209 4320
17211 8755 9175 4402
17212 453 6931 8656 783 5010 11845 3648
17213 5025 10204 7302 731 8888 339 11920
17214 937 480 905 122 6590 11146 2632 123 5025
17215 278 6800 3393
17216 5202 4350 5282
17217 11823 128 7864 8615
17218 866 4552 1188
17219 6 5696 1866 2389 10232 6959
17220 2988 2226 102
17221 9057 326 669
17222 3422 806 6210
17223 2891 3834 3317 168 10429 271
17224 6138 4998 249 7228 1458
17225 6744 7591 8642 6109
17226 10822 157 311 347
17227 2708 8235 6316 6315 8281 5462 1465
17228 734 1868 4120 4069 2304 707 4980
17229 1114 2880 2488 6803 2296 7416 2406 3507 2325 2326 3139
17230 6667 4250 5551
17231 2154 3488 1597 6902 2296 2522 2302 1823 2171 6141 1613
17232 2908 4632 4331
17233 8543 6994 639
17234 8058 10681 10769
17235 9437 6936 86
17236 6849 86 1977
17237 638 2628 1983
17238 2565 2389 7706 9864 6904 470 3713
17239 7525 1663 9370 6154 8615 7706
17240 7993 4412 7120 4730 4198 4196 1891 4733
17241 9096 606 7527 410 4135 7409 4546
17242 523 6467 272 97 1655
17243 108 9781 3018 4928 3655 11671
17244 7230 1198 1286
17245 3467 9364 11643 7120 11054 4198 7121 10144 1891 11938 11922 4734 10924
17246 786 1778 8168
17247 10352 4621 11251
17248 9096 11611 213
17249 7233 6802 1527 844 822 2454 5618 2450
17250 5915 4188 2158
17251 3410 4704 2980
17252 1955 10057 5316
17253 5665 278 4499 1216 1955 6843 937
17254 4875 1955 3881
17255 6697 3485 2958
17256 3691 2426 5194 2355 8484 1304
17257 2425 3691 1137
17258 4095 364 3546 4752
17259 8356 241 2036
17260 4023 361 624 7459 2992 281 278 4707 3327 321
17261 4873 5652 333
17262 4873 4114 2042
17263 1139 6690 5745 1137 6220
17264 11184 10607 10870
17265 2513 4132 1816 10997
17266 2513 4716 185
17267 487 3825 8837 5092 119
17268 2921 2513 2313 2314
17269 7433 3295 4097 2513
17270 9835 7713 2992 702 8405 1403 486 2513 5382 4552 2703 1216 4245 923 10007 1162
17271 2513 1274 4856
17272 234 3354 8804
17273 2513 10605 11696 1218 5656 7152
17274 4182 8937 10881
17275 2513 2206 2285 4995
17276 3338 6521 2656 4450 6229 508 6710
17277 5679 9642 4135 4611
17278 3338 3390 4701
17279 2196 1238 5904
17280 365 500 2072
17281 11099 234 1984 4386 7173 157 7862 1985
17282 4475 9740 7664 11532
17283 7664 4475 9740
17284 2852 1764 6097 10029 9875 8919 1162 5602 1129 6445
17285 5820 5805 1137 272
17286 12042 5805 11415
17287 6046 5805 6362
17288 5541 5805 1987
17289 5805 2242 240
17290 266 5805 1028 6568 8601
17291 157 516 7255
17292 6685 8765 5230
17293 5821 8317 6685
17294 1738 6685 1736 4792
17295 6685 1736 370 2240
17296 4830 2128 6810 4252 6199
17297 1922 5308 2126 930
17298 2129 700 3074 4354 6205 477 4120 656 9522 7339 2261 1151 6976 6179 4942 2836 6109
17299 4190 6812 2129
17300 0 2129 1 10
17301 2129 2876 2479
17302 2129 10953 6505 6947
17303 2129 4354 656 786 2112 3092 705 6810 847 5992 1885 1824
17304 7545 9229 4333 2495 6707 11516 272 9029 2665
17305 6709 10098 1171
17306 8048 10919 8414
17307 10711 588 10141 1736
17308 1736 8757 328 10181
17309 11097 1736 8757 3226 6333 4038
17310 590 4789 4118 10430
17311 8340 12033 7557 7611 11566 5712 8637 1162
17312 2539 4511 8340 417 787 7563 61 8446
17313 9879 8340 10651 10725 7598 9495 11975 9876 1464 1471 10451 2240 11728 3022 11622 3043 10281 4618 7263 12049 11479 1481 126 10557 11585 5001 11806 64 11720 124 240 11304 12054 10762 8702
17314 1194 11746 10136 11575 8159 3921 8659 8783 8447 9361 124 11603 12054 10145
17315 4534 2449 1163 3032 1752 89 5066
17316 2190 7195 4406 4534
17317 1962 2258 2154 4257 706
17318 4270 2875 8555 5501
17319 9495 9109 8160 9575
17320 1001 10529 4620
17321 1001 630 6035
17322 1001 11995 7144 11389
17323 1001 9422 10040
17324 1001 1024 7679
17325 1001 1029 4270 7144
17326 1024 7144 3743
17327 11347 2185 3148 11160 63
17328 7460 7861 5855 2185 3365 3043
17329 2185 10 3281 1080 3671 1451
17330 1070 1700 361 6498 1928
17331 5258 1422 8857 870
17332 10382 8675 2809 584 1778 445
17333 701 3230 18 4120 5116 2524 2480 6476 4502 2161 4696 6970 698 9623 853 707
17334 3169 10154 9007 6124
17335 1940 387 9938 5991 3169
17336 3169 11323 2188
17337 2517 3169 3057
17338 2120 7535 186
17339 1137 2426 734
17340 7622 5782 3055 5123 2426
17341 734 4187 427 2552 2426 7535 3796 8233
17342 2426 734 3317 4025 10429 1752 3265
17343 3077 2426 296 6386 74
17344 2426 2607 5220
17345 11362 2426 5501 1308
17346 2873 2111 1585 477 4069 1875 2426 2394 10955 1151 6179 2029 2534 5111 3139 2214 1628 860 1613
17347 2426 6438 734 8672 6552
17348 786 4355 2426 1881 2212
17349 254 3413 9516 5319
17350 97 4557 3413
17351 542 948 2809 1366 3871 1137 7448 6941 3413 10804 3750 8541 4265 1465 1483
17352 6050 6159 117
17353 3453 6668 6159 11073
17354 11790 1511 10773
17355 4991 9914 9915 6598
17356 8776 8782 3272 3609 11158
17357 8776 1194 477
17358 8776 8661 2002 7461 6174 2935
17359 1941 8643 8776
17360 10488 8776 6174
17361 6404 8776 11948
17362 8776 8135 9000 11476
17363 9929 6832 10630 6174 11966 2935 8776 2002 8783 10613 10162
17364 3594 4249 8776 8780 7760
17365 8776 11712 8784 9000 4509 5735 6174 8779
17366 8776 6174 6631 2101 142
17367 8776 9001 5671
17368 7760 5190 8776 8783 9000 1196 6174 1198 2936
17369 4339 6113 9931 8782
17370 8782 8788 2417 1216 3208 6725 8294 920
17371 8782 2238 2356
17372 11842 317 874
17373 9092 10659 184 1449
17374 1743 878 2698 9036
17375 4768 4735 8955 1465
17376 580 4935 4245
17377 12048 8556 2085 2148 609 10612
17378 11309 12048 10644 11612
17379 1194 12048 11655 7821
17380 338 12048 10651 3032 5694 4511 11781 7263 12042 8498 11685 11837
17381 9880 8191 12069 11807 417 11699 1471 8356 124 1464 1483 12048 11871 3148 8418 11414 11806
17382 10605 932 11475 8447
17383 12048 5048 12046 11718 11276 11499 12001
17384 4782 11182 590 538 1738 3378
17385 3425 2704 5373 11619
17386 6519 10954 194
17387 2008 11486 7391
17388 3593 11326 2008 1663 3044 54 2708
17389 2008 1778 2485
17390 6812 2008 4691
17391 2022 7342 2008 4333
17392 2008 5055 3325
17393 1908 8604 5586
17394 8205 10846 7394 11842 3687 5564 6492 592 6958 9043
17395 3075 3898 902 2134 6058 7458 8106 3760 149
17396 2274 1088 3760 4564 3445 391 832
17397 2204 2113 3760
17398 3534 3768 4707 5405
17399 2557 101 7721 5229
17400 8758 10566 2378
17401 6303 10956 7946 6999
17402 6303 1453 2190
17403 6303 9688 10766
17404 537 211 5644 7684 7791
17405 1622 807 2400 2489 2399 2882 2293 2397 3960 3493 3959 5289
17406 7788 1622 954 2607 11101 118
17407 8068 5285 3584
17408 8068 480 2240
17409 7196 11696 11621 1196 9929 10083 342
17410 4000 8798 7313 2666 698 2394
17411 4928 3195 9116
17412 4104 8505 7588 3425 6426 10004 3924 1938
17413 275 9075 9156
17414 8630 138 9977 1770 7914 146 6215 4819
17415 11107 5380 3192 5578
17416 804 1137 1125 1704 5807
17417 237 1125 5842 11285
17418 3660 1217 1917
17419 1125 5841 5842
17420 2126 2877 477 1114
17421 265 1350 5018 7859 8875
17422 6626 1867 8573
17423 4147 3636 520 4135 2618
17424 905 2084 4147 5514
17425 7018 3366 4651 4652 5050
17426 4147 5765 8667
17427 4147 9929 6830 3586
17428 2725 3012 8866
17429 2725 3366 1218 1194
17430 2725 11740 1782
17431 2725 8937 5605
17432 2725 321 484
17433 8946 2625 1752 9429 278 7184
17434 869 191 157 8844
17435 11849 3423 5894
17436 3076 734 3230 4067 656 20 1114 3092 4187 4188 2284 2757 2158 2288 1596 2159 1597 1595 2296 2287 2392 2487 2397 2400 2489 4996 2668 197 5319 5992 2532 3137 2408 1886 2842 4357 1559 2172 5861
17437 6239 1170 486 8719 11187 6767 607 7833
17438 3053 1940 2245
17439 2576 2916 5602 3005
17440 4386 913 8704 6726
17441 5234 5391 11265 8034 3393 1161 7738 4320 4386 243 425
17442 5320 11732 11283
17443 951 9410 2094
17444 2094 5299 174 462 4713
17445 5462 7578 11731
17446 11283 475 2700 7068
17447 10395 2240 6483 5347 5592 5606 1479 7270
17448 702 6671 18
17449 8675 648 6032 6671 9040 11779
17450 1812 2591 2561
17451 6698 1536 2591
17452 290 1227 6445 1288
17453 160 1791 9208 1170 1341 4166 9662
17454 5116 2258 6101 31 2294 2115 2555 6543 4504 3507 2324 8261 855 1000 6355
17455 11799 10663 12002 8931 8359 11656 864 1238 6112 1214
17456 5954 8146 5440 1162 1163
17457 8611 4289 5261
17458 4068 8611 5765
17459 7196 6480 11262 11126 4515 11541 2151
17460 3973 6091 5219 11335 4515
17461 1654 9200 185 1340
17462 1231 185 2454
17463 946 11447 7154 7541 185 1170 278 11534 4404 9438
17464 185 5232 4678 1429 3028 7923 432 8173 2331
17465 185 1163 3364 5946
17466 185 220 1537 3032
17467 185 1448 3295 338 327
17468 5714 10833 185
17469 185 2036 1161 1163 3032 3065 333 4273 5531 5618 1805 1984
17470 2621 9977 4691 8854 4656 185 7767 11468 1527 912 3218 481
17471 4381 779 10138 185 8157
17472 5931 185 8132 9494
17473 10022 4850 96
17474 185 8912 1169
17475 185 8950 2625
17476 4512 1483 3148 9876 1478
17477 6565 1798 4611
17478 9141 1192 1752
17479 9141 2269 1983 5444
17480 9084 4819 1464
17481 10768 1643 1081 1281
17482 39 7503 9401
17483 5898 3057 401
17484 10398 3469 193 4930
17485 5707 4427 10326
17486 4620 9338 10011 418 632
17487 10805 2343 482
17488 7173 7267 4199
17489 4819 2243 7173 484 9006
17490 7164 3192 10257
17491 5123 5222 1987 145 4953
17492 1987 5488 6124
17493 8547 8594 1464
17494 1137 6633 1281
17495 2877 4920 1617
17496 4920 1007 648 10231
17497 869 2703 3942
17498 4512 7668 11015
17499 3136 11664 2024 2621 191 3469 2454 1743 486 1010 347 2739 8637 7470 6318 8425 3096 3434 331
17500 5345 1230 3 6184 3229
17501 64 333 3319 133 5088
17502 3291 4890 2035
17503 2752 7476 6057 3834
17504 2713 2894 3119 8904 2450 770
17505 937 3195 4969
17506 2902 2446 8199
17507 3389 9110 2493
17508 153 448 2239 2643
17509 5996 513 6006 153 3548
17510 937 5197 5198
17511 514 447 1733 7870 786
17512 1733 567 2364 5855
17513 10932 7518 10003 8432
17514 2197 489 105 10055 10285
17515 105 2238 2914 6359
17516 8849 7943 105
17517 7135 2130 105
17518 9062 11320 1822 10999
17519 1094 2221 3410
17520 7598 1483 8184 4985
17521 1094 4379 4380 1137 107
17522 1094 7375 5210
17523 607 2922 1137
17524 1094 1098 6305 10112 1508
17525 1094 1770 10363 11010
17526 1442 1094 1407
17527 1094 1338 4828
17528 4178 1094 452
17529 9103 1464 10394 3778 1752 7948 5004 9006 10138 3170 7760
17530 9659 3772 10059
17531 5242 3984 2689
17532 5242 3764 1729
17533 7403 538 190
17534 738 5758 2766 2922
17535 7880 7489 10436 5798
17536 1988 5872 1983 278 4326 2100 3165
17537 5872 6377 3990
17538 2306 2993 4730
17539 4602 2377 10651 3323
17540 6008 8131 681 2148
17541 2882 74 3242
17542 5810 7908 4668 7243
17543 7243 4274 10557
17544 1078 480 122
17545 4415 3093 6407
17546 5234 2113 28 2281 6139 2481 4124 2288 1592 2483 2395 3961 2116 2886
17547 5234 3469 871 1743 3439 1170 6556 337 2238 9470
17548 5234 3469 3546
17549 10838 2394 6773 5234 1309
17550 491 3631 3108 6010 9494 10414 8808
17551 1516 1129 5745 5726
17552 4949 4765 5450 3033 4287 2950
17553 7528 669 8997 4096 11607
17554 2595 9237 10117
17555 1216 2991 5403 2190 1407
17556 3027 7296 2036 5405 9609
17557 7463 639 481
17558 639 3743 641
17559 6449 8528 7917
17560 639 10769 3327 2922
17561 3304 122 128 1164 1465 9880
17562 639 1024 1031 2245
17563 2539 6256 7418
17564 639 3195 10298 5585
17565 1024 1028 639
17566 639 7987 1029 9109 6411 4495 3862 1554
17567 639 420 2102 72
17568 1024 907 8904
17569 1028 8904 10040
17570 2089 4605 7151
17571 7012 3112 2912
17572 7012 5393 6754
17573 1049 10112 9358 8431
17574 7673 4793 4558
17575 5330 6857 2024 6998
17576 6163 1840 8930 6174 7844 5671
17577 6857 590 10176
17578 6857 8299 6470
17579 102 195 107 4096 3834
17580 590 2632 9566 6646 4788 398 11027
17581 3789 3764 4018
17582 7473 2628 8950 157
17583 1090 194 1655 6773 10016 6517 8600 9707 8650
17584 8499 1483 4513
17585 7739 374 392 3572
17586 5103 139 9820 11754 7222 4412 1133
17587 8257 8448 9133
17588 734 1585 1137 4120 5116 786 1878 477 2477 36 32 42 851 2991 2411
17589 11435 2454 278 2625 290 1661 11999 9156 1444 263 345 333
17590 11435 5038 10177 3930
17591 11435 11356 3044 9914 3498
17592 1140 139 896 11923
17593 1738 2621 624
17594 7334 641 2341
17595 5128 5135 2022
17596 400 1798 1231
17597 10455 2022 2984
17598 9609 5862 1464 3272
17599 1337 7802 4114
17600 5421 4114 10025
17601 4114 8955 10815 738 1142 9500 6153 898
17602 3012 3993 9132
17603 1365 1123 10143 581 5135 9062
17604 836 4114 9505 3827 9064 948 7756
17605 7296 7736 266
17606 1029 72 83
17607 6505 10842 6601 4957
17608 4875 7070 10286 3219 9032 10384
17609 6791 1464 3043 122 7563 8448 11805
17610 4255 6791 6331 10141 7760 9180 6725
17611 11059 10016 6517 5322
17612 6840 5229 159 655 11174 8222 1977
17613 607 122 1754 937 2515 2242 9948 3452 2740 11745 6977 4199 11871 240 1479 6532 11461 1476
17614 8887 10688 11653 9647 937 4290
17615 8448 1540 122
17616 937 231 8937 1465 1479 5516 2368 2554
17617 937 10850 2030
17618 827 937 10999 312 122 128 577
17619 3178 886 575 9416
17620 937 4819 3309 11835 7836 9868 6865
17621 122 937 4290 126
17622 937 1545 610
17623 937 5655 6328
17624 1465 2039 1479 937 1446 571 9593 1235 10052 8697 123 12041 11622 3112 1483 10557 2941 8417 8448 1536 1204 128 631 3724
17625 8257 9380 8840 4136 9286 1476 11469 9364 7118 6221 937
17626 5873 2085 5569 937
17627 2229 4819 3835 937
17628 138 2865 7467
17629 1877 321 1162 937 1757 3574 4142 1938 2739 7001 142
17630 3546 937 7860 6701 4552 7733
17631 937 1351 8784
17632 937 4290 231
17633 3272 937 1483
17634 10218 10747 1408 7857 2527
17635 3746 1188 2416 5804 8076 937
17636 9006 2243 7036
17637 1483 508 122 869 2190
17638 321 11095 1479 3475
17639 937 8257 122
17640 317 5660 3163 779
17641 9087 10260 937 2085
17642 1540 122 4199 2990
17643 10502 4621 937 1483 11579 1480 5107
17644 1739 1544 937 10718 1545 10395
17645 10428 8030 1992
17646 937 3723 122
17647 1465 937 2242
17648 7571 9835 931
17649 4789 1358 7063
17650 430 937 7743
17651 268 4636 1895 125 7271
17652 10659 937 3566
17653 9948 5607 937
17654 1352 937 2454 72 7576
17655 3860 937 8937 4819
17656 937 1829 5198 651 9677 10648 8943 1479 8263 126
17657 2625 937 526 412 9665
17658 937 9932 11558 10772 9180
17659 7919 9055 937 4290 157 2040 4001
17660 937 122 1471 8887 1465 11728 1483 11622
17661 937 864 10107
17662 4063 2877 5116 2396 2283 2399 2398 2882 2888 6972
17663 3279 3366 2901
17664 4524 8146 7857
17665 1589 1587 2481
17666 8935 417 6374 1928 11479 1654
17667 6098 4087 3787 10339 8359
17668 10489 649 11396 8225
17669 4850 7919 10022
17670 7254 1487 10733 649
17671 1985 11166 7069 11344 5146 307
17672 8704 6839 231
17673 8704 3261 3032
17674 10 8704 9200
17675 3919 3992 6852
17676 9438 5875 204
17677 142 2625 1403 3032
17678 11431 10451 9320 11974 5606
17679 4515 5545 9432
17680 359 37 4784 11923 3006
17681 10021 492 624
17682 9500 7182 7628
17683 10 1135 2975 3526
17684 1135 1060 9048
17685 1135 7676 5218 4423 9472
17686 1135 10809 3954
17687 4762 7983 1136 7162
17688 383 10812 4007 4006
17689 12053 2617 1142 743 1973
17690 5057 1973 390 7049
17691 4067 7628 10896
17692 4222 3410 11456
17693 11456 1696 8582 2594
17694 4854 11456 2596
17695 1156 8476 2663 1309
17696 7473 928 1388 122 1465 1663
17697 1584 3741 6914
17698 5919 6549 340 2240 1528 5693 10452 11577 123 363 6034 3741 872 61 11530
17699 2917 946 9963
17700 6766 8380 11129
17701 10016 6517 5492
17702 7790 4093 295 4172
17703 1729 7790 5476
17704 4440 9521 2565
17705 5547 3475 12046 11288
17706 788 1232 4440
17707 290 2885 197 2168 2324 2409
17708 2203 1876 2523 2757 6970 1203 1881 4996 5206 7592 4127
17709 5439 415 278 485 874 8657 11166 2625 11418 1928 338 486 11340 333 3202 573 2620 3408 11230 6592 5386 747 1181
17710 5439 1827 1943 3262 1215
17711 9322 7118 3912 4198 4211 8306
17712 9322 6531 10052
17713 1757 157 122 1207 321
17714 2033 18 1988 2449
17715 1988 8029 511
17716 6169 3173 1988
17717 6529 4571 3448
17718 5821 10042 3482
17719 4916 103 7005
17720 4916 730 4867 6831 9248
17721 10864 3870 9531 2495 10351 2308
17722 6998 11105 8637 7070
17723 10140 946 2467 3032 7576 8623
17724 3301 7310 8240 9889 5077
17725 6599 10196 9264 418 4287
17726 10487 2194 10598
17727 1663 11411 484 508 4577 3767
17728 8930 10339 1214 6174 6372 2085 1540 6483
17729 4987 4085 3626 2991
17730 10489 6544 8359
17731 1663 122 1815
17732 6328 3473 2255
17733 294 9658 1808 7545
17734 4223 9154 9658
17735 9658 11371 11642
17736 5644 211 11371
17737 6950 10706 4272
17738 6250 5010 2186
17739 4454 5229 2186
17740 2186 4078 3700 10 2126
17741 11371 11642 5008
17742 4571 6326 6042
17743 1379 1149 8392 6345
17744 6574 3448 9032
17745 4571 5250 157
17746 1654 1537 7387
17747 1977 5008 6732 3935
17748 4809 1082 7219
17749 2011 486 2539
17750 6057 607 2539 387 2190 786
17751 6057 2753 2506
17752 10248 2058 12071 6057 122 1471 7576 124
17753 872 8447 1465 1483 1479 2941 7267 1471 126 5609 10646
17754 7852 1145 5088
17755 6415 4611 3804 2874 2596
17756 5198 6683 1535 311 5197
17757 231 10643 5197
17758 9236 5048 6843
17759 10497 3045 4616 5198
17760 11794 5197 1754
17761 4594 5197 9006 9020
17762 5197 10394 5804
17763 477 5197 6571 957
17764 10694 1545 6483 122 4819 3365 7266
17765 5197 10964 3272
17766 1142 6808 5197
17767 1407 3939 10076
17768 6913 10297 2305
17769 290 2745 8081
17770 5316 2745 11300
17771 6408 5644 2228
17772 6425 9398 9409
17773 6422 9333 2435 2436 7578
17774 1364 11070 3063
17775 1816 27 455 157
17776 2993 5501 2274
17777 1338 10898 853
17778 4132 4116 12024
17779 179 7386 1522
17780 10846 2034 487
17781 6438 2659 921 1743
17782 2614 746 9176
17783 9646 2242 9137 2087 6483 4819 2243 10388 7257 4511
17784 11025 4618 8446 122 2240 11210
17785 1194 7153 10495
17786 11168 3087 9758 257 5893 3080
17787 6579 9994 9534 819
17788 8448 4182 5600 1164 122 8667 3288
17789 564 8446 123
17790 4182 4074 7118
17791 5946 420 7471 872 2715 11087 6507 12005 2454 10174
17792 7536 915 8868
17793 585 1169 333 361 2545
17794 5206 255 7573 11668
17795 10020 8533 7022
17796 8533 11271 11032
17797 743 413 1170 872
17798 6833 328 8193 9590 6938 6178 9390 1606 3967 852 4635 2408 856 2212 9341 6355 268 10796 2172
17799 3636 6858 12020
17800 3636 485 333 335 3059 3475 8995 128
17801 3636 5440 9534
17802 6740 271 3362
17803 3636 1385 128
17804 3636 8130 278 1410 104 2177
17805 3636 8391 9794 1535
17806 10640 10936 59
17807 398 2985 10798 4118
17808 869 2625 8012 1928
17809 437 270 8351 2689
17810 10298 2689 3534
17811 2085 6372 2416 11450 7389 687 10402
17812 10951 8342 10649 7005 2461 4938
17813 176 5369 7905
17814 361 157 2967 180
17815 3031 7919 3030 2256 1232
17816 88 5597 10507 8236 3594
17817 3594 11190 2820
17818 2190 3594 477
17819 3594 11006 10339
17820 3594 3406 11053
17821 5942 6969 4807
17822 331 5117 5049 10604
17823 10604 11998 4513
17824 6432 122 1465 10117 10604 10660 2090
17825 7987 11389 9273 630 1028 8283
17826 11600 10651 4199 9880 11015
17827 4515 9965 11583 7272
17828 4971 4735 9831 5079 11181
17829 7708 8585 11607 6698 10740
17830 5666 4971 8256
17831 3195 3860 1304
17832 72 1238 3251
17833 3195 3005 4752 1654 1928 7143 6240
17834 3195 2621 3453
17835 878 9099 3724 11412
17836 878 3212 9415 321 3272
17837 3408 878 326 142
17838 946 2467 878 9500 11339
17839 3272 3043 878
17840 878 5605 3272
17841 878 122 11147
17842 2616 1483 1752 878
17843 878 7768 8231
17844 11383 123 878
17845 878 1229 486 257 869 3032 11166 1479
17846 10394 10460 878 6113
17847 5825 878 3272 10502
17848 5955 6832 7194 9930 6830
17849 4512 9876 3043 1479 61
17850 9803 4512 8812 11617 6112 1214 1197 4515 10319 11595 4160 8447 4618
17851 1471 5608 126 4512 7557 1464
17852 2594 4512 11802 9188 11184
17853 11513 3272 1483 9676 4515 4512 8931 7516
17854 5077 4512 11699 3163
17855 3272 4512 11428 3148 7557
17856 4512 2415 4515
17857 4512 12033 1471 11412
17858 9320 12042 4512 1478 11029 61 11414
17859 2151 1554 11580 9166
17860 11696 10084 6831 7471
17861 2151 9672 7364 7560 11131
17862 7821 2148 11622 8184
17863 7821 8697 8447 7563 1209
17864 2615 7821 7563
17865 11309 4511 1474 122
17866 7821 8697 3304 3272 7265 11383 11414 1164 11499 123 9646
17867 9006 7821 1465 11834
17868 9876 6774 9852 7821 61 9128 5001 10641
17869 10042 3410 8034 11796 9380
17870 4840 102 4415 338 1400
17871 6089 4410 6043 6519 2359
17872 76 7708 9981
17873 76 11606 8997 6643 9316 3283
17874 5004 6265 7760
17875 477 7380 1767
17876 2198 2138 6802
17877 2950 9518 10857 1976 1587 7912
17878 9063 480 6258 7165 2950 9873 10634 1623 3323 873 691
17879 4668 6653 2950
17880 5680 1204 7445 1117
17881 2126 4378 2851 6476
17882 6796 8815 8854 3574 100 5332
17883 1319 7908 477 2621 4986
17884 1319 1304 7086 1704
17885 3262 4911 2614 9357
17886 2525 2284 8059
17887 486 10770 1757 7298 11321 3669
17888 5696 1875 618 2159 2486 1599 2161
17889 8552 3551 3817
17890 3817 3256 923
17891 8399 869 232 122 61 2087 6483 1164 10712 1465 7563 11499
17892 8283 1452 712
17893 5602 1403 9133 413
17894 5602 2618 1936 2865 4943
17895 5602 869 9495 7267 122
17896 5602 2973 8296
17897 331 5602 3317
17898 11235 6609 3327 3044
17899 2039 11499 11632 1483 9862 61 7265
17900 11428 4515 11457 10983 7138 10252 12032 11540 11996
17901 11710 4819 2085 2039 1164 6587 10323 8532 1471 1483 11520 3724 11428 66 12037 124
17902 7262 2088 9647 11983 7553 11428 4159
17903 194 10121 109
17904 10984 1214 1218 10337 63 10712 4511 4822 5604 10641 7263 6532 11384 11981
17905 6026 733 11488
17906 11699 8418 9964 11713
17907 1407 2970 11429 7557 2188
17908 8609 9248 1195
17909 10718 11975 11622
17910 7598 7557 1483
17911 237 9647 9867 6532
17912 6912 6114 2436
17913 1338 5710 1214
17914 866 10162 1194
17915 5851 5341 5344
17916 2873 8092 2109
17917 3655 10232 5257
17918 872 11311 1805 3532
17919 4856 5840 4611
17920 1004 4804 4619
17921 4804 190 220 7723 2419
17922 4804 475 786
17923 4804 1161 838 8681
17924 5608 5702 8161 3111
17925 5084 2430 8588
17926 3053 2975 8948 3306 946
17927 0 1 2645 2750 3998 9 1860 4064
17928 0 3998 10 14 656 3616 1876 6352 1868 2258 2154 2479 6139 2261 2397
17929 0 1594 4696 7340 2294 2883 2209 1609 3520 2321
17930 0 5098 477 2484 5100 5104 2408
17931 0 74 2399 5100 3242 2859
17932 0 11 2285 2397 2284 2392 2293 2400 3242 5100 2302 1617 1619 4635 1618 1824
17933 0 1 2750 2873 6667 2105 6954 2477 2112 2665 3092 2206 74 4813 2114 2209 7934
17934 0 6140 2406 2859 2117 2408 4076
17935 0 2873 2750 2126 2395 2396 4190
17936 0 5 2110 1860 9 2126
17937 2872 0 2647 2476 1878 2755 2118 4125 9724
17938 0 5942 4069 28 4250 37
17939 0 2750 8092 2647 2110 2258 1114
17940 0 3998 8542 1877
17941 5901 259 2519 3320 1454 5141
17942 259 2454 5092
17943 3082 5330 1204 7576 3080
17944 317 913 1204 1907 7526 6241 3085 6986 1399
17945 184 11557 10140 5377 869 7862 864 9717 12026 6728 607
17946 184 869 606 516 9717 6728 11557 607 12026 7862
17947 2085 10419 3923 11002 7862 2421 11946
17948 10140 12025 5377 9397 184 869
17949 2190 11909 4290 5804 61
17950 7083 4290 2085 3304
17951 8781 11966 10613
17952 10548 8931 11821 7561 4290
17953 4290 11653 2728 4822 7264
17954 10374 9289 4290
17955 4290 1479 8785 3789 4621 1164 1465
17956 1480 1551 6483 6414
17957 4290 1471 4618 10577
17958 3786 3493 4893
17959 1137 1704 2857
17960 7876 10424 11969 7756 11033 4882 685
17961 2857 2629 3203
17962 8240 2857 3808
17963 2657 9 3994
17964 10424 459 2254 8090
17965 5370 1521 913 8681 204
17966 7829 6734 5370 7266 7822 1465 477 72 5722
17967 9500 5440 3769
17968 1655 10229 5010 9144
17969 3773 7049 9736
17970 2625 128 361
17971 72 2136 83 477
17972 4255 2481 6665 3960
17973 1875 99 2854
17974 4192 3925 8686 5278
17975 8435 1458 5317
17976 8435 2557 9418 9255 6758 5407 5618
17977 1137 284 11460
17978 1776 5938 3689
17979 268 9736 4840 2865
17980 268 8299 5077
17981 268 2922 3323
17982 268 127 3043
17983 305 6400 6263
17984 268 6168 7859 994
17985 268 11762 7831 5130 5002 9345
17986 328 271 9700 268 4372
17987 4273 2181 89
17988 268 194 8865 8074
17989 9392 1229 141 10307 268
17990 268 328 6168
17991 6073 3946 2455 1704
17992 268 5935 1488
17993 2109 2486 1084 6810 2859 2117 2118
17994 7849 11088 11392
17995 11674 10565 5626 7563 11499
17996 5626 3212 10940
17997 10570 6483 122 7261 7036 7259
17998 1479 5608 5626 11287 1464
17999 4511 61 5626 11147
18000 5626 737 420 6568
18001 5626 122 1465 1479
18002 6372 10395 7261 7259 5626
18003 11436 1527 5626
18004 122 1465 3022 4511 8230
18005 5198 2240 10502 8448
18006 12046 4513 7267 8356
18007 8661 8774 7155
18008 5003 2415 1194 11472 6112 11162 8373 9803 1218 10595
18009 11472 1196 6830 10387 1197
18010 2415 8359 9166 7759
18011 10611 10412 2415 1196 1218 11767
18012 2415 10984 8424 7364 11744
18013 7152 2090 3295
18014 8448 8662 10648 2415 1464 8356
18015 2584 2415 7194 8988
18016 2415 2572 6112
18017 2415 1554 8556 6112
18018 72 2415 2416 10627
18019 2415 4158 3586 124
18020 7375 3365 1479 123 126
18021 10267 1137 2923 8271
18022 231 5707 533 5605 9002
18023 7609 231 6043 4404 361
18024 1983 1696 4466 4334
18025 609 11622 11981 66
18026 1340 7498 184 10429 571 2238 8980 3033 111 1216
18027 243 8716 2238
18028 2238 3924 3512 8574
18029 4229 2607 5072 500
18030 2238 3689 869
18031 655 8456 11948 2238 3793
18032 2238 3304 5545 11417 1483 2040 9645
18033 8195 2539 2368
18034 2245 7189 10235
18035 5545 7232 359 10150 11803
18036 10299 10250 9413 9181
18037 10299 11699 11647 9876 10127 10502 11700
18038 7150 4515 7760 10299 11309 11457 2090
18039 10299 10281 10869 11414 1755 7565 11014
18040 4908 5364 3655 1022
18041 4859 10504 7080
18042 8937 123 4199
18043 8937 614 5169 128 3272
18044 2656 2086 8937 10249 7065
18045 8937 5709 839 3778
18046 8937 8844 11835
18047 2450 8937 8294 10469
18048 1544 6483 4819 10281 11520 9593
18049 10324 8915 4427 10516 1464 8937
18050 8937 9495 1465 123
18051 10398 9099 8937 10602 5592 5093
18052 1080 432 698
18053 3286 2250 2630
18054 3286 9260 1487 8687 9607
18055 6390 3286 1079 3375
18056 8980 3286 4039
18057 3098 10292 738 3320
18058 1754 9006 8943 10644 11360 8667 2944 6226 1922 6557 35
18059 3469 8667 3834 6376 5522
18060 8980 871 6597 3834 263 5269 6262
18061 7484 139 3325
18062 320 1231 10987
18063 3099 6269 641
18064 3925 1451 5213
18065 8802 8029 1197
18066 8029 6846 3625 2621 4883 2344 4373 923 7576 10003 194
18067 863 1660 5003
18068 2030 3625 9442
18069 1655 464 3646 2030 1980 1985 6846
18070 11698 10000 3038
18071 3038 3453 5341
18072 11111 3625 10786 496
18073 4869 11320 7766
18074 51 12006 9791
18075 386 978 391
18076 1 2750 2257 3129 1137
18077 2750 4354 3683
18078 2750 2645 7 3998 4120 2880
18079 2750 1821 2647 11 2110 1864 2257 6667 4501 20 30 4502 2756 8168 1596 807 2283 2159 2287 698 433 3115 3507 6179
18080 2750 2873 1821 2108 2109 3683 3076 2755 4069 2258 2879 4705 4706 2114 32 2397 4709 1603
18081 2750 2645 4501 1585 786 6943 616 618 1600
18082 2750 3998 1860 6189 477
18083 6952 387 1328
18084 1017 3201 3871 1137 387
18085 387 3175 391 5214 5208
18086 10329 1207 6979
18087 8448 2245 3148 10394
18088 2074 8142 2575 3192
18089 1544 4819 6483
18090 4176 8877 3646
18091 464 4957 11332
18092 3646 321 10101
18093 2573 10218 477
18094 2573 3393 6840
18095 2573 2594 1355
18096 2573 4957 10694 12073
18097 11558 10033 7713 1527
18098 628 11485 9763
18099 879 2190 5859
18100 879 5566 3772 8571 6236 2096
18101 11909 10312 10313 10314 10311
18102 7426 3942 486
18103 9129 317 3434 7069 6034
18104 5742 7246 2539 9129 9408 616
18105 3679 6205 218 7557 8216
18106 3834 6734 10782 7919 6823
18107 9257 2454 340
18108 1659 2349 204
18109 480 128 8558 3556
18110 383 595 9838
18111 874 480 1234 508
18112 480 8571 3743
18113 480 483 321
18114 480 1471 1465
18115 7587 4619 7914
18116 1478 480 3365 1464 7101 1152 11459
18117 480 6336 3272
18118 1197 9062 3043 480
18119 480 3745 321 1447 484 2618 472
18120 5278 9517 72 477 902 2481
18121 480 1464 508
18122 480 10119 6155
18123 123 480 122 1465
18124 11449 480 4068 7160 7129
18125 3165 480 874 54 565
18126 480 2766 8202 577
18127 2364 11813 480
18128 3772 290 3203 876 480 2187 10098 2618 3044
18129 6475 3084 7526 615 480
18130 2931 123 8386 480 122
18131 480 508 3043 157 577 3170 10410
18132 2069 1230 2416 553 3825
18133 10548 609 2416 11128
18134 2416 1431 11949 2002 11575
18135 2416 6409 1554 4513 7196
18136 2416 8783 4509
18137 2416 4031 8416
18138 7760 2416 4159 11141
18139 2105 4124 6103
18140 6376 4953 430 216 1268
18141 1268 1157 1158
18142 1172 1660 503 946
18143 11708 157 3942 232 4807 4124 2483 7061 832 4349 1084 3245 2407 4843
18144 4561 7090 4431
18145 10082 336 10215
18146 5597 2190 6440
18147 11853 5220 11854 11855 11233 8625 2528 5551 2072 112
18148 2300 4192 7322 11676 10806
18149 2250 10980 2969 3481 6053
18150 5806 5303 1216
18151 1858 1821 8371 2647 2257 6205 3230 1878 2486 911 2294 2555 4252 2888 3965 2408
18152 2377 4751 2101
18153 9537 11504 9209
18154 6835 929 3637
18155 11368 7931 5405 872 1152 6457
18156 3959 698 929
18157 929 278 1162 1163
18158 929 6554 263
18159 1191 2548 929 624
18160 3265 929 7613
18161 929 417 7296
18162 1383 6248 772 1938 2655
18163 336 2454 278 607
18164 4700 8805 8591 11707 1953
18165 6570 1536 7744 486
18166 7769 6779 7951
18167 11292 8745 4222 425 5077 111 486 1403 8854
18168 7825 9784 4717 8072 11693
18169 6823 3044 10075 11050 11426 1663
18170 1471 9794 123 11639
18171 3751 6226 1784 5990
18172 6492 7390 5123 10354
18173 3083 3012 4645 3126
18174 3012 3280 1795 1536 898 1216 1693
18175 3159 912 3634 2188 10208 7100 9606 1898 9603 124 3363 3569 6453
18176 3012 1914 2254 5353
18177 7368 1544 8383
18178 606 11418 359 8230 1544 6418 5334
18179 1544 122 1464
18180 10971 10688 10561 11232 10236 8383 10260 8221 7443 12039 11686 1544 4819 10402 9001 2584 8021 5520
18181 9006 1544 124
18182 2087 1479 11359 5606 8419 12030 2644 61 11962 124 1544 8556 11232 3022 11499 11414 1471 1446 9677 238 11017 8417 239
18183 1544 4819 2085
18184 4819 3793 4026 7267 1544 9896 5769
18185 1544 10395 4819
18186 477 2551 7070 11147 142 1471 123
18187 2362 1024 7073
18188 10688 10402 10650 412 9795
18189 412 5514 10882 11814 11474 1478
18190 412 526 8442 122 7964
18191 4819 1479 9691
18192 7394 1757 3080
18193 3081 11444 3080 481
18194 2866 3084 3080
18195 9495 3080 2233 1663 239
18196 1113 6465 1137
18197 6519 4882 10014 1113
18198 8829 2915 5523
18199 5562 184 168 477 1304
18200 7856 11947 3669 1232
18201 5862 1545 122 1471 1465 1483
18202 3408 8806 5862 311
18203 4767 7255 10518 6261 107 11242 1340
18204 6091 10349 9090 2608 482
18205 730 1996 5683
18206 1 2126 2258 21 197 1885
18207 1 2879 2286
18208 2242 4822 7074 7793
18209 2250 10138 4859
18210 4650 2250 4287 1234
18211 2250 72 9878
18212 2250 10182 5784 6923 4434 6687 3825 1247
18213 2628 2044 10712 7598 417 122 1465 1483 4199 63
18214 9345 5002 5003 7436
18215 1776 1783 5938
18216 10439 7436 1776 864
18217 6379 3527 7667
18218 1776 905 7207 4065 801 931 6856
18219 948 294 1849 1137 4287
18220 3230 948 6206 1594 1595 2284 1151 4630 2389
18221 948 2551 1599 1600
18222 5885 2830 948 11482 2961
18223 948 4385 1941 1402
18224 216 8427 7626
18225 8427 165 4565
18226 2645 2873 1858 2258
18227 2645 2257 1585 2476 2406
18228 2645 2647 1861 734 2113 4706 5282
18229 2645 2126 2666 2396 2117
18230 2645 2873 1858 2518 2479 7061
18231 2645 1821 1861 9561 4705 2114 2293 4706
18232 2645 13 6969 1593
18233 2645 7 1861 2110 6667 15 734
18234 2645 1864 16 1585 4123 3481 1876 1114 2477
18235 2645 1821 701 4354 477 20 30 2483 734
18236 2645 10 6205 477 6140
18237 2645 2878 22 2112 2258 2879 3959 2398 2523 2882 5100 2164 2888 2213
18238 2645 15 807 2485 2291 1600 2115 33
18239 2645 6352 2397 2399
18240 2645 1114 2322 7340 2883 2164 2211
18241 2645 2876 99 2882
18242 2645 1866 14 2112 704
18243 10241 1129 786 5481
18244 5481 2073 8008 5153
18245 1744 5481 5402
18246 7253 184 1166 10735
18247 7633 866 6069
18248 2912 8064 3658
18249 11149 9906 3473
18250 1798 1810 2002 11158
18251 7131 9483 5958 2966 4582 2268
18252 456 2995 1296 10534
18253 10071 4278 3982 3469
18254 6930 365 10717 1655 6182 3818 5036 663 6294
18255 2016 365 6468
18256 450 8639 8342 365 447
18257 331 123 124 365 2448
18258 10633 365 499
18259 655 6655 5208
18260 365 90 5996 1979 163
18261 263 365 4486 487 7102
18262 5938 5845 365 628
18263 3768 5180 331
18264 9383 1952 4442 3469 4707
18265 461 2512 5857
18266 4067 4120 3482 5099 6422 2258
18267 2025 122 11118 72
18268 1022 5474 3295 10075
18269 278 481 3778 9185 1162 1163 6740 1540
18270 8810 4278 7964 8230
18271 3064 4278 1796
18272 5643 209 3764
18273 209 448 3396 1179 1598 2283 1596 3108
18274 209 4938 1195 8931 7151 3574
18275 6610 6462 7793 209
18276 209 1194 3033 7559
18277 3287 317 5185 1245 179 6452 1983 3230 1311 4918
18278 7394 7108 177 486
18279 2111 6101 2881 2393
18280 2703 2891 3791 3033
18281 175 681 8354
18282 7092 328 3390 96 88 850 1799 272
18283 10051 122 1465 100 8133
18284 8257 1161 1162
18285 3793 10688 7441 8257 3610 8218 1556 140
18286 8257 1465 4985
18287 11981 1465 2242
18288 8064 3978 5881
18289 1020 5316 10828 10375
18290 9656 10832 6490 58
18291 2359 1798 1660
18292 2359 5531 1867 10896
18293 2359 1867 11421 8141
18294 2359 9732 8757
18295 4273 10147 2359
18296 2359 541 1867 7957 4962 11779
18297 682 3013 10103
18298 4479 10276 162
18299 18 6343 2359 271
18300 595 2683 110 96
18301 2700 2542 3102 2865 11531 5831
18302 8558 8626 1829
18303 1829 7463 1656 5592
18304 1186 1079 9072
18305 1654 3104 7775
18306 11316 40 616 2727
18307 6163 9782 8072 8575
18308 5517 5296 126
18309 11708 4819 10391 3727 10496
18310 10496 7267 6865 3527 122 10592
18311 1238 6359 1350
18312 7638 1660 583 6797
18313 477 5010 7615 157
18314 9554 4848 11096
18315 9317 6524 11165
18316 5652 684 9067 7765
18317 3951 9760 8141 11421 7023
18318 1774 328 3885 6012 477 194 4270
18319 1545 2621 10324
18320 4819 2085 12020 2243 1545 10352 1503
18321 11543 3268 1545 9495
18322 1545 4819 11627 9600 10402
18323 9896 6372 10402 1545
18324 10627 652 8448 4513 4159
18325 3408 1471 123 128 7126 9794
18326 4819 9495 8355
18327 9736 7573 406
18328 9736 5935 1488
18329 9736 8918 2853 10535 9030 9023 8190 7573 267 1709 7859 8074
18330 10559 7296 873 10601 10651
18331 10648 1465 63 4199 123 1471 10651 61 321 126 1479 7265 11147
18332 10651 10236 122
18333 10651 874 10521 7265
18334 7636 11495 2868 9647 123 142 11519 4819 1479 10444 8831 7265 10651 3148
18335 10651 5562 7262 6587
18336 10280 61 7563 7074 10651 2941
18337 10651 11776 3022
18338 10651 61 8450
18339 10651 10644 61 10762
18340 911 10651 4074
18341 10651 4819 3793 122
18342 2258 2280 3492 5550
18343 5942 3429 4069 2258 1589 1114 3092 4502 4706 1151 2163 31 33 4630 3245
18344 3361 4809 11176
18345 11411 1663 321 923 3808 11690 6336
18346 2496 5545 1338
18347 10846 5075 4759 6050
18348 2496 571 3293
18349 102 898 7613
18350 617 263 2496 3834 7832 6785
18351 2334 406 3136 1216 1490
18352 5545 7616 11128 8928 7151 1198 8181 1754
18353 5545 1554 8683
18354 4159 6320 5545 7364
18355 5545 8556 6112 10605 8374
18356 7194 5545 1554 8556
18357 383 7861 1919
18358 1554 5545 3586 7151 2152 7760 12003
18359 5545 1554 10623 4382 10656 10574
18360 359 5545 63 11630 7745
18361 1195 10660 6956
18362 9560 2657 1770
18363 2126 74 2635 6465
18364 179 3871 3498 902
18365 1195 8931 10392 10334 4513 6112 1196 6395 179 6452 3586 7151 3203 4515 7144 5906
18366 7144 11721 7839
18367 7919 2234 923
18368 7919 1743 9179 11674
18369 7919 6097 4624 4625
18370 6862 9181 7919
18371 123 122 9079 1464
18372 4325 11326 8164 3030 3029 11100 7919 2256 613
18373 6530 7919 8448 1471
18374 7919 1464 7563 123 11359
18375 7919 321 6602
18376 3942 7919 5169 9323 11554 232 614
18377 7622 8563 7919
18378 8386 7919 3030
18379 9323 7919 128
18380 7919 10850 7512 323
18381 5231 11046 7919 8270 11465
18382 7094 872 7919 7001
18383 7919 864 872 361
18384 11444 7576 7919
18385 400 8432 2255 7826 11362 4124 9363
18386 4325 7513 11526
18387 7919 10696 1468
18388 5170 7919 325 326 7206 9540 5169 8164 58 321 869
18389 8030 2256 7796 7919 3258 7744 3044
18390 6050 7919 3029 2256 5169 1746
18391 7919 8202 102 3165
18392 11529 9558 11444 7088
18393 8366 7134 5976 6452
18394 3550 8697 6050 6462
18395 7001 8299 3550 11529 7745 10269 9323
18396 3724 7563 10502 6034 1471 1465
18397 9165 1365 477
18398 2048 9257 6246
18399 11066 2539 5784 278 3362
18400 10798 4510 7760 8481 8681 10219 11041 108
18401 1129 3057 8707 10076 5135 9958
18402 1558 7001 4819 11813 577 1464 238 2941 3198 11288 7035
18403 11947 5037 1812 5806 9586 3108
18404 1123 3475 1816
18405 2479 4807 1114 2304
18406 3 2753 6241
18407 9078 655 9930
18408 9078 8373 932 11262 11658 11733 8609
18409 4255 2222 3658 2255
18410 9601 8708 7112
18411 2894 5292 11999 1444 3985 4985 124 431 6376 11718 9794 8294 6785 12074
18412 10236 126 11083
18413 486 3265 3711
18414 5501 5002 5938
18415 3301 941 61
18416 9177 1079 4023 648
18417 11486 2040 9514
18418 7375 3410 5615
18419 122 9133 3604
18420 4939 1936 6315 6822
18421 766 7740 515 659
18422 4654 1585 7613
18423 821 4634 6336
18424 3575 3834 821
18425 4002 2323 5038
18426 8865 10548 624 5286
18427 3187 6256 6460 5665 6020
18428 9680 9175 689 691 495
18429 5036 3255 3019
18430 184 869 606
18431 333 9899 8203 184 326 2616 7206 1928 577 3170
18432 5082 4678 184 577 9898
18433 184 2621 869
18434 1243 184 7143
18435 874 2242 577 184
18436 184 486 1449 4656 7409 516 472 3769 1928 157
18437 184 869 2085 9532 2086 7094 610 3301 607 516 2752 12009 11783 12010 8111 12011 7528 10977 12014 11990 12012 12024 11434 9717 10140 2421 11375 1447 11726
18438 184 486 2617
18439 184 607 516
18440 4850 184 7343
18441 516 184 1227 869 481
18442 184 413 7602 1752
18443 4782 3924 184 486
18444 184 6460 4832 2618 1509 3274 432 190
18445 184 1479 1464
18446 1754 11279 184
18447 184 2616 128 333
18448 5692 184 2927 3362
18449 869 487 8637
18450 2923 184 7394 8495 5785 6609
18451 184 12025 9397 869 864
18452 6455 3165 11811 9024 184 7563 3022 61
18453 184 624 1161
18454 4819 3793 184 869 10770 8002 4030 481 477 624
18455 184 11322 11795 2240
18456 869 184 2085 7862 864 10419 9717 12025 6065 11375 11321 6728 3851 12037 7143 3301 1447
18457 2703 3304 869 2085 2086 7094 610 3301 9532 184 609 516 12009 3923 7143 11729 10968 12020 12022
18458 11557 2268 6475 6205
18459 5082 3272 123 6030
18460 7592 7585 1479
18461 11409 7579 11043 6609 4952 413
18462 11802 10712 2625
18463 11802 7563 11147 11301
18464 11685 11736 12075 1464 1471 9529 61 7074 11802 10452
18465 12056 11802 12075 11301
18466 11802 1451 125
18467 11802 4394 4645 1462
18468 2085 2087 4634 6034 3171
18469 8560 11802 11492
18470 11802 3022 11414 8498 3987 1209
18471 1770 3763 4748 278 4636
18472 4748 9860 9838
18473 4748 595 8216
18474 4748 1018 11724 111
18475 2245 11162 4515
18476 8448 9876 126
18477 1483 3043 1479 8448 2039
18478 8448 4819 10972 1464 11579
18479 1478 8448 7267 122
18480 10671 10609 7270
18481 8448 4819 11560 124 10673 7258 4621 3268
18482 8448 1194 8774
18483 8448 1464 1471 4985
18484 6789 61 8448
18485 1483 3767 1465 3272 126 8448
18486 484 8448 1465
18487 8448 3022 11718
18488 7036 8448 1464 11276 7074
18489 8448 1471 1465 1479
18490 1478 10151 1483 2039 8446 10641
18491 1479 8448 5606
18492 123 10502 8448 122 11871 1478 9320 7074 125 4985
18493 8448 7267 1540
18494 64 1474 11359 3043 8448 11622
18495 9495 61 10025 8446 10939 9325 9507 3301 610 3765 10827 11710 8448 1152
18496 11009 8448 1464 3272 126 123
18497 8448 9932 122 1483 1479
18498 8448 11376 11361
18499 8448 11327 11997 10184
18500 11533 8448 12038 6372
18501 8448 1465 124
18502 1464 2087 1483 7257 10395 8448 7261 1465 4822 7264 9507 10673 7259 11542 7114 2085 10570 6483 10672 9647 9795
18503 8448 5604 122 1479
18504 8448 417 2547 9876 1471
18505 4618 8560 63 8448
18506 8448 122 9876 1471 11622
18507 6830 4605 4985 8501 240
18508 8942 3487 4807 5257 451 5452
18509 5257 1142 913
18510 2938 7969 5492 8346 10816 447 2182
18511 11155 3350 10485 11963
18512 5064 4367 8015 5216
18513 8830 9740 1558
18514 2126 2492 5282
18515 89 1590 2113 616 1591 6178 3965 6109 855 6972
18516 3101 743 5388 1238
18517 7906 11173 10321
18518 6089 6925 10147
18519 9749 8519 10838 97
18520 3440 6126 3222
18521 5229 8463 3990 3981
18522 8522 2256 7998
18523 9273 3106 12004 1152 1479 6462 10994 3043 7576 577
18524 627 1770 101
18525 10521 9154 7457
18526 3645 9917 2044 10516 7992 6821
18527 281 3645 1660
18528 859 5618 5222
18529 9885 11580 8412
18530 1434 6925 3503 9798 1938
18531 1563 972 2454 1434
18532 4287 10387 2246 9930 1218 10029
18533 5959 7793 541
18534 1453 7875 481
18535 1453 5120 331
18536 7202 1950 11535
18537 1783 6026 3450 5632 1079 2398 2396 6338 7181 5938 2395
18538 81 4030 67
18539 3813 3543 1471 10125 11718
18540 4865 11177 9373 7595
18541 1415 5195 1535 7734
18542 1164 2242 1465 122
18543 1194 9468 5077
18544 2126 13 4064 2135 2258
18545 8783 9000 1630
18546 10398 11533 3049 7368 3268 8263 1163 1465 1483 1410 10024 123 61 4199 12038
18547 4 2873 8092 10 734
18548 9009 10498 8409
18549 5606 1483 8885 10607 8447
18550 3633 2447 5236
18551 6997 11931 1201 274 8989 7756
18552 7 9561 2524 4257 1589 616 618 2113 28 1597 2285 2286 1592 2399 2882 2489 5715 2397 2487 2486 2160 2274 4709 1604 2404 855 1617 2123 4635 2121
18553 7 9 3074 1860 1861 15 9561 6205 1871 6955
18554 7 1866 2518 1876 1589 1587 1594 2117 2116 706
18555 7 5696 2878 2484 2395 2398 2293 2397 4709 1601 6140 1619
18556 911 1464 10184 122
18557 11359 9495 8697 11622 11814 11601
18558 11359 11147 238 10502
18559 11359 122 1483
18560 4819 9495 2085 11347 61 126 11359 3307 3022 11376 11718 11276 11016 1209 7074 11495 8499
18561 11359 8184 11629 11479 12031 10448
18562 1464 3724 8356 1480 8560 4199 240 11359
18563 11359 2240 7563
18564 1623 11593 8767
18565 5491 3408 606 2085 484
18566 8755 5464 9175
18567 6641 58 1176 478 10300 476
18568 6641 7022 8988
18569 2251 3764 3812
18570 2251 11827 8867
18571 2251 5495 1798
18572 1137 6916 2100
18573 9837 9541 400 1137
18574 6101 1878 2113 616 2205 6139 2289 2116 2296 786 4188 3243 3244 5550 2534 5825
18575 10814 2031 10934
18576 3772 2190 303
18577 278 801 10964 413 2425
18578 1783 4486 7101 3058
18579 3772 3277 11339 5441 2820 4083 695 4925 1697 72 2036 5337 3173 9264 122
18580 10617 8232 1464 3272 7568
18581 881 4926 84
18582 3037 4935 392 1940 6507 4276
18583 869 4819 10402
18584 4174 9187 1655 4176 8228 4735 1407
18585 4735 5490 2449 361
18586 4735 5193 7587 8115 1008
18587 624 8343 3005 486
18588 3005 2618 1664
18589 3292 6588 142
18590 11459 10281 321 7069 1413
18591 3292 5494 2497
18592 2154 2665 3292 481 1595
18593 3129 5346 3793 2480 845 705 706 3243
18594 5343 8064 2958
18595 8064 8541 1480 1482 7582
18596 2809 5166 1142
18597 3539 3081 2895 3792
18598 7585 10107 11627 2242
18599 786 172 7690
18600 1227 5564 6571 1246 11739 8686
18601 1227 4650 3457
18602 3473 2901 2025 1228
18603 8579 9218 5910
18604 1228 2979 1770
18605 5562 1938 5180 2682 2232 10104 1228 3184 3469
18606 7409 1228 2621
18607 1281 6346 2771 1228 3749
18608 1408 2221 1228 3290 11439 3327 6591
18609 2625 192 157 1228
18610 1228 7284 4967 317 5142
18611 1228 1694 4611
18612 5034 1228 5564 1907 7394 7292 2187
18613 4770 1585 2945
18614 278 3911 577 2945 3398
18615 2945 10285 2713
18616 1783 5211 3036 400 9534 6680 5650 11731
18617 3644 8014 7431
18618 6598 11386 8076
18619 1229 157 11074
18620 1229 5605 1484
18621 655 4840 11369 4423
18622 1229 6336 508
18623 1229 321 3029
18624 5093 10688 12038 8447
18625 10957 9111 8383
18626 5844 5570 181
18627 4605 11715 9929 11657 8412 4590 10660
18628 2074 10123 6700
18629 1821 2877 1588 4257 6808 3092 704 4994 2282 1594 1603 2116 2298 706 88 9390 858 4125 1892
18630 4441 1465 1555 123 5707
18631 2165 1028 8511 2539 1002 1080 6143
18632 11672 6760 1655 5867
18633 7760 7437 8128 2923 984
18634 1232 7204 2740
18635 7333 2402 12053 11626
18636 11 2647 700
18637 700 6205 2486 2480 2293 2397
18638 700 2257 2112 2883
18639 700 9 6612
18640 700 477 6101 1604
18641 5 701 2126
18642 5732 9862 1798 11494
18643 6776 8141 11421
18644 10139 2487 2292 2293 698 4251 3245 3135 852 1886 8261 1614
18645 620 3290 413 4383
18646 2280 1876 2322 2883 3242 698 5319 2408
18647 2828 2177 8122
18648 4165 3764 1956 515 6328
18649 1028 118 11766 1026 6010
18650 4354 702 3998 9390
18651 2873 2126 5696 2877 2395 2882 2293 4709 3959 3960 2211 3137 1609 2325
18652 2873 3998 9 11 9561 4063 2879 32 4705 2489 2399 4709 6103 3047
18653 2873 2258 166 2206 3242 705 6141
18654 2873 6667 4064 15 786 2878 3482 2611 2481 706 5102 8882 7061 705 3110
18655 2873 4862 5696 1137 5116 2286 1596 2486 74 2114 2293 2397 2489 2399 2882 2400 832 2398 3242 2883 2298 2403 2117 2118 2211 2208 2888 3967 1609
18656 2873 8092 13 702 2481 4349 36 5100 3960 2883 2211
18657 2873 2476 6352
18658 2873 6189 2476 1114 2284 4349 4630 3115
18659 2873 1878 1590 2205 2161
18660 2873 3129 1585 6667 4705 4706 2397 2293 2115 2758 1499 2168 6198 5551 2124
18661 6586 1540 12037 9436
18662 4452 898 7770
18663 205 431 1137
18664 9343 4211 2425
18665 2297 2299 8705 4196 2670 2413 4198 4074 4730 4733 1891 1893 4734 4200 4201 4210 8817 4203
18666 3350 2511 2629
18667 577 2768 1655
18668 3941 10 2913
18669 1088 83 388
18670 1088 4641 9789
18671 6283 3402 9028
18672 3834 1352 5428
18673 3603 8119 2551 317
18674 2134 5219 2384 1516
18675 3133 5597 4619
18676 5597 1579 10534
18677 4968 33 5597
18678 7808 8414 8852 439 6204
18679 8241 11694 12070 11775
18680 1585 1114 3240 1084
18681 2258 74 3240
18682 432 3240 916 6543 9623 3245 2169
18683 5803 4807 6954 3240 32 4813 2290
18684 6667 1878 2285 3240
18685 1589 3240 1587 698 2117 842 2118 2668 44 4251 1616 1607 2589 2321 3139
18686 1860 2109 1864
18687 2111 2480 1592 3240
18688 5116 1878 1596 2283
18689 2154 4257 1598 74 3240
18690 2258 4188 2158 3240 1822 2163 4388 1629 2671 2842
18691 2666 2285 3240
18692 5116 4257 2478 4250 618 2206 3240 2588 5100 2480 2119
18693 4063 1114 3240 2287 2882
18694 2154 3240 1604
18695 20 6954 28 21 3240 1597 1592 5282 3507 2170 853 6804 3966 2325 2213 1887 3520 3247 1626 1627
18696 2524 28 3240 5100 5104 1824
18697 1151 3240 3493
18698 3240 3110 3966
18699 2159 2486 2274 3240 1596 703 2164
18700 5116 1114 3092 2286 2758 3240 2487 2163 4893 4251 3245 2168 1883 856 1612 6972 3246 1887 3247 1613 10796 4814 1890
18701 1585 2280 4250 1114 7875 477 2286 4812 3240 2484 5100 2883 3242 2161 2555 2532
18702 2258 1588 4257 1590 28 3092 807 6902 2206 3240 1084
18703 5857 3959 2486 2399 4071 2411 5104
18704 3482 2525 2396 2588 2274 2486 706
18705 2879 2287 2395 2486 2294
18706 2126 1866 2486
18707 2524 1597 2287 2486 1603 705 856 860
18708 3683 4063 4064 6206 4378 1114 2481 2486 4812 2666 1591 36 2484 4705 807 2293 2288 2392 2882 2398 2283 2118 2399 1593 2393 2492 2304 1823 4981 6141
18709 4705 2395 7340 2486 2399 2397 2882 5289 2491 2117 2118 3511 6198 6196 3520 4309 4310 2673 6929
18710 5116 2755 2113 4807 2258 3092 6101 2486 2159 4124 2283 705 845 2116 5282 6178 6179 1606 1885 2169
18711 4069 2393 2396 2114 2486 2882 2398 2588 2397 5289 2491 3960 2117 2887 2124 2671 6355 2214 1887
18712 4250 2280 2879 703 2396 2486 2588 6140 2883 1603 2859 1559
18713 2203 2399 2486 2274 2293 2398 2393 2395 2396
18714 2878 1589 4257 28 4187 2206 2757 2486 5100
18715 2126 2113 616 618 6954 4250 2524 4257 2480 2666 807 2485 1590 36 4705 1591 7340 2484 2284 2399 842 2489 2293 2486 2588 1593 2274 2291 2488 2118 2117 3967 3965 2123 2324 3968 5551
18716 432 2486 3137 3968
18717 2486 2399 2274 2882 2293 2398 3960
18718 2113 2666 2159 2287 1597 1593 36 2283 1596 1594 1592 2286 74 2484 2396 2588 1084 2758 2882 2489 2274 3959 2115 2491 2117 2118 1611 3967
18719 2110 4120 911 1596
18720 6139 8168 2588 705 698 2262 4504 5551
18721 1588 1590 2524
18722 20 6650 2588 2161 5100 2555 4893 4252 9861 6199 5104 2408 2171 856
18723 1080 7875 29 1084 2291 2588 1599
18724 6352 1114 4378 2280 2112 74 2396 2588
18725 3129 20 6954
18726 1080 2518 4067 1875 2258 2396 2588
18727 1194 3308 2588
18728 2588 1084 2283 3242 2883
18729 1114 1879 2525 4355 2588 3242 2490 705 4995
18730 6352 2523 2882 6008
18731 4568 1585 8277 6952
18732 4023 3262 4186 2077 1873 3263
18733 4262 10718 10151
18734 6943 2258 4502 2206 3959 2884 2885 2886 3244 2492
18735 1080 1879 4355 2206 2882
18736 8092 734 6206 704 4994 2322 2295 3959 2206 2487 2296 4378 705 4630 2262 4190 2302 3968 4357 2214 1887
18737 4069 2258 2483 4502 2206 706 1601 3962 3110 4995 4997 2668 197 3244 3135
18738 2258 1878 2206 74 3242 2555
18739 616 618 2206 705 2161 2163 6543 4190 3507
18740 770 6634 2206 2397 2555 2162
18741 2659 911 2758 2206 2296 2114 32 2289 1084 916 2555 1603 1604 2116 3242 33 2115 3961 3962 3110 3981 1137 1606 3967 4843 2169 3137 1615 1616 2121 2410 1619 6651 3968 2122 1610 2211 1611 8280
18742 6954 2666 2206 1599 2396
18743 2258 28 4124
18744 5099 2206 4188
18745 1588 1590 2206
18746 2258 4378 2154 21 7236 2206 705
18747 618 2113 2206
18748 6634 4378 3092
18749 5116 2159 7340 2489 2882 2398 2293 2399 2859 2117 2118 4252
18750 1585 2258 30 2399
18751 2882 2666 36 2286 1591 1592 2393 74 2285 2484 2293 2395 2397 2398 2489 2758 2294 4709 2399 2298 2403
18752 5696 2878 2399 2293 2395
18753 4063 2878 1588 2258 1114 3489 2882 2159 2399 74 2397 2293 2880 2398 3493 2555 2117 2411 1824 9626
18754 2882 2399 5715
18755 2879 2399 2883 2888 9626 2860 3249
18756 6667 9561 2258
18757 2287 2485 2399 2882 2396 74 2285 2293 2398
18758 2111 6352 2479 4250 2396 7340 2114
18759 4064 4501 1585 6969 3482 20 616 618 2113 1114 3092 4502 4188 1084 7061 698 3493 7416 2404 3961 2124
18760 20 1084 2882 2883 3964 1885
18761 770 4124 2483 6902 2284 4356
18762 8092 4993 6101 698 1084 2164
18763 4120 6476 7236 1084 4349 2491 4073
18764 616 618 1084
18765 22 4069 2161 1084 2555 6543
18766 2205 6955 1597 1084 1593 2555 845 2163 2117 5282 4996 3507 1611 2209 1616 3968 4126 3246 1629
18767 7339 21 2666 1084 2488 2295 2290 705 3242 2118 4071 1609 1619 2169 1611 1823 2208 3966 1610 3246 2123
18768 2203 1587 2665 1589 1590 2478 2523 4696 2485 31 1591 2488 2292 1084 2289 2116 4504 6102 4126 2321 50 1613 1614 2212 1626
18769 1876 6970 29 7340 1084 2290 2292 2295 2488 2404 2298 2403 2118 3964 1607 1883 2123 2171 2121 3966 1609 1610 3137 2122 3249 1887 2214
18770 6631 11650 5997
18771 1866 4067 7941 6631 2700 8945 5116 3482 27 3831 1114 17 4537 2284 2392 1594 1595 2758 2114 3110 2492 1607 11643 3137 1823 1611
18772 4511 11622 122 11734
18773 1484 7469 61 3791 1458 168 278 1537 1206 1471 1142 128
18774 1142 9860 7163
18775 9920 1142 6445
18776 1136 4573 5210
18777 1138 4421 10491 11040 4426 11369
18778 516 7143 518 11195
18779 2102 8817 307 4213 7120 9791 7118 4196 2670 11504 2414 2413 6373 4730 52 10144 4200 6221 11870 11651 4203 4206 2837
18780 339 273 4082 4333
18781 3692 2657 8844 144
18782 9325 11405 1465
18783 9325 1164 122
18784 10115 2643 2937
18785 7506 9044 9218 2039
18786 8300 1192 7913
18787 6173 2922 747 570 3531
18788 1878 2755 2922
18789 278 2594 2922 1525
18790 3219 3279 2922 3834 6376
18791 2922 3724 1483 1479 125 10610 1464 10184 7270
18792 2922 1327 7798
18793 738 7518 1535 1163 3032 204 2922 3317 871 3834 4654 1355
18794 10712 2152 7563
18795 2190 3899 5673
18796 2518 2112 1114 698 2489 2883 1617 1618 6199 3139 2212
18797 11070 3397 737 3365
18798 7188 656 1597 1593 2164 2668 8851 2321 6141
18799 8852 439 9817
18800 7773 9346 5720
18801 312 8104 10046 7274 1928 263
18802 3689 724 5622 2057 866 3800 3251
18803 4196 4457 3740 7532 4359 4442
18804 4035 477 4358
18805 4564 221 5300
18806 7467 9183 1328 8193
18807 1338 3599 2190 553 477
18808 5660 97 1660 4211
18809 6127 4486 6067 8771 8750
18810 3655 9402 2389 4412 8152
18811 3655 9619 9845
18812 122 2100 4444 1152 4192 8171
18813 5222 4163 4577
18814 6308 4632 2124 9168 10359 4163 9062
18815 4163 2036 3265 5129 4177
18816 157 7518 4116 10277 6374 11714 1536 3532 10493 1470
18817 276 2343 1409 10141
18818 8075 2190 3534
18819 1784 1383 1782 11668 328
18820 5638 7382 3317 737 864 3686 5070 4654
18821 2958 2629 5562 588 3226 1729 590 1406
18822 3344 477 1587 2478
18823 5844 7436 6603
18824 2872 2126 16 5098 6352 2168
18825 7717 2794 3740 194 2683
18826 4069 2258 2666 36 7340 2293 2397 2400 2489 2398 807 1601 1604 2115 35 2321 6196 394 4076 4727 4308 4309 4731 6929
18827 2220 6806 898 874
18828 3669 4582 6302 1137 8771 1139
18829 3175 3544 8767 5222
18830 2268 4190 6363
18831 2268 5016 1767
18832 4632 4796 4862 5851 3396
18833 8953 8165 7349
18834 4796 11038 589
18835 4862 1858 1864 1276 9561 16
18836 4862 1858 1876
18837 4862 1864 1343 1743 1585 1603 1114 1823
18838 13 15 6101 2284 2159 842 2760 2407
18839 5554 10384 813
18840 9488 11923 11709
18841 7441 10326 9665
18842 3793 938 1691 532
18843 6592 1928 157
18844 10743 10130 1464 1754 2352
18845 2706 1212 10140 872
18846 695 6832 1238 5906 9598
18847 4192 11680 11037
18848 269 11299 1660 1177
18849 7354 2126 2751 3230 3092 2161 698 3507 5992 4995 1618 9724
18850 481 1080 477
18851 1579 5586 7532
18852 2639 2281 2282 2484 2286 2295 2487 2488
18853 5941 5939 3757 1599
18854 6941 6290 5368
18855 2451 212 809 4486
18856 2979 4064 655 786 6943 20 2479 1114 2879 2478 2481 2154 37 2291 2296 705 2881 7061 33 2164 2100 2855 4942 2669 1885 6193 2836 1612 6957 2889 5861
18857 5016 6543 4856 6865 3527 12030 361 3173
18858 4518 4511 2809
18859 10430 4038 9960 2809 6336
18860 3031 2809 905 1137
18861 11619 4008 3898 4465 4463 2127
18862 18 20 6101 1587 1114 2115 698 4190 4504 2302
18863 2258 7340 2208
18864 2242 11746 2644 12074
18865 10 3076 2257 786 657 5116 22 3482 1598 7236 2290 2292 6971 2262 9925
18866 2662 703 1592 705 2118 2262 4893 3964 2321 6972 6141 2171 856 2761
18867 477 4993 2258 2158 4188 2262 9284
18868 1798 2262 8215 97
18869 2262 4270 3499
18870 4993 5099 703 4355 2914 2666 2262 3961
18871 2751 3129 3027 2154 1587 1114 2757 2472 33 2116 2262 706 3115
18872 14 1585 2262 36 2758
18873 1858 3848 4064 2258 1597 2117
18874 4503 7579 9663
18875 1108 4717 8071
18876 6505 2210 3930
18877 11859 11152 9953 10603 11926 11879 5178 11151 3615 3839 11860 12077 12078
18878 2515 239 6374 9218 8560 123 872 11242 7366
18879 8810 2594 573
18880 3492 2002 11493 4488 1464 7760 7150
18881 6360 1798 1465
18882 138 1798 1655
18883 7847 1798 10716
18884 7847 7203 5280
18885 3393 243 11111 97 245
18886 6302 311 1661
18887 2683 5655 5988 6638 8414 2076 163 3067
18888 11936 271 9364 8485 7120
18889 8092 2880 2555
18890 8092 1137 656 5942 2258 74
18891 8092 701 2109 2289
18892 8092 2258 2286 2161 2555
18893 8092 12 1875 1879
18894 8092 1137 3482
18895 8092 1876 6634 4250 2286 4349 705
18896 8092 1860 3076 6205 2111 15 2877
18897 8092 3482 2755 1588 4250 2112 2158
18898 8092 2484 2393 5100 3242 2161 2555 706 5104
18899 3998 3230 5282 5319 2760
18900 3998 701 4501 477 2115
18901 3998 18 1137 5942 786 2282 851 2325 707 5551
18902 1309 186 1698
18903 1698 2663 1347
18904 10 2647 4069
18905 2257 4069 2286 2293
18906 1876 1589 4069 2280 2665 1114 3092 4994 1598 2757 4188 2485 6803 33 2295 1601 4630 2116 5992 4997 707 852 2311 2408 855 2171 1559 11054 4200 4733
18907 2813 2258 2472 6191
18908 1866 4069 1590 3092 1592 2294 2406 706 35 6178
18909 1876 4069 2479 6970 1880 4995 5319 2888
18910 1585 4378 4069 3242 2885
18911 2878 4069 2258 618 2116
18912 4069 2258 4502 5550 3244 1617 6972
18913 4069 1114 4188 4349 856
18914 477 1876 4069 4993 2304 2207 1613 1614 4814
18915 2108 477 4069 2258 1114 2484 4706 4709 32 5100 2397 3242
18916 703 4069 5992 4995
18917 3677 4069 1114 4502 2392 2284 5282 2302 1617
18918 1588 6954 4069 1822 2292 5100 3242
18919 6205 6101 4069 1879 2481 1598 698 2492 6178
18920 1876 2755 4069 618 2480 3092 1596 2882 2162 705 4252
18921 1917 4399 1921 2405
18922 577 9707 2923
18923 103 263 472 154 156
18924 3575 1454 3942 10846 234 361 9845 10926
18925 9845 4174 8423 6112 10386
18926 8317 10234 7251
18927 590 9308 1407 1729 11390
18928 6596 310 1504 4552 1216 899 2763 5893 11989
18929 6318 3028 6596 1207
18930 11338 3800 10214 340 6556
18931 827 8536 9667
18932 2305 1403 2020 7119
18933 7598 1464 125 8263
18934 11777 7598 8356
18935 8192 11276 11782 7598 11585 10984 124 9495 1152 5608 61 126 4199
18936 7598 8450 9879 2223
18937 7563 61 7598 10714
18938 10281 125 7598 417 10874
18939 6947 7598 8556 4195 7563
18940 1554 7760 10281 11414 10607 7156 385 7598 7563 7272 10279 2088
18941 9593 7598 12004 125 8417
18942 3621 2852 417
18943 417 9495 1207 324 11734 6462 11904 1152
18944 417 7267 122 1464 61 7074 4199 240 11376 10184 63 8417 11806 1465 1479
18945 7744 417 9320 326 5169 8260 123 314 1152 322 10891
18946 7223 472 2532 142 417
18947 417 1464 1152 11394 1481 9794
18948 7069 126 1464 4621 128 1465 11016 417
18949 8697 1471 1479 126 417
18950 2625 571 311 417
18951 417 4819 2085 1218 11431 61 11337 11785 126 123
18952 310 7563 8452 417 1465
18953 577 417 123 1483
18954 11494 3022 3043
18955 1198 4513 1479 9166 126 6112 2728 8934 1214 125 103 10025
18956 6112 8373 932 8412 4590 10025
18957 2481 9647 3043 3272 1465 10248
18958 10025 122 7074 1485
18959 1551 1465 652
18960 4819 10025 1481 4347
18961 5601 1464 12074 10025 7267 8447
18962 10025 11414 8499
18963 8356 8560 7277 9020 3828 9867
18964 1754 10025 125
18965 10025 1465 1479
18966 122 1483 11804 10025
18967 10025 486 122 2242 10086 1483 6275 1663 6866
18968 10025 4511 1465 61
18969 193 10025 2923 10516 6412
18970 7101 737 6376
18971 133 2464 783 5689 883 3322 1403
18972 1867 11395 595 872 9117 1697 9633 9235 9838 11517
18973 10276 6382 10056
18974 11498 484 9358 5737 1663
18975 9358 1480 9976
18976 2894 5938 7839
18977 1783 7267 3301
18978 265 256 7859 8074
18979 1783 5002 5844 2048 1148 7463
18980 1230 516 1783
18981 1783 6634 4569 1006
18982 5093 6865 5091 1479
18983 2921 1196 9929
18984 1694 2663 2903
18985 3683 5696 20 2113 616 28 2666 1594 1595 74 1597 1593 2396 5551 4357
18986 1661 11128 9156 3724 7364 12080 3251 8447 7150 11752 8374 4615 11979 12002
18987 3251 6349 8563 624
18988 5045 2344 9914
18989 5045 9231 2046
18990 2002 4513 11660
18991 3961 3962 4997 6543 2311 2409
18992 193 413 157 872
18993 7297 5275 8165 9327 11264
18994 571 2024 311 1938 2615 2616
18995 2868 128 4498
18996 1919 2563 6493
18997 2245 9493 11472 11621 6113
18998 11839 6484 5601 1465 123 2245 1485 8446 7263 9044
18999 1478 8263 1464 1471 1483 1479 4199 9794 239 10610 6532 5604 2245 3301 8943 11717 7263 4832 124
19000 2245 9943 1550 1438
19001 7196 6113 2245 6831
19002 2245 7760 1483 6483
19003 10408 1464 124 7267 7667 3304 1471 1164 123 9867
19004 3272 1483 11500 11782 2245 12038
19005 1328 2245 8447
19006 7760 2448 2245 7555 9964
19007 10335 11799 2245 8929
19008 2245 122 10279
19009 8996 30 2245 12001 11621 1464 1465
19010 2245 122 610
19011 2245 4515 5906
19012 2245 9364 4192 7322 11054 7118 6373 7119 1891 4734
19013 2245 1464 2240
19014 2245 8928 7151 8607
19015 2245 66 8559 9128 8498
19016 6112 10339 8446 11162 9248 7153 8934 3586 7151 10335 2240 11752 4605 11742 11525 2245 10393 1214 1197 7150 1198 9876 63
19017 772 571 11556 7367
19018 5002 4121 6154 7420
19019 2175 4038 390
19020 4250 2274 2883 2555 2211
19021 1488 11926 11151
19022 6010 2226 4911
19023 2975 5896 2974
19024 6093 4331 1724
19025 2975 5994 6001 5995 1432
19026 786 2988 2975 6011 3390
19027 1821 2647 2111 2877 6206 2880 3110
19028 2647 1868 3242 2118 2117 1881 6976
19029 11589 1479 5682 888 508 4540
19030 6877 1883 2409
19031 10641 7760 10971 11560 7151 10024 11653 10726
19032 2085 6372 10395 2240 6483 9572 10402 10570 4604 10132
19033 7217 573 5169 1483
19034 5270 1585 2563 6493
19035 4502 1598 4356 2115 698 6103 2168 3139
19036 8210 7516 12046 11337
19037 478 5523 6146
19038 328 8723 1764
19039 5831 8184 9794 10474 238 4199 123 7988
19040 370 1072 1114 6855
19041 2518 2280 4124 3959 2296 2555
19042 3959 698 3960 3493
19043 421 8202 9467 1451 321 5881
19044 5564 1222 2464 8815
19045 5564 7505 3104
19046 9185 2243 5564 3275
19047 3465 517 4514 506 1694 6542
19048 10113 3557 3209 10841 3568 8179
19049 321 6609 2618 3170
19050 7394 869 317 5634 910
19051 7394 9836 5360 11340 3059 9471 413 4096
19052 7394 871 1983
19053 8212 6150 7527 902
19054 8495 2763 331
19055 3184 486 11067 8113
19056 1307 6258 6058
19057 7931 5404 7222
19058 3030 10501 8205
19059 1540 7499 1384 1451 5825
19060 1913 1724 4331
19061 333 2454 413 2621
19062 2148 1465 1483 2621 1063 10046 6136
19063 2621 871 874 7231 232 487 5121 2770
19064 2621 1191 9705
19065 4086 1871 2621
19066 2621 624 9360 1216
19067 2621 263 2548
19068 2621 2767 1216 624
19069 6046 9598 2621
19070 331 6376 310
19071 5526 9773 2621
19072 2621 3469 624 11490
19073 657 232 2621
19074 486 2621 3085
19075 2621 3032 317
19076 864 128 2621 624 8090 12053 278 1994
19077 2621 1230 4752 8828
19078 2621 278 3526 1770 484 333
19079 5604 2540 2621 3301
19080 3575 7169 2621
19081 1212 6469 263 1008 11554
19082 8431 3237 606 5712 7094 12023 2618 7559 4656 1449
19083 1222 801 4086 7458 624 3044
19084 6690 7458 3453
19085 7292 2714 1463
19086 3856 1258 5938 9348
19087 6754 5938 6026
19088 176 4679 2509
19089 6490 1523 391
19090 6308 6947 11130
19091 2085 2086 11585 9507 11735 4080 9876 3043
19092 4704 7579 10761 6358 10750
19093 4080 4289 5935 1915
19094 4136 905 4080
19095 370 3572 3534
19096 5886 6858 11707
19097 7082 4751 9156
19098 5756 6506 5807
19099 11971 11593 7167 9175 7535
19100 7167 10048 3823
19101 2271 888 2481
19102 4250 2286 2396 5104 6213
19103 3683 15 1080 6954 2665 618 2524 1114 1597 1594 2118 2209 2210 3246 6141
19104 1585 2878 5099 2258 4705 2666 807 4706 7340 916 5715 2114 2163 2115 705 3242 2404 2117 2668 851 4126 2210 2411 2124 8261 7934 6198
19105 2879 2882 4705
19106 4113 1080 703
19107 1876 3092 2756 1596 3959 2283
19108 4120 7416 2118 4071 2210
19109 2126 1080 1875 3242 1499
19110 1080 2532 2166
19111 3243 2668 2263 3245 851 1883 1619 1823 2210 2589 6972 2409
19112 11 786 1876 3482 2522 2261 2161 2283 2485 1591 2472 2484 7340 2555 3243 35 2534 707 3135 2210
19113 2880 2293 8471 2492 2324 855 2210 2860 3520
19114 10990 7338 4251 6273
19115 6787 5593 1704 1247 11705 866
19116 4999 5660 4777 6098 866
19117 7535 1304 866
19118 2632 10506 4247
19119 5671 7364 9966
19120 8211 12045 1235 1236
19121 5048 1205 10961 11474 11804
19122 5606 11411 5282 5048 6414
19123 8469 4644 4450 1354 2904
19124 4096 9469 3407 6553
19125 9348 6432 4924
19126 1454 1281 1341 3323 8950 1704 1151 340 11325 6263 212 9599 906 2971 154 9757 413 263
19127 651 1305 4511
19128 1858 2126 4187 2393 3243 3135 2209
19129 3487 4251 307 11054 935 4198
19130 7227 6492 4452
19131 8447 4513 3043 8702 1195 8927 6034
19132 478 7094 2102
19133 1976 4984 3453
19134 8390 477 5258 5488
19135 3859 20 91 7339 2261 2472 2288 5715 32 2289 2400 2296 2115 2117 2118 2300 3967 2299 3966 2122 3968 4722
19136 5617 6874 7357
19137 869 3272 3043 1479
19138 4623 869 2625 4819 4195 1164 2539 1527 484 6769 1162 3032
19139 869 1212 624 4030
19140 869 607 12024 11434 9717 10140 11375 2085 5278 2086 4579 7094 1447 11726
19141 869 12024 11434 5278 2086 7094 1447 607 9717 10140 11375 2085 4579
19142 869 2085 2086 7094 610
19143 869 2085 2086 7094 610 3301
19144 8609 869 1355
19145 869 3081 278 11784
19146 869 7094 610 3301 9532 2085 2086 12009 3923 7143 11729 10968 12020 12022 609
19147 869 3834 3571
19148 869 2190 516 477
19149 869 2085 2086 7094 610 3301
19150 869 4951 5514 11804 10882
19151 869 347 3351 1352 899
19152 1734 1345 2625
19153 869 2085 3301
19154 869 607 516 11434 8801 10419 12025 12026 11946 12017 2085 5278
19155 869 2085 7094 610 3301
19156 10266 869 3170 142
19157 869 743 10140 1464 1754 122
19158 869 7766 1137
19159 8200 11138 869 3272 1483
19160 10678 869 7457 3096
19161 869 607 516 11434 8801 10419 12025 12026 12017 2085 5278
19162 2614 9077 869
19163 516 1471 869
19164 869 2973 2454 615
19165 869 607 516 11434 8801 10419 12025 12026 11946 12017 2085 5278 2086
19166 869 6376 502
19167 869 12024 11434 10140 11375 5278 2086 4579 7094
19168 869 2085 2086 7094 610 3301
19169 869 2085 2086 7094 610 3301
19170 869 516 6063
19171 7409 7587 869 1484
19172 869 607 12024 11434 9717 10140 11375 2085 5278 2086 7094 1447 11726
19173 869 607 12024 11434 9717 10140 2085 5278 2086 4579 7094 1447 11726
19174 869 2085 2086 7094 610 3301 9532 609 12009 3923 7143 11729 10968 12020 12022 12023 7528
19175 869 607 2085 7094 4135
19176 607 869 2085 610 3301 9532 609
19177 869 11434 5278 2086 7094
19178 869 2085 2086 7094 610 3301
19179 869 2085 2086 7094 610 3301 609 11729 12022 7528 516 12009 3923 7143 10968 12020 12023 607 11434 2421 1447 8111 9532
19180 869 2085 2086 7094 610 3301
19181 869 516 9010
19182 869 7457 610
19183 2240 2719 340 869
19184 12009 11783 12010 12011 7528 12013 12014 11990 12012 869 607 12024 11434 9717 10140 11375 2085 5278 2086 4579 7094 1447 11726
19185 869 6078 1483
19186 869 2085 2086 7094 610 3301 9532 609 516 11434 2421 1447 8111 10977 12024 10140 11375 5278 4579 11726 607 9717 12023
19187 869 8789 421
19188 2086 7094 610 3301 9532
19189 869 5445 516
19190 869 8296 11340 321
19191 869 607 12024 11434 9717 10140 11375 2085 5278 2086 4579 7094 1447 11726
19192 869 607 12024 11434 9717 10140 2085 5278 2086 4579 7094 1447 11726 12023
19193 869 2421 122
19194 606 11043 869 12051 3201
19195 869 607 516 11434 2421 2085 1447 8111 9532
19196 869 2085 2086 7094 610
19197 869 3175 517
19198 6374 869 606 8895 12051
19199 869 5278 4135 12019 11950 7094
19200 869 10036 8939
19201 869 4758 516 6058 946 3085
19202 869 2085 3301 9532 516 12009 3923 7143 11729 10968 12020 12022
19203 869 2085 2086 7094 610 3301 609 516 12009 3923 7143 11729 10968 12020 12022 12023 7528 607 11434 9717 10140 11375
19204 869 4819 516 10419 11946 2085 3851 2086 7094 4135 9532 3923 1447 11726 12020 7863 8696 518 7409 1449 11637 9603
19205 3202 869 1352
19206 701 2126 1080 74 2396
19207 701 2109 4063 7363 703 10464 1592 2208
19208 701 18 2476 1871 2529
19209 701 770 1876 4349 2294 2293 2397 4709 2209
19210 701 2751 1876 6101 99 2118 6178
19211 701 2404 4125
19212 9364 11756 2109
19213 2109 15 5696
19214 2109 2479 2524 477 705 2118 1619 2536 2316 4126 2841 4721 2842 4814
19215 2109 2304 3511
19216 10 2109 2111
19217 3919 9858 9760 7535
19218 290 3787 96
19219 3480 6038 5988
19220 9 1821 477
19221 10918 6285 1277
19222 11 12 6103
19223 35 3058 10687 3222
19224 6226 9364 7121 10144 4733 7120 8306 4200 11755 6221 7322 10924
19225 383 4597 8802 9317 10868
19226 12068 1483 1479 1481
19227 11577 11578 10223 4412
19228 142 5607 9794
19229 6077 1742 11051 5228
19230 2953 11797 181 88 5350 281 306 10144 7121 4200 8306 11755
19231 3028 3497 2296 8142
19232 2578 8897 3724
19233 3987 327 1179
19234 6682 10273 5578
19235 406 538 4229 10498 6836
19236 7266 2085 6483 7257 11194 4819 122 10444 1556 10584 11652
19237 1767 10561 4096 1989 8383 1465
19238 6483 10743 2087
19239 4819 10743 2243
19240 9963 1221 1341
19241 1481 1212 132 7457 10693 606 7576 6865 3272 1221
19242 3834 6376 5232 1221 1016 1014 4631
19243 4675 946 7931
19244 5232 8893 4675
19245 4675 2190 3768 2891 486 4816
19246 1448 3836 11185 3272 3314 123
19247 2766 7274 2044
19248 192 3768 187 1137 2766
19249 421 310 5741 2852 7526 902 181 4086 4778
19250 421 2454 9599
19251 430 3835 4356
19252 430 6043 2866
19253 7292 11376 1479 8244 11347 1209 7815 8446 123 9937 9579 122 1483 11276
19254 3469 4392 2269 11122 2905
19255 7131 4822 8337 1551 8530 2375 7568 1341 3356
19256 1341 1778 630
19257 1342 905 7767 1983 871
19258 12005 8296 2715
19259 1311 317 7532 3317
19260 3317 8208 3323
19261 1164 7760 3317 3834 1137 1162
19262 5380 6169 3236 1232
19263 331 310 1174
19264 3991 10869 190
19265 190 3469 1310 1403 413 6590 607 486
19266 10403 6376 1179 190 2454
19267 9321 11811 190 9549 1355
19268 10131 6372 6483 8046 2554 7259 7276 11194 11519 10656 5609
19269 993 5633 517 607 1234 484
19270 1402 3394 896 1527 210
19271 1402 128 577 322
19272 7431 8038 2811
19273 2914 3410 10112 2816 6942 1234 7280 935 3744
19274 7123 3029 131 7280
19275 7280 2306 5417
19276 2463 3301 610 11341
19277 8865 493 272
19278 7107 5270 909
19279 152 122 1465
19280 1222 471 3066
19281 152 2503 2973
19282 1751 2142 4389
19283 2740 10141 618 1729
19284 157 873 946 2101 4065
19285 6067 1977 8865 1655 7192
19286 6460 4037 872 624 3434 2763 4348 505 2625 6592 6498 128 1928 11277 1471 2939 11826 7437 1448
19287 3432 345 2548
19288 6459 4968 1150 193
19289 737 2973 4039 6568
19290 11136 1704 3261 204 3433
19291 3323 3419 7576
19292 6571 6174 2002
19293 6571 8682 1407 8556
19294 10758 2037 1302
19295 192 7108 3465 1204
19296 8821 192 10731
19297 2464 1451 192
19298 606 11241 6055
19299 2618 2461 1410
19300 3081 10004 7784 9454
19301 724 4222 5650 493
19302 12 2883 5100 3520
19303 12 2115 3110 2302 1881 4504 2552 2211
19304 12 2878 2258
19305 3074 477 1585
19306 3074 6189 2296
19307 6189 1585 9390
19308 6189 3076 2126 2111 1878
19309 9 5098 1876 2258 2154
19310 9 3106 5073
19311 9 20 2258 2879 6207 4502 2397 5100 2555
19312 9 4229 1896 1163 5592
19313 9525 4750 477
19314 1146 5794 1535
19315 111 657 9333 8440 8771
19316 10395 6483 7264 176 6930 10516 8221 5399 10972 10726 3257 4386
19317 5437 193 871
19318 1464 7440 1550 6372 9185 10402 9020 8136 10395 2088 7443 142 10561 4819 8355 3793 10024 8221 7074 123 4621 9495 1471 12068
19319 2085 9867 1478 10672 8560 10467 1556 142 10820 10726
19320 122 2243 123
19321 8950 2099 168
19322 1193 3032 3364 8950 516
19323 9231 10256 10485
19324 1137 1197 11459 2913
19325 2100 4515 18
19326 2625 485 899
19327 3439 2657 5929 370
19328 5476 4850 623
19329 1328 2190 10053
19330 278 2618 1527 2190
19331 2190 888 7457
19332 2190 946 944 7541 4494 10463 6694
19333 2190 3793 10644
19334 2190 4406 4287
19335 2190 5198 10926
19336 8285 2190 3523
19337 1737 1406 398 1729
19338 1540 1922 1081
19339 122 4412 10891
19340 2190 1219 11008 8241 11694
19341 5790 2190 4287
19342 2190 11573 83 65
19343 2190 4421 11463
19344 2190 3487 128
19345 2190 6061 5472
19346 2190 413 250
19347 2190 11568 2454
19348 1744 891 6419 2190
19349 9241 8201 326 4195
19350 2190 1770 8862
19351 10014 6306 6740 2448 5417 2607
19352 1197 10150 2190 8934 122 1465 1479 123 11530 1597 2392 3586
19353 7191 321 10361 1989
19354 4173 2190 4850 72 342
19355 2190 4023 321
19356 6112 11657 2190
19357 1367 876 10717 888
19358 9122 6374 367 9188 4552 4406 11548
19359 122 1464 1754 10394 7246
19360 11139 1194 7197 5066 6959 7746 1195 1196
19361 11388 311 1024
19362 11699 3082 61
19363 1197 2143 11615 4124 9803 1407 3469 7197 6386 9947
19364 1976 2143 9550
19365 360 516 486 872 5078 5356
19366 8211 1197 8373
19367 10462 122 1465 10281 9676 4488 4515 10650
19368 1554 8135 8660 8783 8662 6174 8779 2002 2148 8560 3921 8780 3922 10162 9247
19369 1554 8697 7563 61
19370 8040 3057 1554 9864
19371 1160 10846 2625 503 7100 11973
19372 1554 6830 1214 932 10462 2090 122 1471 8356 4598 10445 4199
19373 8662 8783 4509 8658 8779 3922 1554 2002 11966
19374 1554 1194 10392
19375 1194 1554 1196 7150 4394
19376 10897 5592 11384
19377 1554 1464 1471
19378 7196 9929 4605
19379 6483 1554 10557
19380 1211 9897 5004
19381 312 133 486 321 5168 263 6549 1752
19382 325 6581 5222 312 11091
19383 3304 3301 11147
19384 11451 8571 321
19385 3202 361 333 10850 8960 10905 8909 187 10548 4515
19386 5769 133 1168 1216 624 413 2971
19387 783 3871 1137 1343 5129
19388 3424 361 1160 1137
19389 1146 3198 317 8090
19390 8123 11534 10205
19391 1410 641 11784
19392 3901 1458 1204
19393 8565 1727 4482
19394 1727 1211 1551 3043
19395 724 335 5795 1727 1162
19396 4482 1798 2074
19397 1727 1407 2074 3410
19398 738 6151 9150
19399 1871 4188 6970 4629 698 3493 4630 2492 4190 2855 6179 1618 1606 2168 2836 2212 7828
19400 2154 4994 916
19401 10113 8192 7114
19402 5169 7744 9558
19403 5531 7134 8633
19404 5098 4552 6669 1589 2480 4124 4187 432 2392 99 2296 2116 6140 4997 707 2311
19405 306 5250 5922
19406 5250 3713 952
19407 9495 3793 1479 123 10656
19408 1465 1483 123 3268
19409 2106 9248 7153 1214 6320 6746 1197 7150 8424 9419 10150 8609 11803 11262 10156 4513 9166 11658 11809 11163 12002 1195 7759 7364 1162 11540 4515
19410 4648 3106 3170 1455 590 157 3290 3942 11180 8391 234 3571 6590 6581 345 338 1165 2928 9562 2616 11801
19411 6586 2615 636 5946 11783 4654
19412 7342 2405 3057
19413 3472 432 3606
19414 1994 4584 984
19415 6731 1137 9498
19416 7106 8508 217 4576
19417 8203 6379 1481 9542 3272 3724
19418 122 1464 1471 1483 11985 11479
19419 10 4354 4064 4993 1603
19420 10 3871 1137
19421 10 1868 22 28 1114 6970
19422 10 6667 3481 2203 618 6101 1114 8690 2281 4124 6139 2292 2293 2758 2400 3242 2282 9326 2164 2116 2532 4997 5992 6179 3511 9861 6109 5551
19423 10 702 2161 4071
19424 10 477 2397 2523
19425 4850 1696 1160 4008
19426 2417 8216 8255 7650 4270
19427 5223 11320 359 2560
19428 641 6925 5924 2539
19429 9730 1352 1163 4320 3257
19430 8570 2025 74
19431 9638 1089 8722
19432 1589 157 432 2487 913 9638 3959 4251
19433 584 9638 1089
19434 5586 4333 2592
19435 1588 3092 2830 432 698 4071 4996 3244 6651 3139 7007 2172
19436 10430 4038 390 2831 3850
19437 477 2829 9471 10038
19438 3850 7971 6818
19439 8722 1778 4799 7390 3396 2952
19440 516 3463 8544 6780
19441 6411 1644 111 234 361 4135
19442 1196 7760 1198 7364
19443 2343 1483 122
19444 1304 10903 7364
19445 3635 10906 8536 9409 7812
19446 10680 9067 9073
19447 3449 1986 9498 260
19448 10677 3449 5476 10133
19449 278 58 1179 321 11166 8147
19450 4265 1080 608 2558
19451 3826 5122 2188
19452 9876 1483 123 12071 5592
19453 7431 1585 477
19454 7431 433 3395 486 3606 6270
19455 7431 2464 1191 310 8376 2461 3674 3673 902
19456 9591 1191 310 3818 11636 1230
19457 6562 2113 1596 2159 2288 1599 1600 3959 3242 705 2118
19458 321 6109 220 4619 1151
19459 220 2811 6261 657 3112 288 251 5636 181
19460 7890 10506 5226
19461 1413 11426 6386 5241
19462 290 95 10287
19463 3970 1230 3351
19464 10959 1021 3166
19465 542 10959 3166
19466 12081 5551 1524 2861 12063 2072 11926 11786 12082 4170 11478 12083 3112 11872 10603 11108 3644 9934 2537 4739 4738 11875 2308 4206 11873 9731 11892 7320 11934 11879 11861 2531
19467 3112 310 4840
19468 477 2476 1247 2973
19469 2973 871 486 5175
19470 2973 624 2949 9126
19471 2973 3834 3485 923
19472 232 3978 472 3296
19473 3676 5858 11394 6193
19474 905 142 9453 11769 3575 232
19475 6225 10770 1212
19476 7656 1379 138 8484 7006
19477 905 317 3556
19478 6460 157 4412 1162
19479 4950 2187 1983 1700 11788
19480 3187 624 5206
19481 3187 7197 8181
19482 538 10715 10122
19483 3029 127 1468 7744 7550 10696 10966 8921 11774 11444
19484 11833 2454 4096 168 7455
19485 4112 6031 1137 657
19486 4518 1598 2758 4126 2321 1627 4814
19487 10139 10221 6557
19488 3149 10139 10221
19489 10425 1058 496 3543
19490 6012 11689 1867
19491 1867 10097 1017 5480 2417
19492 1867 2255 5325
19493 1253 283 9910
19494 10898 7310 3745
19495 5404 164 4421 5190
19496 243 5090 102 162 9596
19497 103 10022 5405
19498 10022 4654 4486 1162
19499 4850 3487 3270
19500 1757 2927 8804
19501 1757 193 311
19502 7946 10230 5543
19503 7767 8810 277 564 263 6497
19504 1194 2936 9432 10614
19505 1194 4511 11499 2085 7262 641
19506 8781 3921 1194 11476 11510 11949 3922 9746
19507 1194 4603 6832 3460
19508 1194 8135 6174 11510
19509 194 2233 8699
19510 1194 8660 8661 2002
19511 1194 7197 10339
19512 1194 8658 11476
19513 1030 1194 3586 7152
19514 1194 8781 2934 11476
19515 1194 9876 12023
19516 1194 3304 4511
19517 1194 7760 472 1218 6112 3119
19518 1194 7194 9165
19519 1194 7558 8777 6174 11443 11158 4791 1479 10162
19520 1194 8783 7558
19521 5606 1466 1194 8359 8609
19522 7759 1194 8931 6112 1214 7151 1197 1198
19523 1194 8373 7150
19524 7667 10592 11761 10690 11186
19525 1194 10595 7194 8373
19526 1194 8658 6830
19527 1194 1196 3586 6320 7151 8181 11580 4394 1481 8447 3043 8702 11713 11629 11480 11578 12043
19528 1194 341 102
19529 1194 8211 1198 7558 11471
19530 1194 7194 1198
19531 3408 3793 6372 12023 10827 1194
19532 1194 8781 8774
19533 5193 2335 789
19534 2368 9105 6786
19535 9321 16 11531 124 10353 11485
19536 2449 7870 1164
19537 5765 1061 7927 8718 6444 8353
19538 1162 2548 477 1216 1535 1525 80 3534
19539 3534 3118 3277 1181
19540 2768 8893 902
19541 1876 832 2115
19542 6158 2235 10421
19543 2235 6158 9989
19544 1583 1206 111
19545 8996 6555 1162
19546 9274 8579 6555 831 11257
19547 4810 4329 8983 6555 8678 7486
19548 4641 6909 1929
19549 4819 122 1464 1465 12039 125 2090 10237 1556
19550 8278 2016 5167
19551 8414 8048 2076
19552 11399 8048 7808 8414 10919 2938 11172 12029
19553 157 873 2596 783 83 617
19554 3641 1499 844
19555 10765 7069 9295
19556 6952 4509 6174 7760 11966
19557 8662 6174 1798
19558 115 7552 9163
19559 8048 2938 7808 8414 2076 11172
19560 8048 2076 10919
19561 8048 7808 2076 2938 11172
19562 5401 8048 8414
19563 243 9934 11791 4196
19564 6368 10713 8048 8414
19565 10919 456 8048 11172 8414
19566 2894 3365 624
19567 516 420 2601 11908 11099 10138
19568 4953 3219 590 7375
19569 8038 9236 590
19570 6650 1598 1596
19571 14 2524 6650 2287 1599 2160 2296 2118 2117 3966 2320
19572 4123 1876 6665 1596 2485 6902 2114 6650 2322 2291 2302 197
19573 4257 2478 6650
19574 2105 6969 1114 1600 2483 6650 1599 2283 1499 2886
19575 575 8850 11840
19576 9087 11545 1483
19577 11598 8281 4138
19578 2738 1070 4417 10506
19579 3686 6726 10306 263 371 3576
19580 11746 10402 804
19581 21 2757 6665 8168
19582 3915 1081 4180 9296 2467
19583 1478 9495 3272 6097 7270 4762
19584 8059 3217 2166
19585 631 3217 4819 1188
19586 1876 698 3960 3493 2823 5988
19587 1129 92 1350 1977
19588 340 123 122
19589 9401 8850 6333
19590 2274 2406 1885 1609
19591 472 333 157
19592 157 486 262
19593 157 503 5087
19594 157 486 125 1448 1471 3272 4621
19595 157 2454 331 278
19596 157 1536 486
19597 157 5186 10263 2449
19598 157 338 2770
19599 3202 873 157 629
19600 2244 1984 3277 4386 157 2037
19601 128 2036 157 193 338 5087
19602 157 2449 873 333 8270
19603 157 3082 1348
19604 505 157 871 7613 1535 1163
19605 157 2594 1655
19606 2454 3469 413 157
19607 157 486 477
19608 157 8391 9632 624
19609 157 9633 874 432 4953
19610 157 477 255 11852
19611 157 232 1160
19612 157 2221 4758 898 331 5785
19613 157 7963 1160 2739
19614 157 3469 1743 1216 1403
19615 142 157 9043 122
19616 157 2625 3277
19617 157 475 505 2625 9717 7517
19618 1177 2618 5256 142 333 128 362 9714 11628 157 5448 10048 1181 2221
19619 516 1928 157
19620 157 3578 139
19621 157 5213 10502 2941
19622 1487 8741 2506 1278 3897 11484
19623 193 3469 278 3574
19624 278 413 252 8524 194 871
19625 5448 5189 413 1938 252
19626 5360 7963 871
19627 7099 3575 624 128 338 10048 1170
19628 6101 1587 1589 3493 2117 6179 3245 8851 2321 4126
19629 702 1880 5992
19630 1149 9366 5562 321
19631 2913 3058 9197
19632 5562 9717 1471
19633 5562 1471 4199 123
19634 2241 2955 5562
19635 195 7525 3218 101
19636 4521 9546 3230
19637 3959 698 3960
19638 15 6206 5942 2203 4124 6139
19639 2105 2878 6206 2161 4356 2162 705 2492 2209 2589 856
19640 2110 6206 3481 4257
19641 4064 6206 2532 2888 2121
19642 6206 1114 4349 2395
19643 3683 2479 4250 3092 2483 6902 2114 2525 6206 2115 9861
19644 6206 20 28 21 2757 4696 4706 2532 3511 2207 4635 855 1627 3519
19645 2111 3129 6206 7339
19646 6206 6634 6670 1878
19647 6206 2532 2669
19648 1876 2287 842 2490 705 5282 707 7934 4126 2321 3738 3147
19649 6943 2293 2490
19650 2490 1615 1616
19651 5942 4807 2395 31 2490 10406
19652 2257 3683 5715
19653 1137 3481 2756 2490 2842
19654 2229 2490 2289 1663
19655 14 3129 4257 2478 30 31 2490 1607 4073
19656 2879 4807 2490 3493
19657 2285 845 2116 3962
19658 2813 2280 2479 845
19659 3482 1588 4378 1589 7339 21 2284 1594 1595 31 5100 3960 845 2164 4630 2855 2552 2668 2760 5550 3244 4635 5104 2411 4633 1614 1629 5861
19660 2257 2154 28 2481 2286 2882 2555
19661 4064 1868 6634 2258 5100 2555 845 2118 1603 2117
19662 2479 2478 2879 1114 1599 3242 2293 2397 2398 4709 845 2298 2859 1610 5104 6141
19663 698 2162 705 845
19664 2154 2472 2158 845 2164 5282 5992
19665 11399 10919 7808
19666 10348 11172 2076 456
19667 10919 2076 11172 12029 8285 4196 2297 307 2670 8705 2413 4213 11054 2837 4214 7120 2414 9791 7118 10806 9364 935 11055 1893 4198 4212 4074 11755 275 9489 7121 4730 8817 4075 10144 4203 11651 4733 8306 4200 1891 4734
19668 1521 194 3818
19669 4124 6139 4893
19670 5517 8416 11130 7561
19671 357 1230 6890 4816
19672 3270 5399 383
19673 383 7861 1908
19674 383 5586 11619
19675 4432 1379 138 111 2343 321 383
19676 383 4700 2563
19677 628 3756 2059
19678 628 9933 874 3096
19679 4494 9618 7756
19680 5522 5886 8599
19681 7040 321 2865 508
19682 333 913 2533 4287
19683 6445 1483 11147 10452 10557 9080 4199 124 4621 9880 9983
19684 1148 7144 1613 11750 570
19685 9901 7477 4953 3840 1217
19686 1451 8695 340 4145 5034 11832 896
19687 11274 9832 3159
19688 11293 2054 4273
19689 946 6376 9838 8011
19690 331 3469 193
19691 8822 3469 871 486
19692 3469 317 6376 617 4251
19693 3469 1403 413
19694 946 1697 1162 413
19695 204 432 3469
19696 2449 3469 871 1743 9292 311 8090 624 1403 7470 6318 11663 7207 5688 8893 4678 413 60 10543 8840 7653 11119
19697 571 2923 2449 3469
19698 4819 18 3469
19699 10315 7145 3469
19700 2454 193 517 4656 3469 331
19701 3469 2454 873 3574
19702 3469 3556 193 1192 1696 6784
19703 516 9471 3469 11665 133 1743 3834 486
19704 944 7450 6052 232
19705 484 7450 16
19706 2454 11677 11490 901
19707 168 413 1802
19708 3290 549 2939 2454 484
19709 2454 278 317 783
19710 2454 331 486
19711 8164 2454 1216
19712 2086 1410 11785
19713 2454 874 487 1472
19714 2221 2454 5531
19715 2454 12053 8532 11487
19716 2624 5110 10586 5285
19717 7374 11105 4065 272
19718 9294 1209 7559 2463
19719 606 516 12022 1413
19720 1454 87 4817
19721 607 486 7255 5605 3218
19722 801 361 204
19723 5003 8274 7436
19724 1218 7461 10319 11996 4515
19725 823 9219 5316
19726 4789 4849 3326 1281
19727 7895 4781 1465
19728 6106 7090 6027
19729 61 10638 1479
19730 478 8254 1787
19731 7387 1654 3219 10138 5405
19732 3626 918 5408
19733 5408 6013 5345 5387
19734 4513 2936 7153
19735 4089 3046 5141
19736 2422 4577 1655
19737 4577 1273 481
19738 4577 42 8604
19739 5216 5217 7359 6794 163 458 3615 96 3057
19740 11234 8259 1899
19741 3945 8848 615
19742 3230 13 2478 2666 706 2322 2284 4356 2488 2758
19743 6205 2476 2400 4709 2666
19744 2876 3683 6352 2112 1594 1595 1596 1593 2284 7340 2882 2484 2286 2396 2395 2666 807 1597 2392 4813 2283 4705 4706 32 2115 1464 1471
19745 13 9561 2706 786 5116 2755 2258 2113 2479 2480 2112 4378 1591 1592 2666 36 2485 32 2882 2294 2758 2489 4706 842 2296 99 1601 1604 2115 33 3961 851 3137 2311 5551 3519 1614 3247 2214 4126 1627
19746 6101 6902 2285 2666 3110 6102
19747 2877 2666 2758
19748 2751 1080 2258
19749 1864 3683 477 1585 4993 4123 1878 2755 30 2295 2487 2666 2485 2488 2115 2119 1607 8261 1613
19750 3981 263 4686 3823
19751 9035 8138 115
19752 9823 122 1479
19753 118 1533 2136 5514 11612
19754 10455 94 3475
19755 10444 122 2039
19756 786 1114 4356
19757 2405 8784 4509
19758 236 1791 1660
19759 301 7001 3812 102 11528 3763 135
19760 301 3812 102
19761 8820 1357 3365 8378 11147 4199 8184
19762 9483 10397 5609
19763 1798 1743 5193 1311 2557 779 10754
19764 334 864 477
19765 334 10395 9020 5827 5804 7257 8449 7259 9867 3309
19766 334 6740 9632
19767 321 614 11600 9876 3272
19768 8318 481 5270
19769 3809 10895 11795
19770 9705 3809 5088
19771 142 1232 872 543
19772 11965 333 335 1152
19773 10036 8939 10053
19774 8939 329 1205 470 5941
19775 3689 2048 3190
19776 2494 11373 5269
19777 2494 2539 10566 10474 632
19778 3299 3202 3030 7745
19779 8662 11476 11575 10488 10162
19780 1072 6113 12003 6112 8373 10386 1198 7196 10393 4382
19781 10448 10445 1464 1465 11605
19782 4426 9526 1138 11976
19783 3629 7144 10961 10345 370 2978 9634 1235
19784 370 5879 1238
19785 1876 807 2283 1177 2184
19786 2025 275 500 1655
19787 10816 9144 10251 7825 11362 552 7081 10308 7826 10060 3552
19788 1451 11498 10069 7267 2240 1465 606 1471
19789 606 486 1181 11665 7585
19790 1449 7528 4656 7143
19791 606 901 3834
19792 1468 606 345 11527
19793 3075 6658 7824
19794 3075 15 1080
19795 10993 5141 445
19796 6667 1868 3482 3092 4696 6970 2160 4630
19797 3078 1487 11847
19798 8661 8135 5671 7558
19799 7668 1755 1209
19800 10451 7668 1471 2039 11288 124
19801 2751 734 5116 11008 2258
19802 870 321 3065 3834
19803 243 475 4423
19804 1546 9677 1479
19805 1465 1466 10445 126
19806 3351 7791 4196 2414 2670
19807 7197 8931 3351
19808 5692 9934 500 1137
19809 138 2134 195
19810 6374 8815 2449 278 624 361
19811 1929 388 11484
19812 1379 10699 20 779 361
19813 1379 2134 7471 11420 3032
19814 3316 2414 1891
19815 1864 2876 3683 14 786 4120 2154
19816 1864 2400 705 2882 3242 3967 3965
19817 1864 807 2393 2395 2484 2489 1595 2925 2264
19818 1864 16 3482 616
19819 3076 734 13 1080 5099 1879 2290 2292 3488 1600 2488
19820 3076 13 1585 6943 2477 1114 853 1617
19821 3076 4893 6543 1881 433 4252 9390
19822 3076 14 9561 1585 2758 99 31 3961 3962 851
19823 3076 4501 2755 4378 2880
19824 3076 4501 4250 703
19825 3076 4501 2755 2281 6543
19826 2257 2878 2280 2524
19827 7254 420 7471 11908 4653 2601
19828 5514 10324 5516
19829 5644 211 97
19830 10875 3947 6013 5644 7684 7791
19831 9708 88 10507
19832 2727 10369 10367
19833 5198 11207 11479 124
19834 1471 10445 11639 4621 9880 5198 8447 11431 12049 8559 9128 1755
19835 8357 5198 1464 2088 11981 9161 11337
19836 2696 5623 9077
19837 10586 7406 7673 11725
19838 4063 21 2291 3489
19839 2417 9794 8560 3724 8356 2039 10445
19840 4620 176 4242
19841 6732 3027 3487
19842 4511 6732 6832 1197
19843 4439 10555 3261
19844 1549 27 2110 4072
19845 1861 4354 4064 2878 2813 2293
19846 1861 3482 4257 2478
19847 918 1738 3676
19848 2562 123 10672
19849 2562 1488 8122 9264
19850 5440 872 7946
19851 5440 3834 3129
19852 8781 7194 11715 10339 8933
19853 9960 1137 361
19854 7090 11133 9960
19855 8536 347 11640 2099
19856 361 743 1169
19857 5827 743 398
19858 743 3942 5204 4421 5608 4422 9088
19859 743 10948 6592 128 11277 11788
19860 1060 4169 9938 1488
19861 4325 7069 127 614 238 321
19862 1348 8391 3219
19863 567 9746 3921
19864 194 4984 1347
19865 556 9558 3030 6602 7744 7569 3461
19866 8348 7927 8353
19867 281 3175 8338 4996
19868 281 5634 379
19869 4717 7825 552 4651
19870 1442 11166 2033 2618
19871 8971 484 2033
19872 2876 5902 2111 1585 1589 1587
19873 2876 6352 1114 2882 2285 2171 2408
19874 2876 1590 2555 2859 2888 6199 5104
19875 2876 2298 2403 3965 6193 1883
19876 8553 3508 3509 2535 4196 2414 50 502 2670 394 4074 8963 7315 3521
19877 2616 2615 2617 11345 3082 6609
19878 2913 5532 493
19879 487 2221 1451
19880 898 9395 7184 3272 11836
19881 2184 1177 2221 3083
19882 2221 11395 9534 11727
19883 7517 1484 874 9313 2221 3087 60 2992 6063
19884 5075 3304 899 11138 505 2221
19885 2221 1163 331 1442
19886 2221 949 11672 7887 4041
19887 993 61 1465
19888 993 325 478 321
19889 9226 10047 7106
19890 6112 6320 1197 7150 609 11742
19891 1348 311 1301 3032 321
19892 7267 5382 2594 2939 7885 607 1447 7528
19893 2913 1137 321 7457 5785 128 1752
19894 2767 571 624 2932 3606
19895 8689 10764 1216 3769
19896 3044 54 7796 9536 9302 2927
19897 9002 8784 8643
19898 138 1938 3267 9757 154
19899 827 138 2237 754 3493
19900 5286 138 1983
19901 2630 10733 10502 2039
19902 2156 2265 5996 513 7719
19903 325 607 232
19904 1483 7571 11348 8697 1471 7563 1481 1465 123 7935 325 4102 1328 1447 338 2039 1479 3769 10502 11811
19905 325 7267 2548
19906 325 481 3660 1247
19907 8124 9815 6914
19908 3689 2548 6462
19909 5692 3689 5476
19910 8852 439 10348 3689
19911 5778 2100 2899
19912 3930 7202 272 4187 2336 9953
19913 354 391 5214
19914 11758 3574 11687
19915 2134 3764 6444
19916 2134 7931 175 5405
19917 111 5373 2343
19918 2087 6588 1465 1483
19919 4406 3557 885 6077 502 4211
19920 2866 6740 2037
19921 3942 413 7191
19922 1983 6470 521
19923 3084 2024 1356 874 7463
19924 3290 607 10846 2625 2023
19925 3290 472 6336
19926 871 6212 7576
19927 3114 577 6351
19928 8783 8661 1124 9002 1663
19929 1124 3454 317 5683
19930 11197 7224 11734
19931 967 193 3834 486 128 577 487
19932 1471 7454 7036 1465 2941 11808
19933 9680 4953 54
19934 6372 12038 11035
19935 12038 10388 6885 10512 10570 9507
19936 1464 1471 5606 11634 7265 1465 1483 2039 1479 5608 123 10627 10502 124 8447 12037
19937 9340 307 4198 4200 8306 1891 4734
19938 9000 5735 6174 10630
19939 9530 484 10125
19940 748 5386 11973
19941 4054 4211 391
19942 2596 8796 11444 7275 5346 1238
19943 595 5239 4407
19944 7333 7839 3057 2977 9599 2025 194
19945 2977 4551 2614
19946 3586 11738 4339
19947 607 1536 1192 6740
19948 486 8355 122 4195 1164 607 3202 5078 6592
19949 607 516 128 333
19950 321 7069 607 9161 11494 4819
19951 607 2085 2086
19952 607 8111 12022
19953 607 333 321
19954 607 9932 1410
19955 607 3987 4199 2044 3272
19956 8686 10140 348
19957 607 3085 2720 3942
19958 607 486 7861
19959 9294 8696 338 12071 607 11465
19960 607 9717 7528 5278 5946 3926
19961 607 7467 3582
19962 5972 2100 7767 9094 111 481 72 9379 6082
19963 1195 8931 7194 10495
19964 212 2237 10231
19965 2081 10317 181
19966 7703 1525 204
19967 1596 2483 2117 2164 6543 1881 7703 4843 1884 1611 2836 1619 1610 3968 1617 1615
19968 10931 7703 108
19969 2978 10153 1137 7617
19970 1770 999 8944
19971 999 10703 9970
19972 6811 1738 5523
19973 2615 2616 6135
19974 11049 9394 10320
19975 2076 456 7808
19976 3027 7808 456
19977 10930 8058 9728
19978 9395 10412 1355
19979 9932 10657 5592
19980 11543 9932 8230 10641
19981 111 4411 3812
19982 7389 11294 7667 11761
19983 11937 4196 8485 8349
19984 2713 7417 1016 481
19985 7861 11114 6756
19986 1137 3218 6376
19987 11376 9161 126
19988 2085 7257 3218 4820 7261 3272 2240
19989 5077 6693 4270
19990 1418 5077 2184
19991 11841 503 1975 4657
19992 7001 126 11413
19993 5722 565 2098
19994 11054 7120 7118 565
19995 8355 122 1465
19996 1464 1471 3043 2375 11579
19997 2498 7297 2100
19998 6483 8332 10395
19999 8332 122 5606 1483 123 10312
20000 1164 8332 1451 7948
20001 321 1464 1471 10312 10313 10314 10446
20002 9109 7683 1299
20003 7683 1028 1299
20004 1024 361 6979
20005 9225 9603 7760
20006 9400 7631 10004
20007 4289 6058 5618
20008 486 391 4329 5286
20009 3028 4289 8784
20010 11817 3978 3057 8033 3643 3575 7274 472
20011 3683 3764 31 2288 1603 2302 4251 5992 1616
20012 307 7120 9791 11054 2414 2413 6221 7118 4198 1893 3764 5524 6457 11055 11611 4730 4074 7119 2670 11755 7121 275 4212 11019 4733 1891 2676 2212 4734 7322 11695
20013 128 11432 7996 3272 11589 2759 3764 11674 1471 1478
20014 439 11172 12029 8414
20015 10312 10313 10314 10446
20016 8122 11707 8830 7036 503 6498 2098 8649 4832 2040
20017 1478 9876 9862 610
20018 18 3658 2481 2529 4996 3243 2119
20019 3192 7578 8354 400 11844 2044 5606 8447 1474 769 3309 5806 3768
20020 54 3191 8587 3908
20021 1585 128 8197 4985 2617
20022 11739 2738 8100 4858
20023 10472 3198 310 9411 1204 65 7751 11739 5088
20024 4096 7455 10747 1409 6484 11831
20025 4096 8714 7455
20026 4096 7455 9469
20027 7480 4096 7455
20028 9992 7552 122 2044 1464 11207 3724
20029 3488 4187 432 706 842 2487 2296 4630 3244 1887 10431
20030 1977 3473 7906
20031 1310 1696 2949
20032 9862 4819 9185 122 4969 2242 10402 1480 10578
20033 6603 1148 5829 3871
20034 398 1323 1409 39
20035 128 345 11723 2670 1323 5169
20036 1798 11839 8783 6441
20037 2343 6078 1908 10502 124
20038 11261 7181 11062 10848 3058
20039 7333 10066 9908
20040 871 624 413
20041 6174 11724 11966 10613 7558 8643
20042 406 6520 9003 9220 7465
20043 4257 1590 2665 2393 3222 5939 3046 5235 4636 36 705 2290 2117 6199 1614
20044 8175 3046 4636 7053
20045 11690 128 7807
20046 4952 98 7139 8246
20047 2112 6954 6803 2529
20048 11948 6655 9517
20049 8141 11421 4006 11032 11033 9149 11381 10812 10035 3357 4007 11969 4432
20050 10271 5520 5144
20051 9319 7856 11625
20052 8141 11421 1204
20053 4006 8141 11421
20054 8141 11421 10812 3357
20055 9929 11969 1218
20056 10711 1206 888
20057 1195 8931 10733 11733 609 1465 6279 7153
20058 10882 9729 5346
20059 5346 1585 4123 2258 1589 616 21 72 2596 1525
20060 9022 5346 9794
20061 11558 5346 10963
20062 9652 1158 1714
20063 9913 5949 9153
20064 263 8689 11727 7584
20065 11136 9138 367
20066 6012 4557 4637
20067 11085 5671 11461
20068 10413 913 871 1696 3419 3453 317 5193 262 1415 6568
20069 1458 321 7526
20070 651 133 800 7277
20071 6063 2969 3354
20072 195 101 1212 844
20073 1161 1162 2713 1535 4340
20074 2713 1191 4682
20075 1479 340 11251 4840 4619
20076 13 1080 2879 21 655 2304 2307 2211 2411 2408
20077 4439 7169 946 1501
20078 3434 8388 6512 4439
20079 4439 7574 6374
20080 4439 2596 9828
20081 3593 9637 4859
20082 6411 3453 3390 9962
20083 6336 9709 10214
20084 1232 4761 338
20085 9642 3851 2090 4515 316
20086 2768 1273 6787
20087 913 1983 1212
20088 1983 103 11136 6549
20089 1983 17 6120
20090 1983 526 874
20091 7069 128 10940
20092 9138 2823 12041 7418 11528
20093 7194 609 8374 11288
20094 3353 4809 4188
20095 4809 1148 819 651
20096 92 8073 3453
20097 7267 3304 2088 9161
20098 9246 3711 9995
20099 477 9246 3800
20100 2927 3433 10452 1209 11782 11834 11516 123
20101 6239 8719 2927
20102 9431 1171 3433 4678 1447 11432 407 9976 10364 11954 122 8184 63
20103 10648 3299 11776 2617 127
20104 6981 2246 1556 6694
20105 9996 122 1465 8419 1479
20106 2464 3198 7069
20107 2464 7604 5231
20108 128 1204 2464
20109 698 2404 3245
20110 2258 2404 2117 1607
20111 14 13 7313 33 1604 2116
20112 770 2479 1587 2757 1822 3493
20113 1876 1114 3092 4502 2298 2859 2171
20114 5098 1587 3092 1151 4705 2274 4706 2397 705 2298 2403 1617 853 2324 2208 3967 3965 1619 1611 1609 1610 1615 1616 1618 1886 2410 6198 6196
20115 734 3488 2555
20116 6943 1588 1590 2258 2403 2298
20117 2403 2118 2668 4251 2302
20118 5100 2403 2116 705
20119 1080 2879 4994 4502 7340 74 2274 5100 6191 2883 2555
20120 6969 2162 3961 3962 847 6104
20121 2619 3453 290 9050 284
20122 778 9784 103
20123 9803 9929 1197 8412 4819
20124 4819 122 1465
20125 1197 6830 1195 7151 11799
20126 4819 6372 9006
20127 4819 2085 6372 1754
20128 4972 4819 10585
20129 4819 1483 11481 609
20130 1660 3793 10395 4819
20131 4819 9185 6483
20132 9929 8181 11475 4819 3793
20133 9214 7197 8412 9166 7096
20134 4819 10395 11533
20135 4513 10613 8360 4819 6372 8783 9746 6174 11443 11966 2935 10162
20136 4819 10395 7257 9867
20137 4819 8355 11746
20138 11461 4819 10726 11539
20139 2085 7448 2087 3272 4819
20140 7267 3272 10686
20141 3272 4819 3793
20142 516 4819 2085
20143 11496 2243 4819 9320
20144 4819 2085 2243 7264 9020 11461 4822 10673 122 9495 1478 124 7259 1479 1986 10202 2644 11147 12071 8626 2242 10452 4199
20145 4037 4195 10644 126 124 4819 3301 1479
20146 4819 10261 1471 11986 3767
20147 4819 651 9185 6483
20148 2148 7257 9647 12046 3829 4819
20149 4819 11375 10394
20150 122 5563 2243 7257 5604 2463 124 1464 3301
20151 4819 2243 10723 9868 7257 10184 10402 11461
20152 7760 4819 11803 4590 123
20153 10518 3566 4819 1928
20154 4819 7090 7092 7262
20155 4819 9080 2085 5592
20156 4819 486 6113 483 2148
20157 11865 4819 122
20158 4819 122 1465 1483 6483 7257 8560
20159 4819 3272 1465
20160 4819 10402 8532
20161 4819 8697 2085 1464 7261 1465 61 4618 63
20162 4427 1464 2148 11499 4819
20163 4819 9896 1471 1464 1478 10394 1465 10213 11493 7196 11624
20164 9669 4819 632
20165 1164 4985 4819
20166 4819 10673 7258
20167 4819 7257 8732 4604 536
20168 4819 6483 10673 477 122 2086
20169 991 992 9134
20170 5065 5066 4816
20171 6372 124 2438 2437 9948 126
20172 8888 8931 7153
20173 10023 9044 505
20174 6580 142 6858 11464
20175 5474 10703 3041 6030
20176 10703 8418 11573
20177 10386 8779 7364
20178 5193 3276 3257 4383 3277 587 4322 8185
20179 10323 8943 8383 12039 9495 1465 7563 10724 2085 8356 10671 2039 11746 10337 10415 5569 11981 11907 10395 10396 4199 4621 9876 61 126
20180 10724 61 4199
20181 10724 12031 11412 11871 11301 11415
20182 923 6767 65
20183 4607 8795 8913
20184 6853 3106 8276
20185 2242 4199 9646 3272
20186 12003 8608 6112 7151
20187 3575 61 2894 5976
20188 2618 6610 1410 7713 472 1470 7474 3575 361 4579
20189 3575 3165 624 4565
20190 492 1407 5453
20191 4962 1524 11873
20192 6872 8625 11759 11856 4715 11918 8987 5551 2072 2528 8546 11857 12082 9802 2308 112 429 2641 8384 6354 11859 9953 11152 11926 11876 5178 11151 11879 12057 11978 10603 11860 12081 9731 4359 1524 11786 9772 11478 9934 4170 4206 4739 11875 4203 4738 11877 11878 7320 12061 2531 11886 11889 11896 11862 11861 11899 11366
20193 1524 6353 2072 6270 11478 12083 4203 10603 9934 4206 2537 4739 10873 4738 3644 11874 11873 11875 11892 11861 12059 12060 2308 7320 11876 11879 12057 2841 9731 12058 11881 9819 11885 11863 11930 11786 11888 11896 11862 11900 11929 11903 11902
20194 11896 9772 11891 11897 11899 11895 11928 11885 11902 11903
20195 6221 4196 2414 4198 6373 1893 4211 11870 11874 11873 11872 4203 11877 7121 11861 3644 2308 10873 1891 4206 4733 10144 4734 7323 4730 2531 11890 4745 11366 10924 11896 11886 11862 9519 11887 11898 7119 11152 11878 11897 11889 11900 11929 11930
20196 10770 11418 2625 11180
20197 3521 47 4737 4736 4313 7318 2676 4742 11009 2677 2310 4740 4741 4733 1891
20198 3148 4511 11123
20199 1465 11585 12075 11083
20200 8556 128 7265 61 3148
20201 3022 11622 4511 61 11414
20202 11812 122 11276 3043
20203 11812 10671 11745
20204 11812 122 2242 1465 1483
20205 2039 1465 1475 11812 1483
20206 3871 1137 1697 8096 3032 204 5680
20207 8518 946 3257 9963 331 5325 7118 9791 6373 4074 7119 7121 10144 2676 4203 8306 4200
20208 11099 331 486 2086 6483 11496
20209 755 331 193
20210 331 333 11801 10325 871 340 4560 321 1261 11081
20211 331 3834 1162 1163
20212 331 577 1357
20213 331 3800 1455 11811
20214 3198 3166 331 871 1212 2971 907 4086
20215 168 624 1277
20216 168 338 4627 5256
20217 1273 83 3262
20218 1273 2771 1535 1163 7418 1238 8891 9200 8603
20219 3962 706 4893 4190 4996 4126
20220 2878 2116 2164 2118 4997 4190 4504 2302
20221 4124 20 2757 1599 3242 705 4190
20222 4807 1595 2287 2290 698 2115 4630
20223 28 1114 99 2284 2114 32 2115 3962 4190 6543 433 2492 8261 7934 3139
20224 2258 2280 8168
20225 3683 1589 1587
20226 7149 9495 1137
20227 4552 333 9803
20228 10846 4552 1161 1163 1162 10295
20229 319 2737 27
20230 3677 6462 5256
20231 3911 7158 1704 8119 390 7113
20232 520 9923 6493
20233 10824 4246 7511
20234 5882 2184 516
20235 4634 9629 8903 907
20236 232 7713 6827
20237 10097 7498 123
20238 5526 1207 165
20239 2703 1165 1451 7515
20240 7457 2618 3823 1511 5070 111
20241 477 5070 503
20242 2631 4326 1537 111
20243 1403 2631 503
20244 2631 358 1751 8649 8838 11300
20245 2631 508 8492
20246 1160 1928 1484 1181
20247 1010 333 12021 1160 624 7835 5569
20248 1160 871 3085
20249 333 338 1160 11311
20250 1160 1410 946 487
20251 7541 4320 3274
20252 10850 413 472
20253 2449 9321 3408 10761
20254 1474 11811 2449
20255 486 2594 139 8208 1165 1166 586
20256 2449 58 4327
20257 2449 516 345
20258 2449 487 361 8560
20259 2548 2449 11230 9655
20260 2449 872 11826 1502 5256 4986
20261 7296 8441 1471
20262 695 486 9637 8637 7296 657 11841
20263 2244 7835 10846 1449
20264 10846 1410 128 333
20265 11180 2618 1165
20266 3978 361 11180 1216
20267 5855 9876 12075
20268 10803 5855 3057
20269 6374 5855 4882
20270 278 872 128
20271 2088 333 3165 278 140 335
20272 3833 10940 11412
20273 9098 278 1153 11628
20274 278 486 6740
20275 278 871 873
20276 1451 7587 800
20277 5796 1274 827 871
20278 871 516 317 617
20279 2421 783 871 3897 3804 7151 11803 2090 4513 7448 7194 122 9965 1478 8934 4597 9930 3043 8052
20280 4461 401 5459
20281 4792 4793 871 2970
20282 871 3032 499
20283 871 5608 902
20284 11545 1164 9862 4511 7822 12027 610
20285 9413 11558 530 9181 9006 1483
20286 1743 2738 624 413
20287 1743 5292 11999
20288 1743 193 5448
20289 11658 1211 7196 3043 4605 10667 9508 651 1464 9186
20290 11993 487 7511 193
20291 193 5087 7827 9782
20292 8225 1163 10734 193
20293 317 11339 9466 5509
20294 9133 9395 11869 2715
20295 11275 135 1477 11869
20296 9281 4618 7263 63 9794 124
20297 7507 5010 3724
20298 9858 876 3190
20299 505 1451 5448 1444 1449 12071
20300 10395 505 1928
20301 5531 7089 7622
20302 5531 3159 1535 1162 1163
20303 5531 361 6072
20304 102 4854 162
20305 10773 405 7100
20306 10639 405 7100 3792 3562 7988
20307 11816 1470 10048
20308 1754 2148 1465
20309 5321 194 1976 425 7738 441 307 7322 275 11019 8679
20310 5441 624 345
20311 8254 11177 9373
20312 6698 11810 393
20313 487 6958 571
20314 10127 11831 6958 128 1478 7454 4622 324 5608 11300 10714 239
20315 11252 8445 6958 9043 2237 6765
20316 1483 6958 6417
20317 6958 9043 3410 477
20318 7541 3475 9043
20319 488 2184 3204
20320 581 5790 59 9886
20321 516 624 6416
20322 516 6050 9323
20323 1465 516 7454 1474
20324 516 1464 577 10755 122
20325 516 4135 7266
20326 7437 8235 935 516
20327 516 6609 9471
20328 516 3834 7973 914 10269 783
20329 361 516 49
20330 516 2891 123 351
20331 321 516 413
20332 516 7143 2086
20333 11913 1162 5716
20334 8895 1162 10521 266 11640
20335 10084 266 3278 10663
20336 944 1175 4989 1327
20337 7496 311 1163 3032
20338 5252 3364 11706 838
20339 4611 7331 311 3087 3219 401 7832 10064 7459 235 8528 5273
20340 1471 1483 123 1478 7265
20341 2240 11147 1476 5516 631 4199 5517
20342 6046 1994 1476 11472 11907
20343 1476 10516 1482
20344 10352 10328 10468 10793 11544 123 7816
20345 240 9290 10577
20346 9655 872 11311 413 9594
20347 2928 7459 9562 7822 3395 10146
20348 1729 9970 9527
20349 8073 326 321 333 123
20350 3009 2037 7796
20351 3202 10928 1525
20352 3202 128 333 8386
20353 3202 1458 1301 1162 1163
20354 3202 1216 4404
20355 3202 2625 6374
20356 8138 128 2625
20357 624 874 899
20358 2625 72 9228
20359 2625 11527 9324 3030 8921
20360 2625 872 3475
20361 2625 122 1479
20362 2625 7457 1449 1192
20363 2322 2274 705 2290 2164 5550 3245 991 1618
20364 2524 2258 6954 1114 9522 2393 2274 2882 2293 4709 2555 2118 706 5104 6213 1824
20365 2879 2274 2883 2489
20366 2481 2274 2115 2118
20367 2274 2643 5939
20368 2126 702 2518 1876 5942 2282 2522 4908 4725 2314 2313 6928
20369 2126 770 2480 2113 2291 2296 2758 4709 2116 2214
20370 3683 2126 4126 2321 2171
20371 2126 2105 9326
20372 2126 2877 1585 8584 6698 2322 4356 6803 705
20373 2126 2878 6634 2879 2397 2114 2555 6109
20374 2126 703 3959 6543
20375 1588 2126 1597 3242 1601 6140 706 2302 1613 6141
20376 2126 1866 734 2878
20377 2126 5116 1499 4997 4995
20378 3767 9178 122 11412 5170
20379 9629 9876 239
20380 3179 9600 10655
20381 2191 5618 7119
20382 10338 7367 1080 2246
20383 2617 2460 2616 1165 11707 8521 9411 2618
20384 3791 5078 1928
20385 8844 6977 3272 2204 1479 4621
20386 8844 11718 11276 11479 7074 6412 7816 9880 2941 10755 11831
20387 10153 1464 1754 3301 9006 12033
20388 8540 10240 12033 10612 10445
20389 10080 4037 10770 11418 2234 1216 11832
20390 8884 946 9409 1535 3116 7518
20391 10097 8686 6135
20392 9914 10757 10329 128
20393 420 11355 4653 8552 10277 6983
20394 11190 1014 6694
20395 1984 4383 3277 9272 5348
20396 526 7988 10399
20397 10611 472 1479 125
20398 10611 10607 8556 10614 123
20399 9161 11479 2728 8559 11981 11785 11700 10236 10451 10611 7935 11683
20400 9006 1464 1754 10394 8154
20401 3743 1552 8841
20402 2913 3440 946
20403 5544 6984 4679 5909
20404 5088 1657 2913 3871 4833
20405 6667 1114 2484
20406 6667 2878 2114 4709 2408 6196 2124
20407 6667 15 477 618 28 1879 4502 1599 3489 2123 4843 3137 2407 2169 2282 6141
20408 6667 1589 704 6665 2290 706 2302 4997 3028 1627
20409 4064 6205 1585 1871 477 1589 1587 1606 4942 3965
20410 6205 4067 2755
20411 6205 2258 4705 2484 4706 2293
20412 11417 4039 10441
20413 4039 1164 10827 609 4511
20414 10723 1479 11147
20415 8382 1484 7705 3257
20416 7203 5975 1600 99 1599 4893 2209 4357
20417 2431 1663 3492 9962
20418 9978 2431 7741
20419 5618 11483 2431
20420 10195 9418 8970 2557
20421 3937 5377 3546
20422 11794 10388 11746 7257
20423 10451 11839 8559 11601
20424 6918 8016 9620
20425 10428 1466 5972 2037
20426 5116 2478 4124 698 2117 2532 8110 2560 6103 3245 9861
20427 12021 11034 5377
20428 128 2891 4284
20429 2891 946 9963
20430 1162 111 946 7517 6581
20431 734 1770 10565 111 5405
20432 111 2343 11590 11915
20433 111 1953 4443
20434 111 2704 5373
20435 111 5373 813 814
20436 11721 1660 165 10947
20437 1660 11926 11478 4203 11786 9934 6270 4206 4739 4738 11874 11873 9731 12057 11978 11861 11934 7320 2531 11349 11892 11893
20438 11994 10997 9384
20439 328 1660 704 2406 6976 2668 2534 3964 1617 2122 4125 3247 3249 4854 5861
20440 6372 10647 9926
20441 10647 8697 1464 1471
20442 1028 11166 8904
20443 1028 632 7144
20444 122 10394 1464 3198
20445 321 3044 3295 4953 54 3198
20446 3198 1191 486 321 5213 125 619 54
20447 7526 11464 1152 1191
20448 1031 3793 122 1465
20449 126 3767 239 8386 1021 508 123 11185
20450 1016 1464 1479 1481 10502
20451 8697 10236 7266 3585 7461 1016
20452 4229 3800 11800 1161 1005 899 1527 11574 10518
20453 4229 8260 1195 10335 4590 8500
20454 4229 4120 163
20455 8629 7052 10962 4205
20456 3553 567 7996
20457 3054 567 3924
20458 567 7194 932 658
20459 2518 1692 2479 2665 4807 1114 30 2261 3959 2116 10799 7887 1880 1499 9624 6178 2407 4125 2842
20460 1480 125 10641
20461 7043 10658 3149 9202
20462 10607 7565 4217
20463 9534 11332 7518 5030
20464 10642 10262 6983 6830 8607
20465 1876 2205 4502 1598
20466 10982 3417 8377 8828
20467 2253 3295 11440 9536 321 9302 7087 7032 10891 9635
20468 2253 333 9602 1663 122 321 11279 4199 4297 3022
20469 4704 3818 3410
20470 3683 2665 1589 7236 31 3493 3115 1616
20471 3683 1589 2756 32 4706 4705 2855
20472 3683 6665 2261 4357 4126
20473 1588 1590 3959 698 3960 3493 8618 1589 1587 2116 9547 11089
20474 11703 9213 8904
20475 530 1755 7269
20476 3440 101 5175
20477 3258 333 11348
20478 11645 10858 7169
20479 4323 884 5712 4386 10280
20480 1443 5213 3688
20481 5273 3688 3834
20482 3688 3834 10429
20483 1696 3585 1693
20484 472 3107 1696
20485 345 6610 1458 2894 10764
20486 1458 128 7184 10891
20487 8497 11114 413 1738
20488 4040 3818 3118 5523 5220
20489 10048 8521 8960 1234 5350 1585
20490 9364 2299 4196 7118 4198 4074 7119 4212 275 4203 4733 8306 1891
20491 9364 11937 2299 11643 8705
20492 2299 3523 3522 7118 3517 3518 4196 2414
20493 8394 6246 9759
20494 1866 1868 7313 2466 2258 1879 36 2485 705 2115 4630 8574 1601 5681 847 8059 1881 3243
20495 1866 1585 20
20496 11736 10448 1192
20497 1192 7418 8128
20498 1192 4671 1096
20499 317 883 517
20500 317 486 7455 1989 1172 10559 413 361 1447 333
20501 2539 5804 54
20502 3834 2894 119
20503 5882 3834 577
20504 1137 11082 11687
20505 3834 10927 1163 263 912 2719 1527
20506 5229 3834 3546
20507 5066 4476 1585 477
20508 8267 8676 11290
20509 3044 61 651 7267 9794 122
20510 4619 11124 11010
20511 12030 122 1234
20512 8278 2865 508
20513 486 10029 5618
20514 4953 11291 11242 486
20515 486 2242 11986
20516 486 1585 5189 10428
20517 486 2616 3798 10637 6135 2618 3170 6050 1448
20518 486 2102 1216
20519 6979 486 624 7528
20520 486 5078 1162 3364 5314
20521 486 347 6135 10138 10965 132 9161 6316 8961
20522 5231 12020 6462 128 12053
20523 5946 1181 5231
20524 3975 2493 11495 126 10445 7074 1479 11147
20525 5231 7587 8150
20526 11770 8697 7527
20527 4063 2105 6101 3959
20528 4063 9561 6634 1589 30 1592 2396 842 705 2323 2532
20529 4063 2877 734 1585 2518 4705 4706 32 2294
20530 2751 2261 2287 2392 5100 2116 3493 2408 2171 1824 1613 3246 3247 1628
20531 2751 1875 3489 2492
20532 2751 705 2122
20533 2751 2324 707 2327 4127
20534 2751 6943 3481 5098 4250 2284 1599 698
20535 2751 477 6634 1875 2258 1587 1879 29 2481 2159 5715 28 3242 2489 698 2115 4630 3110 2532 3135 1626
20536 2751 2154 1114
20537 2985 9398 11505
20538 3027 72 11326 5640
20539 8930 6174 8784 4509 8658
20540 359 10880 10055 10029
20541 10029 2814 263
20542 10029 1535 6323
20543 8418 9876 3461 10922
20544 7267 10448 4199
20545 1207 5135 5328 1655 165 3272 1481 1479 5867
20546 11309 9876 4515
20547 4667 1791 2026
20548 10522 573 277 7577
20549 4654 9428 204
20550 3272 238 4621 2941
20551 10881 9185 11627 10622 7257
20552 5514 9099 11430 11639 11487
20553 3727 11276 5608 7074
20554 8287 11340 9410 142 3034 849 7193
20555 9495 66 11029 11414
20556 9495 1549 1234 8278 6336 2865 508 7114 11337 6532 4514 4985
20557 9495 122 10448
20558 9495 122 1465
20559 9320 9495 2728 2242
20560 9495 5592 9006
20561 9495 128 11718 54 124 1471 6532
20562 6532 9495 11461
20563 2085 9495 9810 7929
20564 9495 2039 1479
20565 11500 3492 9495 122 1465 4511
20566 9495 122 1464
20567 9495 1464 238
20568 9495 122 1471 11718 4199 123
20569 9495 3301 61 2515
20570 1471 2039 9593 10445 7267 11414 11718
20571 10610 1464 1471 1478 1465 10671 11601 11806 2941 10755 7267 10686 11415 11279 11745 12069 631 4621 7074 11480
20572 1535 3261 3032
20573 1525 946 1984
20574 3090 1535 1161
20575 946 5256 6462 3277 338 10685 11447 7475 1535 11965 1439
20576 934 122 7816 8443 7472 4621 10449
20577 5996 513 2155
20578 5996 513 7530 2156
20579 5996 7530 2155 2153
20580 2155 2156 10596 5149 6006
20581 763 11839 4510 11158
20582 11839 4511 4605 1474 125 8501
20583 4030 9732 6462 122
20584 1737 9440 9624 3139
20585 9001 7557 7532
20586 9001 6174 11966
20587 9001 5671 10613 6174 8783 8779 11476
20588 11549 8442 11555 769
20589 275 110 2025 4411 4704
20590 3481 4813 2882 2164 3242
20591 2878 4250 2396 2883 4813 2311 4722
20592 5116 4813 9390 2207
20593 362 54 321
20594 8355 7144 2088 11972 11552
20595 9645 2039 1479
20596 9161 9645 8356 10396 4199
20597 6372 3793 9896 9645 10395 2085 11520 6483
20598 10770 1478 3304 1164 3793
20599 1471 1483 3272 124 4199 1481 11710 123 1485 6034
20600 7862 11946 2085
20601 11770 477 6969
20602 10733 2243 12030
20603 10804 6482 10666 8541 9976 5804
20604 946 1654 3364 6828
20605 477 6097 10135 10356
20606 2618 11348 1701 3395 872
20607 521 4828 10887 499
20608 7152 4159 4592
20609 10577 1482 10519 61 3309 7257 7259 11539 4159
20610 9923 9599 8123
20611 11234 5189 9079 5806
20612 3793 5463 8988 10465 1501 11086
20613 8171 4611 3804
20614 5999 9169 5853
20615 11379 8350 4950 11036 8812 10721 9584
20616 97 194 1655
20617 97 7202 1655
20618 1753 1464 1471 5605
20619 975 1937 7455
20620 1407 5398 5213
20621 3410 2188 724
20622 724 6125 5427 458
20623 4594 10645 2254
20624 5692 8852 478 4294 7027
20625 10202 8181 10224 8359 9098
20626 1585 2105 3021
20627 333 11315 142
20628 8260 10055 899
20629 2894 128 333
20630 2085 2088 7070 3987 142 11690 7259
20631 2894 5075 874
20632 2594 398 431
20633 11716 1479 2594
20634 1585 2373 9685 10859
20635 2594 10764 5213 6462
20636 2594 2421 1005 899
20637 1010 2738 2969 1984 913 2718
20638 3087 413 11419 1163
20639 10836 1742 11307
20640 5997 8741 83
20641 7196 11621 6174 6831
20642 5689 3057 4358 9489
20643 1212 923 2390
20644 2540 487 1535 3261 1537 1162 3800
20645 8636 2732 752 413
20646 1474 7616 3022
20647 943 5809 2690
20648 11031 2557 11032 4007 11033 8367 10312 10313 10314 10311
20649 4064 4993 5116 6207 1151
20650 4064 1137 5942 2322 2289 3493
20651 4064 4501 2154 4257 2487 2114
20652 4064 2522 6803 2315 6929 6200 2675 4311 7321 52
20653 2862 12019 1986
20654 5785 8642 478
20655 290 923 11419
20656 4541 1552 10269
20657 2665 6954 4807 2398 2393 2114 2396 698 4252 1619 5104 2408 50 1824
20658 2286 7236 1822 2295 2551 842 2487 2163 2117 2164 2115 3962 4252 4073 1609 4125 9626
20659 2481 4252 853 2324
20660 5116 2478 4257 2479 807 1151 1822 2296 2117 4997 4252 2121 2209
20661 10291 12056 1148 3272 11834 11414 9880
20662 9319 265 8074
20663 6101 2258 4807 1114 2523 4356 705
20664 1737 398 1738
20665 1470 1737 11787
20666 4787 9573 6331
20667 4788 398 3938
20668 4704 96 1770
20669 4704 4105 246
20670 4704 1407 2188 6192
20671 8865 1655 6328 2607 4704 194 2025
20672 2074 5355 1311 2195 4704
20673 5092 1216 3032
20674 5897 11484 9079
20675 3660 10650 10733
20676 125 11601 1175 3660 9226
20677 8700 1195 7151 10660 2152
20678 3230 8104 927
20679 3230 2479 2478 1151
20680 7266 6336 5604
20681 5497 10718 1162 3364
20682 6543 6363 6976 5986
20683 5987 7322 9489 7118 9791 52 4211 11935 11870 8306
20684 5116 2154 2665 6139 2483 4187 704 432
20685 7557 1540 11083 9876
20686 7043 6191 2643 2203
20687 2865 508 11449 54 7796
20688 6592 128 11277 333 3475
20689 5256 11965 333 1481 493
20690 1162 345 5314 8613 11502 1163 333 338 321 132
20691 54 6316 8235 7032 10075
20692 315 8556 11834
20693 128 142 506 11610
20694 5557 10880 72
20695 9509 321 619 11989
20696 2640 2083 1738 4511
20697 10180 2991 8699
20698 10396 4488 12043 8446
20699 3492 239 6663 2865 1238
20700 5613 1389 983
20701 624 103 7517
20702 4037 8559 4199 11748 11807 1483 4511 10281
20703 4037 3272 1479 61 123
20704 624 472 9757 3395 4037 3362
20705 5222 4333 873 2618
20706 3487 2425 7213
20707 6106 7654 5673
20708 2102 20 6101 2290 2492 1607 3135 4722 3145
20709 2102 10883 8285 2258 6476 4192 4356 3242 4635 2209 1559
20710 3092 2286 74 7061 2880 2400 5100 3242 2406
20711 2102 616 618 3092
20712 8976 6919 10039
20713 10812 7022 11648
20714 10812 7023 11969
20715 3357 7022 11648
20716 9917 10568 10461 4608
20717 11046 1407 2632
20718 9066 5417 1407 4791
20719 1407 10329 9719
20720 2154 8767 5992 2166 1885
20721 1026 9215 8904
20722 3798 1166 128 345
20723 9372 1945 11693
20724 872 624 2715
20725 872 5314 142
20726 477 126 333
20727 983 872 9058
20728 6097 872 4515 11996
20729 127 2729 7775
20730 2436 2433 5696 14
20731 5696 2878 3044
20732 14 7313 703
20733 74 2158 2293 2163 5829
20734 5829 4989 11074 7688
20735 9321 624 10048 1479
20736 9632 333 142
20737 1548 310 1162 3032
20738 16 9522 2534 2211 3966
20739 16 1164 4406
20740 16 3962 2406
20741 481 770 8333
20742 7875 1585 1080
20743 7255 1137 5825 122 1479
20744 2992 2539 10516
20745 2539 7069 484
20746 9225 10625 3975 2539
20747 481 7160 2226
20748 3129 2878 2879 2859
20749 3129 1876 786 6101 1585 618 28 6955 8690 2282 2881 2296 2476 2492 1499 4504 4073 3135 5551 3139 1612
20750 8865 1655 6916
20751 4501 1876 1598 1592
20752 11783 1528 7928 142
20753 10770 2615 2616
20754 6923 6944 6742
20755 234 335 4986
20756 10605 10339 3586 932 7150 6831 8608 4605 8700 8609 1479
20757 8111 2980 4201
20758 7266 7270 123 126 5608 3049 10516 8230 10557
20759 2863 1234 2865 11675 6463
20760 1661 946 5804
20761 3044 6316 10073 6315
20762 7196 9930 3586 7151 8571
20763 3935 321 5147 48
20764 10622 7368 9185
20765 122 508 3295 6266
20766 310 1465 11636 2390 1479 7270
20767 2617 1479 123
20768 1152 9860 9412 5448 687 5524
20769 347 7457 472 2026
20770 873 8909 9471 5180 7713
20771 2738 413 333
20772 3408 6462 5256 11330 4386
20773 128 7517 11348 6574 7288
20774 7288 11392 10815 9635
20775 493 7288 9430
20776 1487 2518 2755 2532
20777 1480 1482 10736
20778 3410 1471 1465
20779 3615 1217 2618 9606
20780 11265 7816 8268
20781 3793 3272 6483 10672 10402
20782 3793 472 9898 10073 11291 2708
20783 3793 9185 6372 7261 10395 6483 2243 10672 10402 7257 7264 12044 9647 10673
20784 10648 1483 122
20785 1895 88 10210
20786 1114 2905 5335
20787 15 2111 13 3481
20788 13 10024 1080 4812 4187 2295 2296 4504 3115 1617 1618 2407 2123 2209 860 2171 856
20789 9561 1878 4067
20790 9561 2158 1601
20791 2111 1080 1878
20792 2111 2882 2532
20793 2111 6634 2286 1597 2400 1822 2882 2398 1603
20794 15 2524 2480 2479 2665 2478
20795 15 1137 477 2476 2280 2879 2883 3242 5550 851 2860
20796 15 786 6954
20797 8193 1471 577 619 3044 7576
20798 2058 7110 495
20799 8373 10339 10781 1198 9248
20800 4474 1549 901 11719
20801 122 1478 2088 1479
20802 8412 8373 1214 11799 11161 10389 6832 8423 10334 8609
20803 7866 2811 8316
20804 2880 2400 3242
20805 5992 6178 8261 1885
20806 477 2205 7340 2286 2118 5992 4997 6213
20807 2524 28 2159 1603 5992 8261
20808 703 4807 704 1594 6803 2118 5992
20809 1876 1977 6101 2524 3493 4251 5992 6178 2671 1824
20810 6976 5992 3115 1883 3139 4357 1629 2327 11945 2889
20811 1822 705 2492 5992 6179 3245 3511 855
20812 5098 8763 2480 2479 28 2286 4696 6970 1151 2484 2114 32 4706 2397 2400
20813 2292 5992 852
20814 4501 8168 6970 1594 1595 6101 31 3960 832 2288 1601 2116 33 2117 2118 5992 1619
20815 9324 621 321
20816 10731 3769 3296
20817 654 8880 5820
20818 9413 1556 7266
20819 4618 9413 3163 240 9876 11405 3022 3043 11582 11288 4488
20820 4120 4993 618 8690 4994 2159 2881
20821 471 874 7191
20822 4434 6680 279 1896
20823 3393 4173 108 194 5344
20824 786 21 2758 2163 2293
20825 7061 6970 36 4706
20826 10685 4320 3278 3823 1176
20827 122 11347 10184 7705 11414 11216 11600 12055 9814
20828 8685 10789 7705
20829 1479 124 5240
20830 1177 132 1484 7576 7060 11335 923
20831 8781 9803 10392 6174 3922 11158 11128
20832 10425 11787 9216
20833 2258 4071 2263 2320 1627
20834 2113 2481 4071 5319 3244 2325
20835 2105 1589 2665 1596 1594 1595 2397 2294 1601 33 2117 4071 2552 707 4073
20836 2117 706 4893
20837 7267 122 1464 1729
20838 7267 5606 518 10994
20839 7267 1464 1471
20840 361 472 123
20841 7576 3272 1479
20842 7267 1471 1465 11718 11276 1464
20843 609 1164 7267 11494 8446
20844 7267 2242 2039
20845 12068 11717 11814 122 1471 1465 1483 1479 12004 7267 9880 238 1152 5606 11577
20846 7267 8356 1481 1479 11147 3272 1465 4511
20847 1464 1471 7267
20848 7267 9006 1465 1479
20849 7267 7611 9876 8608 10156 11470 3043 4605 11615
20850 2548 6462 7267 122
20851 7563 11415 1471 1483 1466 4199 7267 3043 61 10445
20852 7267 66 1471 2039
20853 1478 7267 11683 11147 61 238
20854 7267 1465 1483
20855 7267 2085 1478
20856 7267 122 1471 7263 63 11785 8417
20857 8660 8658 6174
20858 8783 9746 10613 8660 8777 8786 6174 3728 11158 11966
20859 8774 10393 8660 6174
20860 8775 8501 8783 2002 2086
20861 6174 3922 8783 8661 5735 1464
20862 8361 11443 7554 9247 8783
20863 8783 11476 3922 8780 11443 1977
20864 8783 5652 6174 8779 8374 1196
20865 6566 8781 4509 2463
20866 5735 11476 8777 8781 6174
20867 401 4406 8781
20868 8774 2002 1483 8781 8683 9044 3828
20869 8784 6174 3922
20870 8784 6174 8779
20871 8784 2934 8662 8779 2002 11575 10028
20872 8784 4509 8360 6174
20873 8784 6174 7194
20874 6174 5671 8779 10613
20875 8661 9803 1196 11715
20876 4509 4513 7196 10495 9248 8211 8373 1196 10339 11624 7150 8925 11868 8607 5671 6112 10393 7153 10386 11657 9737 10336
20877 4509 5735 7760
20878 5735 6174 3786
20879 7760 5735 7558
20880 7197 11624 7196 4590 11658
20881 8658 8932 10595
20882 3461 6975 10756 6318 7326 2763 10269
20883 770 20 1876 6352 786 8690 2757 2552 4251 2311 3968 1885 5104
20884 20 1876 6352 6101 4188 4355
20885 1868 702 20 3481 6101 618
20886 477 20 4349 1626 4125
20887 20 931 703
20888 20 2478 4250 2118
20889 20 2258 2479 2112 1587 4807 4502 2322 99 5282 3245
20890 20 9326 705 3962 2117 2885 2886 2409
20891 2037 20 2281 2294 2293 2882 2398 4709 99 851
20892 103 9977 9979 1770 4401
20893 3396 2237 5999 6633
20894 124 4941 3396
20895 3396 3326 6260 11176
20896 10873 11872 11874 11152 11885 11892 4222 3410 11862
20897 610 212 5999 6633
20898 8175 2237 4655
20899 1114 2757 4696 1599 33
20900 1465 3362 5712
20901 1976 7078 5483
20902 12009 11783 12011 7528 12013 12014
20903 12009 11783 12010 12011 7528 12013 12014
20904 5302 4816 351
20905 4501 702 2481
20906 4501 4067 477 786 704 3964
20907 4501 1585 18 2478 2258 1588 1114 2281 2295 2208
20908 9216 11788 4950
20909 1352 874 624
20910 10393 9248 10083
20911 8201 912 340
20912 1535 1161 431 840
20913 5348 9963 1509
20914 83 7878 9803
20915 658 6320 11715 8774 3767 2700 1238
20916 11787 1928 11788
20917 3170 65 485 2256 6462
20918 7744 11439 323 5332 485 11808 484
20919 238 123 1465
20920 7069 9656 485
20921 5334 7191 4656 485
20922 481 1413 11106
20923 481 7120 7118 11054 6221
20924 10329 10069 10269 11444 9952 614
20925 5693 2036 10004
20926 4006 2557 4007 11032
20927 7441 4969 8945
20928 5115 1593 1591 704 2324 1611 6141
20929 126 12001 12074 1465
20930 7936 11250 641
20931 9226 4691 6093
20932 835 5942 2952
20933 1471 1465 1479 4199
20934 2481 2667 7017 6336
20935 1123 988 3629
20936 6470 10734 2038
20937 6470 7015 2616 12053 2617 3800 362 4657
20938 5378 7322 8705 84
20939 11427 3262 4759
20940 2163 3962 6103 852 6213 2411 2171 2214 3247
20941 5116 2258 4257 2113 1588 2483 6803 2290 3962 2589 1886
20942 11621 10083 8889
20943 742 1170 7832 10469
20944 7194 6844 8706 7514
20945 4837 1551 8446 239 9647 7266
20946 4511 946 333
20947 80 946 1535
20948 3096 9987 4251
20949 72 6106 9102 946
20950 946 1697 587 10264 4324 8983 4320
20951 7005 107 1770
20952 946 4986 3257 3277 9272 5348 4323
20953 946 1984 8890 4323
20954 3276 4323 946 8144
20955 3921 8662 6174
20956 8662 6174 11158
20957 8556 7563 3022
20958 11989 339 2044 321 100
20959 3565 6097 7190
20960 1585 5116 4123 1114 2287
20961 1585 2477 2492
20962 1585 1137 2477 705
20963 1585 3482 1114
20964 1585 770 22 2481
20965 1585 4257 2478 2115 2118 4629 3047
20966 1585 6352 2479
20967 6828 3434 3606
20968 1080 6954 616 2159 2302 2409 2324
20969 1080 702 1875 1879 2524 2665 2280 2113 28 2488 4964 4706 2397 2293 3960 5282 5104
20970 1080 4378 2258 618 2879 1114 4994 2883
20971 1080 6634 1877 1114 2285 4993 5100 5716
20972 1080 703 4502 2291 2292 2161 2492 2668
20973 1080 1875 5099 6101 2291 3968 6355
20974 1080 477 4502
20975 477 4250 9861
20976 477 11069 204
20977 477 8815 1471
20978 477 6462 5107
20979 2476 477 4067 2487
20980 477 1110 4502 3959 2552 4995
20981 2548 128 477
20982 477 2203 5098
20983 972 976 65 899 3277
20984 11472 6112 7155 1218 7196 8609 10389
20985 11472 10495 6112 1196 9929 932
20986 8931 11472 7151 6112
20987 1195 8931 6112
20988 6830 1137 1195
20989 1195 7194 10495 932
20990 1195 8931 10150 10606
20991 1195 8931 7197
20992 1195 8931 10495 6112 8211 7153 8929
20993 1195 8931 7194 10392
20994 10339 1195 8931 3586 7151 10393 10084 9248 8373 9929
20995 2074 1470 1471 132 123
20996 8931 3586 874 1197
20997 8933 8931 8424
20998 8932 6830 11615
20999 10595 9248 6113
21000 10595 11696 1218
21001 4603 12003 7197 6830 7151 932 11624 2090 4513 10252 11540 4515 9929 4590 12032 5906 122 7878 11616 9966
21002 7611 7878 10495 8211 10334 11471
21003 7878 10495 11621
21004 7194 11657 7150
21005 7152 11616 11809
21006 7151 10247 7194 10608 9500 1527
21007 9930 10605 8928 9419 7194 1198 4339 1197 10393
21008 8928 10386 11624 11262 10660
21009 11471 10605 6831 1198 8926 7556
21010 11471 11624 8211 1198
21011 7196 10395 9930
21012 7196 9929 1197
21013 7196 9930 7760 11158 2935
21014 7196 10392 9248 11621
21015 7196 7150 9929
21016 7196 7153 6830
21017 8609 11991 11262 7196 11621 6174
21018 7196 9248 11621 9929 8929 11657 1197
21019 11210 10392 11809 8701 8607 12003
21020 2619 7580 10495 9165 6112 10393 9248 10386 1214
21021 10495 8211 6113 11624 1198 8374
21022 1218 652 12003 9165 6112 932 11161 4339 8447 609
21023 7197 9419 8412 10430 2090
21024 72 7197 4618 9281 2941
21025 7197 9874 1218
21026 4515 7760 7151 10983 4513 4605 5906
21027 6112 10150 1197
21028 6112 11696 8211 7153 1214 9419 10150 4621 4515
21029 7760 9166 6112
21030 6112 11624 1464
21031 6112 7151 10150
21032 6112 10605 1198
21033 6112 7151 1197
21034 10750 6112 10605
21035 6112 10335 2242 11871
21036 10393 11621 1196
21037 4339 10393 8423 6136
21038 10605 3586 6265 4614 8204
21039 9248 4515 11147 238 10448 10164
21040 9248 10339 8423 932
21041 9248 8423 11163
21042 6832 11143 9248
21043 4515 8925 9248 9929 7152 9966 4590 10645 8607 11809 932 11799 11616
21044 4603 11657 7760
21045 8373 1238 2205
21046 8373 1197 8424
21047 7759 11161 9419 7760 8374 8560
21048 7153 1218 8447
21049 7153 10335 4622
21050 7153 11850 238 63
21051 7153 10339 10750
21052 609 2090 3586 7151 6831 4605 4597
21053 1162 1163 8587
21054 1196 2463 6481
21055 1754 11868 4612 9929 1197
21056 9929 1551 4511
21057 9929 4515 7760
21058 6832 1197 10548 8423
21059 1754 6832 624
21060 326 128 1471
21061 4621 326 122 3301 1479
21062 326 1234 321 7069
21063 10690 326 5088 128 1483
21064 326 321 128 11166 521
21065 8944 7069 128
21066 10138 3065 8909
21067 4178 245 11172
21068 3057 3192 7578 8354
21069 2306 3192 5578
21070 507 275 1882 5459
21071 5935 1488 4372 328
21072 11762 328 5935
21073 3295 4953 2419
21074 583 10887 1008
21075 2728 11279 8184
21076 2728 10609 7271
21077 10153 8111 6455 9533 1484 8521 10404 338 1152 100 7576
21078 7390 10229 2062
21079 2019 128 452
21080 5608 11147 61
21081 7146 6376 6473
21082 4385 838 1415
21083 11412 4199 10926 128
21084 1922 2305 4908 6197 6195 6194 394 50 4725 2314
21085 11624 10339 8423
21086 8423 8700 1551
21087 414 11703 79
21088 11605 1465 126 10553
21089 9841 6525 2243 11479 8184 7935 1464 10483 1481 9020 7366 6362 10519
21090 1463 3365 1465 8197
21091 10395 2085 6483 9020 9572 8540 9507 7264 10673 1471 4621 11387 1463 3767 1556 7259 9867
21092 1463 1479 4621
21093 122 484 54 1463
21094 11956 10733 769
21095 5375 126 11806 10870
21096 2755 2258 2481 31 2115 3110 6102 7934 6198 1612 3519 1887
21097 321 7069 128
21098 9862 5606 2085 7929
21099 122 1754 1209 8499
21100 321 128 361 125
21101 1654 321 10075 1465
21102 1654 3272 10452 11017
21103 4372 7195 2858
21104 7962 8856 8977
21105 10899 7962 5479 8395
21106 4111 8856 5479 10705 8977
21107 12030 3560 142
21108 10349 482 10110
21109 428 148 11758
21110 6634 22 2258 2479 2113 2472 2396 2392 842 2294 705 698 32 3242 2118 3964 2532 3137 4635 1883 9626 4357 5716
21111 1663 9029 8280 10074
21112 4160 1234 351 1161 2596
21113 1234 6315 9536
21114 6463 1234 6336 2865 508 11675
21115 1234 1663 10293
21116 1234 1478 1465
21117 2203 2281 31 2484 2286 1880
21118 1137 705 1592
21119 1137 263 8613
21120 1697 1137 5348
21121 1137 3219 1163
21122 1137 122 1479
21123 1137 5942 1876
21124 10548 4592 1137 4515
21125 10592 6813 1137
21126 1137 5942 3092 4502 2756 4355 705 37
21127 6210 875 876 9866
21128 1483 1163 1471 5592
21129 10046 3987 8386 11690
21130 8934 3271 8779
21131 7151 122 1465 4605 1214 6320 8359
21132 1214 1197 8609
21133 11975 5608 1481 9983
21134 11975 3022 11414 122 484
21135 122 1465 8558 5627 3049 7368
21136 7541 3065 3574
21137 1540 3527 10395 6988 9507
21138 11301 1212 7563 3022
21139 3586 11580 8374
21140 3586 11624 1197 2090 10631 7561
21141 4590 933 11992
21142 3586 7206 10871
21143 11712 11742 7152
21144 1919 5390 4406
21145 10958 103 8677
21146 103 11124 371
21147 142 472 6462
21148 10794 1929 9489 1985
21149 9214 9213 11069
21150 299 938 1691 532 4555
21151 299 4022 10404
21152 255 265 10613
21153 4067 4502 705
21154 4067 1875 2480
21155 4067 2154 3092
21156 6333 6546 3909 7502 5141 445
21157 542 1114 3523 3522
21158 988 4573 8393
21159 4953 7796 4573 7475
21160 12001 7611 7074 5609
21161 10983 11595 4515 11262 9164 7365 9965 4592 5906 11996
21162 3106 7274 122
21163 1483 7263 1478
21164 9804 9281 8381 11147 238 1474
21165 4622 9804 122 1483 63 2941
21166 8834 6342 6343 5483
21167 10922 3253 10515 3461
21168 328 7573 994
21169 328 9599 7532
21170 1663 11411 3044 11751
21171 4807 2113 4378
21172 620 7480 8417 123 9879 7839 333 2729 1479 11953
21173 1465 2036 1483
21174 2036 11565 4513
21175 11771 2036 1537
21176 8278 123 122
21177 4989 7442 11074
21178 2322 1601 3960 3493 2115 2118 33 6179 2122 2123 2121 3967 1615 1616 2671
21179 827 5421 839
21180 1535 6769 3261 7442
21181 127 508 3818
21182 321 1471 10850 8697 1464 11630 122
21183 8697 7563 61
21184 8697 2240 1474 6946
21185 8697 11622 61
21186 11728 7563 8697 1209 11834 9128 10714 10870 1755 1474
21187 348 8697 238 10445
21188 8697 122 1464 3301 1465 61 10448
21189 9874 8697 1465 63 123
21190 8697 11622 61 8559
21191 2300 4198 7121 11054 2670
21192 2300 4196 2414 2670 2413 11054 9791 52 4203
21193 2300 11054 9364 4074 7119 7121
21194 1875 1598 807 2160 3242 705
21195 2864 2964 5608
21196 8609 8412 8925 7157 11821 4515 6984 12080
21197 1700 1938 2964
21198 11119 7202 279
21199 2480 7339 2483 2282 2555 33 4893 1881 4997 3244 2324 1606 6651 3519 2171
21200 6943 3482 2479 2258 4807 4502 432 2322 2472 3242 9505 9269 9410 8059 43 2492 2311 2123 855 6196
21201 2421 610 10968
21202 2105 6101 1589 2879 2472 2756 2115 4630 3242 1886 3246 5716
21203 1871 1589 2258 2472 432 706 6179 2534 6213 4125 5551 5716
21204 807 2296 698 9390 2119
21205 1875 6101 1879 704 1594 3493 2115 2118
21206 6315 8235 7362 10991 11440 10073 9302 11291
21207 1758 5256 7409 6591
21208 11193 11461 8923
21209 122 1465 11666 483
21210 4074 4730 7121 7119 4733 1891 6221 2615 8306 4200 7322 4196 2414 4734 10144 10924 4213 4205
21211 4196 4733 2414 2413
21212 2188 5634 11343 2532 1618
21213 2105 8232 2487 3507 2532
21214 2105 3482 4250 1594 2116 1607 1615 1616 1824
21215 2105 6101 2480 4502 2117 9626
21216 786 3092 842 4995
21217 786 2154 703 21
21218 786 7946 9536
21219 4123 1876 786 2258 4807
21220 1588 786 2164
21221 1216 624 577 1628
21222 786 28 2287 4125
21223 2518 21 3489 2392 1599 5550 2407
21224 770 2280 2113 2258 74 4706
21225 770 2879 6139 2532
21226 770 2478 3092 2525 4187 2291 1601 2163 5282 6543 2552 851 853 2324 3139 8261 3140 3143
21227 770 36 4995 2170
21228 2152 11405 363 100 1152 2242 1479 1485
21229 2084 109 2538 5272
21230 10540 7585 5722
21231 11580 11905 61
21232 874 6769 1163 3032
21233 1663 5607 874 577 6462 124
21234 571 3433 3984 3769
21235 571 2039 5604
21236 2931 3059 65
21237 1216 624 4678 333 63 11301 10733 6532 6874
21238 440 11749 11828
21239 1471 1483 1479 123 11831 126 624
21240 1179 3532 624
21241 624 1693 7459
21242 609 11712 8449 2085 3410 4515 4618
21243 2085 1114 911 1465
21244 8943 2085 2240
21245 2085 1478 2242
21246 3272 2085 7262
21247 2085 10236 1464 610
21248 2085 7155 5592 2087
21249 2085 10395 10673 10593 9020 10672 11194
21250 2085 6372 10402 9020
21251 2085 6865 3527 6078 333 7257
21252 2085 122 8383
21253 2085 6609 1478 124 11345 10673 7064 123 11539 1465
21254 2085 3304 2086
21255 2085 2243 10674
21256 2085 6483 10672
21257 2085 6865 9665 10923 1480
21258 6483 122 1465 1483 8446
21259 10395 2243 2087
21260 2085 9600 1483
21261 6483 10402 7261 1447 10570 6372 10395 10388 1479 11194 2085
21262 2085 10395 11450 10673 9020 11461
21263 2087 9006 7265 2243 7929 1464
21264 2085 2243 8184
21265 9264 1413 804 2622
21266 3164 1556 1389
21267 8687 2368 609
21268 573 8677 2622 9987 80
21269 8450 9879 10733
21270 10733 1471 4199 126
21271 10733 9320 5804
21272 4195 9603 2616 3096
21273 2616 12053 2617 5881
21274 6221 52 4196 2414 2413
21275 4619 142 8003
21276 333 5822 4692 912
21277 11936 8705 5107
21278 7384 5790 7144
21279 9185 2243 1464
21280 9185 1164 2242
21281 9185 7261 61
21282 2394 1499 2305 2536 2309 52
21283 2305 10112 2526
21284 9878 122 1465 7760
21285 3085 122 413 4394
21286 5789 7760 3170 7151 1478 4515
21287 54 7032 3114 11920
21288 8412 932 4592 7686 8610
21289 12084 12085 8388 12086 12087
21290 1478 1464 124
21291 7697 4985 9898
21292 9462 8828 1218
21293 6499 2614 7994
21294 11259 1465 125 1481 239
21295 1235 10312 10313 10314 10311
21296 1451 7563 9876 61 11414
21297 11420 321 413
21298 7313 3481 2758 2207 8261
21299 3481 3482 2665 2154 2534 1823
21300 18 28 2397 2395 2392 4709 1603 1604 3242 705
21301 6050 9323 7126 323 7793
21302 10352 8540 8356 11016 122 3304 1464 10744
21303 2709 1328 3153
21304 10772 10471 10522 9949 9867
21305 4515 7138 7151
21306 7151 4394 2089
21307 7151 122 9876
21308 1447 517 3165
21309 5942 2665 2263 3511
21310 3410 5731 1444 1447 1448 6221 7120
21311 3745 2308 11934 7320 2531 4359 11887 3644 11863 11864 11862 9519 4170 11861 11898 11882 11883
21312 3745 130 3166
21313 102 5405 885
21314 9553 3492 4617
21315 1770 487 11227
21316 123 10408 6034
21317 11519 10656 12000 12030 10563 9647 9020
21318 7261 11627 11559 7266 9020 6988 7259
21319 10473 10622 7065
21320 8748 7120 4196 2414 2413 8306
21321 8046 10312 10313 10314 10311
21322 3304 4327 122 8157
21323 6751 2394 5402 2071
21324 7123 8197 126
21325 66 11733 1218 1655
21326 123 66 1483 932 1471 124
21327 11632 66 1755 126 7562 8450
21328 122 7263 7118 4198 1403 4200
21329 7118 7120 1403 9364 7121 2676 11755 8306
21330 7537 28 616
21331 7069 2548 338 132
21332 6634 1588 28 1114 703 8690 4124 4502 166
21333 7313 6634 6352 28 2281 2885
21334 7313 6634 2258 1594
21335 6634 2880 6803
21336 6634 2280 1114 4994 3242 1603
21337 9647 10772 8446 10502 1471 1479 7074 2941 3828 11838
21338 142 6462 12041
21339 12041 9876 3022 63
21340 10236 122 1465
21341 4535 8681 7113
21342 1281 6003 46
21343 4072 3464 10089
21344 8446 11487 7617
21345 10335 5608 61
21346 11624 8608 11475
21347 2394 35 11207 2643 2317 2319 4719 2316 2309
21348 1540 6865 5592 11813 6379 9532
21349 1540 3527 4511
21350 577 8197 6865 9794 6462
21351 3527 122 1464
21352 7667 5213 11147
21353 592 3551 9695
21354 1014 9320 1483
21355 1014 1163 3032 1503
21356 3159 4195 2515
21357 122 11147 7263
21358 122 12000 1465
21359 333 3395 3170 8565 573 1181 8499 122 5606 1483
21360 122 1464 10394 1465 11717 11718 11276 126
21361 122 1465 3043
21362 122 1479 11147
21363 1483 122 7080 5605 123 239 8203
21364 122 1471 1465 1483 11337 123
21365 122 1479 3304 1471 1478 10445 4199 7277 4621
21366 122 1464 1483
21367 122 1464 1471 125
21368 1928 6136 1465 1483
21369 122 1464 11495
21370 1465 1483 122
21371 1464 1471 125
21372 122 1465 1483
21373 3301 122 3043
21374 122 321 1465 125 1471
21375 1483 122 61
21376 122 1464 1471 1465 123
21377 484 9508 3765 122
21378 1479 3434 122 11344
21379 122 1471 11871
21380 1464 4199 4621
21381 3304 122 9876 11622
21382 122 1483 125
21383 122 1464 1483
21384 122 1465 1483
21385 122 1464 8263 239
21386 122 126 1479
21387 122 1464 1446
21388 122 1465 11147 238 506
21389 11495 122 1471
21390 122 3304 1164
21391 122 1479 4198 4074 7121 7119 275 4733 11938 4205 11870 8306
21392 2255 4195 1692
21393 122 1478 1483 1479
21394 122 6372 11414 124 9880 7257
21395 122 128 1464 1465
21396 122 321 5010 333 3170
21397 122 1465 1483
21398 122 1471 1465 4199
21399 11270 122 8560 11459
21400 122 2088 11207
21401 122 1464 1471
21402 54 6336 2865 3295 122 3044 4138
21403 7074 4621 122 1465
21404 1471 1483 122
21405 122 2240 7563 7263 10444 124
21406 122 1464 125
21407 6336 2865 8615 122 2240 1483 3043
21408 122 1483 4511
21409 124 122 4199
21410 4560 122 1465
21411 7514 5722 11745
21412 2617 11962 122 3304 1164 1465
21413 122 923 124 9868 11559
21414 122 1471 1465 1479
21415 122 1471 10988 11276 123
21416 8451 122 609 3043 10590 61 1209 8499 8559
21417 122 1471 1479
21418 122 1464 1471
21419 6831 1198 11991
21420 1600 2492 2668 1609 1611 1823 4357
21421 10699 1984 4386
21422 4120 3482 6101 2524 6476 6954 3092 31 2160
21423 3806 3386 4120
21424 4120 4378 2524 703 2756 2158 2292 1599 1603 8059 1613
21425 1535 836 1162
21426 10940 10329 322 321
21427 2288 154 102 11136
21428 102 11673 11124
21429 1692 102 8082
21430 5386 338 11468
21431 11763 10676 11856 7192
21432 10676 2336 11880 7192 4313
21433 2336 7192 7052 10962 2677
21434 8883 9759 4152
21435 11718 11871 272 7074
21436 5586 10798 1738
21437 4578 7052 10962 7118 4200
21438 1197 6609 10608
21439 7150 12052 8447
21440 1198 9419 11907 7364 11821 11470
21441 165 128 345
21442 1535 1162 1163 3032
21443 1535 6769 3261 1537 1161 3032
21444 1535 3261 1161 1162
21445 2718 1535 1537 1161
21446 3261 204 6787
21447 3261 1162 3032 204
21448 1537 1162 1163
21449 1161 1162 1163
21450 1161 204 521
21451 9714 3032 204
21452 3566 3724 7563 4985
21453 7032 8961 10075 123
21454 10777 1713 1712
21455 6444 5029 2937
21456 4993 4807 2757 2164 2883 6179
21457 4993 2282 2488 1601
21458 4993 916 832
21459 2878 36 4705 32 2397 4709 1591 2882 2400
21460 2878 1878 1589
21461 2878 6352 2258 2480 2113 4378 2293 99 2532 1606 3519
21462 2878 2280 4250 2879 2480 3242 4124 707 2171 1824
21463 2878 7313 2489
21464 2878 1871 6101
21465 2878 3482 4257 2882
21466 3203 6336 2865 484
21467 2154 7339 3092 4187 2487 2757 4696 2532 1606
21468 4257 2478 2525 2757 2116
21469 1876 2154 2665 4502 2757 4355 2283 1885 1614
21470 4378 2258 2757
21471 2757 6665 1151 2881 1600 2760 4997 6102
21472 2203 3482 2477
21473 11860 5551 12081 1524 11786 2537 12063 11926 4170 12078 11478 10603 4203 11108 3644 9934 11152 11879 11861 10873 11872
21474 2044 9656 9024
21475 2044 8815 2617 12046
21476 9881 9295 7551 11465 2044
21477 6318 2729 2044 9655
21478 9153 7982 4152 8185 10463
21479 8285 2297 4245 11937 7322 50 8817 8705 2414 502 11054 2670 4214 935 7118 4198 7052 10962 4733 6373
21480 1873 3263 6013
21481 6983 322 4430 124
21482 8890 11368 371
21483 3067 913 4911
21484 7100 3562 10682
21485 8273 10397 4195
21486 4195 9647 10726
21487 4195 3304 2088 7265
21488 6336 4618 11574
21489 6336 6315 5605 2242
21490 6336 3044 9536 8280
21491 6336 4199 2865
21492 6336 4199 123 508 1464 8499 11413
21493 2708 6336 2865
21494 3044 9029 11644 10075 6336
21495 6336 3044 3295
21496 3501 3502 7144 9274
21497 1465 1483 1752 123
21498 7470 129 5893 2184
21499 6318 899 7459
21500 899 11597 1439 11970
21501 6372 10395 1478
21502 6372 321 1479
21503 6372 8594 10672 6483
21504 2813 1589 1587 2159 7236 2322 698 2161 2325
21505 2813 2288 2284 3115
21506 2813 3482 36 2758 2115 2207 2208 1883 1609 3967 3966 2169 4722
21507 2813 616 28 1114 3092 2296 2290 1599 1604 2117 1603 706 4893 6976 4997 3245 3135 5104 3246 7934 9626 856 1629 2761
21508 11288 9607 128 3107
21509 9522 2242 2088 1464
21510 5942 2524 2258 703 9522 2282 2295
21511 591 4952 5213
21512 2640 8209 5551 12082 4359 2537 9731 2072 9519 1524 12063 11926 2841 4170 11927 11786 11872 10603 11892 9934 3644 4206 4738 11875 11874 11873 11877 11885 11883 11934 2308 11152 7320 11880 2531 12090
21513 4555 2291 3155 2633
21514 656 1592 2882 856
21515 7313 4807 1114
21516 3482 4250 2261 1599 842 2116
21517 2394 5402 11763
21518 2394 11827 9849
21519 2394 11827 2072 4196 11290 8867
21520 321 128 1464 2090
21521 1471 11347 7935 11629 10452 11871 321
21522 321 9533 7796
21523 321 1479 10445 3044 2039 9302
21524 321 128 126 124 130 11464
21525 4412 10410 321
21526 11337 321 472
21527 321 1471 8356 1152
21528 321 1483 3043 11415
21529 9492 3272 1483
21530 321 128 54
21531 321 3170 11347 8184 11577 11629 4621 9593 1465
21532 8386 7069 4605
21533 7069 1165 128
21534 282 5474 10433
21535 9471 1164 11622
21536 9576 5524 1243
21537 7121 10144 4200 7120 11938 6221 11870 4734 7322
21538 7118 11054 9791 4198 7121 7119 11755 4733 4734 11938
21539 6221 7118 11054 4198 7119
21540 7118 7121 11922
21541 4192 8705 7120
21542 11937 8485 9364 7118 4198 4074 4733 11922 11651 11694 11933
21543 1893 4198 7120 6373 7119 7121
21544 935 11853 9453
21545 4953 11853 8625 6838
21546 11853 4715 8987 11918 11858 5551 2072 11859 5178
21547 4123 6943 6352 4250 2117
21548 4123 2158 4126
21549 1875 1589 1587 2483 33 706 852 1883
21550 1471 1465 4622 5608
21551 7760 4406 7032 10075 11104
21552 10023 10516 8184 10602
21553 4619 10146 2618
21554 1754 3304 1464
21555 3304 1471 124
21556 1471 4621 3304 1464 3272
21557 8359 1465 6262 7760
21558 142 7206 3434 333
21559 7206 11301 10164
21560 11227 1984 4383
21561 5942 1114 2400
21562 5942 4502 2288 3964 5551
21563 5942 2258 4187 6665 2322 37 3964 2168
21564 5942 1876 1877 2258 2282 2287 74 2116 1604 2115 3966 4635 2409 3967 2121
21565 2468 2025 7587 3621 11682
21566 5118 10589 11639
21567 10506 12020 4419
21568 7070 1465 1479
21569 7070 1464 3724 2039
21570 3257 128 4386
21571 10693 128 1471 5213
21572 128 577 9540
21573 3030 127 5169 128
21574 128 1483 9161
21575 128 322 10052
21576 3272 1465 1479 123 54 9540
21577 10779 4138 128
21578 128 1471 2242 4199
21579 3959 698 3493 3960
21580 4257 1590 2113
21581 22 6101 1114
21582 22 1114 3242
21583 22 4807 6178 6198 2411
21584 22 2322 705 8471 2208 6972
21585 6463 3295 4138
21586 5790 10355 4248
21587 12088 12084 12085 12086
21588 12086 12087 12089 12084
21589 12085 12086 12087 12088
21590 12085 12084 12086 12087
21591 1465 5592 3272 1473
21592 5592 4618 239 8450
21593 2865 1663 11675 7032 9029
21594 2865 1465 1483 2039 6462
21595 2865 11740 508
21596 9876 1464 3272 8356
21597 9876 4515 10319
21598 12046 239 9876
21599 2100 2392 2289 705 847 9624 1607 2208
21600 10569 5670 2100
21601 11545 2992 12027
21602 1466 10444 7270 4985
21603 3482 1589 6527 4696 2758 33 2552 2209 1824 1610 2409 3140 1619 6355
21604 1218 11383 9218 2243
21605 1218 9646 609 11744 10245 4515
21606 10156 11767 10389
21607 11767 11617 11996
21608 8412 9192 4160 10312 10313 10314 10446
21609 6943 28 616
21610 6943 3092 4355 2294 32
21611 11269 11984 10970
21612 10648 8914 5093 9288 10471
21613 7144 11561 9214
21614 11684 11717 11376
21615 10612 11736 7563 61
21616 11684 7935 11748 11718
21617 1478 1464 3272 4199 126 123 124 11684
21618 10947 9986 6462 3144
21619 8074 7859 5890
21620 1464 11622 10448
21621 5608 1479 10444 8446 126 10610 7270
21622 1464 1471 4199 1481
21623 1471 1481 10762 1464 1479 11825 11577
21624 1464 12068 1483 5608 11147 11412 11530 11831 8184 7270 11639
21625 1464 1478 1465
21626 3044 1464 2240
21627 1464 1479 11147 2941 9430 11479
21628 1464 124 10762 4199
21629 1464 11479 11871 1471
21630 1464 3272 1479 10445 124 11583 123 11413 11666
21631 123 8356 1464
21632 10692 1471 1464
21633 4822 2941 11259 1464 11479
21634 7271 1464 1471
21635 1464 1471 1479
21636 1464 1471 1483
21637 1464 11806 10641
21638 1478 10394 703
21639 123 4621 1464
21640 1464 7258 7259 10665
21641 1471 11808 1464 10452
21642 1464 11207 1465 1483
21643 1464 11412 124
21644 1464 1478 8356 1483 2039 7074
21645 4511 1478 1465 1464 3272
21646 1464 1471 4199
21647 1164 11383 9603 1754 9006 7528
21648 1465 1479 5608
21649 1471 2039 123
21650 1465 123 1471 8184
21651 1471 61 4199 6532
21652 1471 8356 8943 123 11017
21653 1471 11147 10448 4199
21654 1471 8184 123
21655 1471 1483 2039 1479 4199 1481
21656 1471 2242 126 11586
21657 7263 1471 61
21658 124 1471 63 8382
21659 1471 238 10448
21660 1471 11813 11259 1465
21661 1471 9655 6988
21662 1471 124 10622 1481 8125 7074
21663 1471 1465 1483
21664 1478 1483 2039
21665 7262 11981 61 10281 238 1478 7265 11622
21666 7366 1478 8184 124
21667 9646 123 124 1478 8447 1483
21668 1478 1465 508 54 3272 1483 10671
21669 1478 11974 7760 7563
21670 12049 5001 3828 10612 61
21671 1478 7367 10415 9593 1479 10445 10444 1486 5609
21672 63 11806 1478
21673 11412 123 472 1478
21674 12046 11337 5606 1478 11496
21675 1478 2242 11431
21676 6078 1465 61 8499 5609 9603 8221 2243 10279 1483 3022 1479 7266 11474 11288 11720 1478
21677 1478 11717 5608
21678 3482 2258 2851 3489 9326
21679 10767 11914 7906 10861
21680 1994 10312 10313 10314 10311
21681 1663 123 3044 10293
21682 345 2618 61
21683 3724 1483 2148
21684 11545 12000 123 125 10448
21685 5881 333 338
21686 2755 2665 2154 2472 11797 6556 2487 705
21687 2472 2261 6970
21688 8634 7181 42
21689 577 1805 4953
21690 10988 1465 1483
21691 2148 1465 1483
21692 7261 2087 6483 7036
21693 6483 10672 7264 7261 9020 11566 11537 11538 11917 11387
21694 7261 7264 7257
21695 7261 7258 7266
21696 7261 7264 7259 10395 2243 10673 11519 10656
21697 4696 4187 1596 2881
21698 4257 1589 1114 28 2478 704 2287 3092 2292 1822 1604 705 4696 5100 1603 4893 4504 2668 4997 9624 3245 3244 1613 1627
21699 517 413 4135
21700 1938 2992 345
21701 124 7418 10184 239
21702 9862 4511 61
21703 2322 5282 4996 6178
21704 2113 3092 1598 7061 2288 4349 2286 3960 3242 5289 4996 197 6178 3115 707 2410 1883 6181
21705 1594 1595 2116 705 8059 4996 2302 4251 4997
21706 2113 703 2485 2296 2116 2488 705 4996 1618 1884 2324 2836
21707 5608 3296 5694 1465
21708 7964 2025 502
21709 124 2039 11405 9897
21710 11405 3043 129 10774
21711 3043 61 1482 10641 8446 11782 8184 11577 5001 11288 11720 8452
21712 238 3022 11015 11123 8446 8184 11577 11414 11578
21713 6602 3283 7569 3030
21714 609 933 1738
21715 11871 238 11718
21716 5229 3041 11483
21717 7516 3272 1479 11361 124
21718 1588 4378 2159 2880 2398 4705 2293
21719 7744 323 3029
21720 3283 3029 3030 3031
21721 2089 11015 238 11998 11017 8184 11530 4160
21722 2477 29 30 698 2164 4630 6213
21723 74 1592 2397 2294 2161 5100 2164 2882 3242 3493 2555 1603
21724 4250 4378 166 704 4994 2882
21725 6665 2288 705 2883
21726 10294 10312 10313 10314 10311
21727 11963 9137 7263 1479
21728 1555 9137 12074
21729 5206 508 4511
21730 127 7744 1455 323
21731 10323 3301 12068
21732 2242 10415 11716 4618 10329
21733 2463 7556 600
21734 9342 7544 7545
21735 10883 7118 4198 1893 6373 4730 7121 1891
21736 3277 5348 10264 4329
21737 8678 3276 5348 4323
21738 7486 4323 10732 6694 3278 3276 4383 7487
21739 1984 8605 204
21740 7486 4324 344
21741 1485 8447 3043 9586
21742 8447 3272 1995
21743 10451 9593 8560
21744 5098 2286 705 6102
21745 6050 5541 11100
21746 3092 5405 1465
21747 6488 3648 5909 11290
21748 11298 12007 4617
21749 5551 12082 9519 1524
21750 4378 807 2283 2756 4355 2322 3493 2552 1823
21751 5116 1590 29 1592 2322 1591 43 3115 3244
21752 5116 1878 2115 2859
21753 5116 6954 2479 2113 28 2393 5100
21754 5116 4807 2397 2484
21755 5116 704 4994 1617 1613
21756 5116 4378 2112 2163 7934 9626 4076
21757 5116 4807 1594 1595 1597 1593 2392 706 851 3135 1607 2320 1629 2212
21758 6101 2665 3092 2288 2487 1598 36 3960
21759 4188 1598 698 2487 99 1618 1607 1617
21760 1598 2161 5282
21761 1589 1587 703 1598 5100 2555 3115 6199 5104 6198 2408
21762 2756 1597 1598 2313 2314
21763 3482 1590 1588 2483 36 2758 2294
21764 2665 2159 2261 8168 2162 2295
21765 703 2159 6976 6199 5104
21766 1429 7322 8705
21767 263 1413 3295
21768 8792 1713 8793
21769 1165 8356 11495 10723 10164 361
21770 11029 4511 9867 10665
21771 2039 11972 11017
21772 7094 11832 345 132
21773 7094 345 2618
21774 9963 6353 11756
21775 3301 2087 6483
21776 6201 9229 7974
21777 11412 10448 238 4199 11577 10627
21778 7257 7264 10395 6483 11054 7118 7120 9489 4196 2414 2670 4198 10806 935 7121 4733 4734 7119 4074 4203
21779 10395 11559 7271
21780 6483 10395 2243
21781 2242 1465 3452
21782 2242 3301 2088 4832
21783 1986 2242 7074 7277 8191 4199 124
21784 2242 10445 4199
21785 2242 8560 10445
21786 2242 1465 10448
21787 3162 11519 10203
21788 1465 123 484
21789 484 3314 11411
21790 1588 703 1591 7340 2208 2408
21791 703 1597 1592 706
21792 1114 703 704 2322 2118 851 1884 2311 4633
21793 6954 2280 703 2396 2395 5100 2555 2883 2209 1824
21794 703 4502 2208
21795 1555 2088 11015
21796 2088 333 11622 61 123
21797 4594 4609 10663
21798 124 3272 1479 2941
21799 8356 8559 10502 3272 1986 8417
21800 3272 11986 3307
21801 1465 3272 11415 11747 142
21802 3272 7563 3022 1479 61 11414 11585 6286
21803 3272 2240 1479 10452 10448
21804 3272 1465 1483
21805 11634 1465 472 11337
21806 11634 10452 1209 11414 8499
21807 10203 1483 11015 10452 11017 8184 1481 7935 10692 10762 10723 11972 345
21808 2203 28 2483
21809 6101 6970 2286 2395 2287 3242 3493 2117 5319 9861 1618
21810 2258 2281 2161 99 698 2758 3960 3493 33
21811 2258 3092 3242
21812 1114 7339 2292 2296
21813 1589 2113 2205 6012 7339 3092 4188 6803 4995 2409 1629
21814 9970 11110 11119
21815 8111 609 12019 4656 3926 10939 1449 6591 9603 5604
21816 10069 11904 4953
21817 12022 3606 10069
21818 2425 9516 5645
21819 1483 4199 1481 9794 124
21820 2240 1465 100 4618 124
21821 6482 2240 9867
21822 2113 1114 1613
21823 1114 2322 7236
21824 4257 2478 2205 28 1114
21825 1114 9326 2162
21826 2258 4250 2879
21827 1114 2393 2882
21828 1587 6954 1114 2396 4629 2532
21829 2258 1114 2322
21830 2258 4257 1590 2322 2162 3242 2118 2589 1824 2327
21831 2258 2285 2395 5100 2400 5104 1824
21832 2258 618 1592
21833 1878 2258 1590 2398
21834 2258 2322 3115 851 1614 2842
21835 2204 2258 2879 3115
21836 2258 6954 2665 2293 2397
21837 7760 4515 2418
21838 609 11541 4515
21839 4515 609 7563 1483
21840 4515 12032 9432
21841 5471 10312 10313 10314 10311
21842 10075 61 10420 577
21843 7265 11622 11736 61 238 4199 3767
21844 7265 1465 1479 7263 8184
21845 912 8891 11225 181
21846 1165 333 521
21847 323 11330 9540 333
21848 9605 7599 333
21849 2548 338 7526
21850 1465 7259 3164
21851 1465 11683 11605 123
21852 11728 8559 11582 12030 12075 11806 10762 1465 11016 7074
21853 1465 1483 10452 11017
21854 1465 61 125 8417
21855 1465 8356 11871
21856 1465 1483 6979
21857 1465 5169 2941
21858 1465 1483 1479
21859 1985 7006 7592
21860 6352 2205 2292 2397 2400 2555 3967 6213 2407
21861 7263 7935 11279
21862 8356 11147 8184 11577
21863 8356 1483 11016 5608 11479
21864 8200 8356 8943
21865 8356 1483 4199 9044
21866 4396 5849 8676
21867 61 11481 7271
21868 3584 11574 54
21869 2090 7364 11821
21870 2090 4622 1209 12072
21871 10024 6483 10388
21872 3492 3296 7364
21873 6476 2292 3242 2555 2211 6213 2888
21874 2114 7340 35
21875 11544 7760 11954
21876 7760 9965 10445 4199 126
21877 7760 340 9417
21878 7760 8560 7263 10002
21879 9593 8419 12049 11601
21880 1483 126 123 508
21881 7352 3044 4953 54 2708
21882 3144 6202 508 6462
21883 7563 1483 1479
21884 7563 11499 61 3307
21885 7563 3022 10445
21886 7563 1483 1209 10984
21887 7563 11499 61
21888 8450 238 4199
21889 7118 1893 1483 9791
21890 42 1483 2039 9161 124 1556 11544
21891 10641 1483 7263
21892 9647 1483 10672
21893 1483 1479 8560
21894 50 6197 6194
21895 2525 1617 1618
21896 2395 2552 2207 1885 1617
21897 1618 2170 707
21898 3489 3242 1881 2552 1618 4635 2209 4633
21899 3307 6462 65
21900 61 63 10671
21901 10928 340 2184
21902 7163 10923 10922
21903 10330 9911 9572 10673
21904 10240 7264 10673
21905 11432 3208 3165
21906 1589 432 7236
21907 1151 2292 31
21908 2288 5715 9861 3968 3139 4125 2836
21909 4807 4349 5551
21910 2113 4502 2288 4349 3493 6178 3246 2327 1892
21911 3022 8419 61
21912 9847 9848 2336 10676
21913 2039 11054 2670 2413 8485 4198 935 2676
21914 2039 126 11147 11639 2941 123
21915 2039 8446 123
21916 2039 3043 9161
21917 7783 11636 10658
21918 8446 7277 8419
21919 6145 6342 6343
21920 1170 2833 9209
21921 2154 2261 4995 2887
21922 4995 5104 2411 1824 860
21923 2163 4995 2171
21924 4995 9861 3968
21925 4192 3523 3522
21926 11015 12047 11479 11871
21927 11015 5722 1485 10762
21928 11415 4621 126
21929 2483 6902 4124
21930 2113 911 2483 2525 2293 2397
21931 1589 1587 4124 2263 852
21932 6101 6954 2113 28 2756 2116 2589 4126 2321 1629
21933 110 2025 500
21934 2162 6140 3242
21935 11871 123 11718 11276 11147
21936 1491 10608 10336
21937 5804 1473 11016 1479 238 1485
21938 11016 10325 126
21939 2881 3493 4251 2311 2169 1886 2172
21940 5402 11952 11827 11951 11290 12028
21941 9794 124 6532
21942 1479 5608 4199
21943 11147 238 1481 4621 1479
21944 1479 7796 3191 11465
21945 1663 3044 6316 4617
21946 8270 10515 3461 7126
21947 9137 10673 9867 11461 9795
21948 6954 3242 2117
21949 4378 6954 1591 6199 1611
21950 2280 3092 2115
21951 2280 6803 74 2296 698 705 2532 847 2302
21952 2280 4378 4250 2665 2478
21953 4250 2879 7340 5289 851 6199
21954 2112 2484 1597
21955 2112 2532 2492 2885 2884
21956 7118 7121 8306 4200 7119
21957 11479 238 7268 11017
21958 11880 10676 10962 11793
21959 2205 856 5551
21960 1590 2205 1597
21961 7118 7121 7119 10144 4200
21962 11054 4198 7119 7121 7120 10144 4211 11870 4406 4200 4734 8306 6221 1720 8323 52 10924 10925 2676 4210 11756
21963 4200 8306 4406 7120 52 4205
21964 2670 4730 7119 10144 4733 7121 1891 4406 7322 2837 4734
21965 7744 1486 3295
21966 1588 2859 5104
21967 1589 1587 3966 1883 6213 2211
21968 4807 2524 3092 4188 2292 1603 1823 1615 6972
21969 4257 2478 2154
21970 2154 2294 851
21971 2154 4257 2665 3092 2756 2487 1599 4812 2118 2492 8059 4997 197 3964 3115 3244 1885 707 2214 3520 9724 11945 1892
21972 2154 8168 6970 2290
21973 4257 3092 2882 2115 2758
21974 4257 2295 2488 1619
21975 2480 2118 2552 2860 4126
21976 2480 4706 2397 32 4705 2114
21977 28 6970 2294 3242 705
21978 616 2291 2292 35 1823 3137
21979 84 85 7118 9364 7121
21980 8989 84 85
21981 8989 11061 84
21982 11683 61 11479
21983 11683 10448 7935 1486
21984 8263 10774 12047
21985 11147 11997 11780
21986 11147 10452 238
21987 8285 4196 7322 2414 2670 2413 4214 11054 4723 7120 9791 2837 7320
21988 61 11014 3191 8280 4199 10581 7032 4138
21989 63 61 1209 1481
21990 9125 10337 6316
21991 11851 8345 10911
21992 10312 10313 10314 10311
21993 10312 10313 10314
21994 10311 10312 10313 10314
21995 10312 10313 10314 10311
21996 10312 10313 10314 10311
21997 10312 10313 10314 10311
21998 10312 10313 10314 10311
21999 10312 10313 10314 10311
22000 10312 10313 10314 10311
22001 10312 10313 10314 10311
22002 10313 10314 10312 10311
22003 10312 10313 10314 10311
22004 10312 10313 10314 10311
22005 10311 10312 10313 10314
22006 10312 10313 10314 10311
22007 8191 12069 10445 4621
22008 10445 10448 4199 126
22009 11315 11440 8235 11104 10077
22010 8989 11763 11951 11358 2223
22011 4502 166 9364 4198 935
22012 3092 166 705
22013 166 8203 11054
22014 6354 12078 2072 12077
22015 124 9879 1473 11834
22016 7121 4733 10144 8306 4200 10806 6221 4211 11870 2837
22017 2555 2118 9861
22018 2719 65 2184 7419 9834
22019 8228 12091 11872 11874 51 11380 4313 4200 11980
22020 3959 3960 1601 4504 197 1610 2170 2410 50 1612 6355 3519
22021 11459 11014 10448
22022 6319 4617 6823
22023 2515 9020 7259
22024 7120 7118 2413 4199 6221 11054 4198 1893 4074 7121 7119 8306
22025 4187 4994 2522
22026 6155 1663 8421
22027 6316 8235 7032
22028 1663 6316 4617
22029 4953 3044 1663 8421 11751 6316
22030 1663 8203 3044
22031 1663 3295 3191
22032 6416 7121 8306
22033 7118 3492 6221 4196 2414 2413 6373 7119 4198 4730 8705 4733 1891
22034 142 3296 11843
22035 432 1591 2396 2115 2163
22036 30 2398 1600 2397
22037 2708 8280 6532 7032
22038 74 2882 2397
22039 2880 74 2285 2882
22040 74 2882 1823 5104 2888
22041 3519 3246 1626 2671 2320 4814
22042 275 272 9934 112
22043 6488 12073 8867 272 11940
22044 7118 3044 4074 10144 11953 4733 7119 7120 7121 1891 4211 11870 4200 11651 8306 4734 11925 7322 52
22045 3044 3295 4953
22046 3044 6316 2708 10992
22047 3044 6315 8281 9302
22048 3044 8280 2708
22049 9256 12092 11778 12028 9229
22050 8867 437 9229 11290
22051 704 1600 2207
22052 4994 2292 6199
22053 3295 4953 7087 9029
22054 4953 2708 6315
22055 4953 7087 8281
22056 4617 6822 8281 2708 8280 7514 11007 6823 10072 6315 10078
22057 522 35 9364 3523 3522 3517 3518
22058 2118 706 2117 2589
22059 2396 2489 2117
22060 31 1603 2116 2118 5282
22061 4188 2485 3245 1629 2172
22062 4812 2294 3966 6213
22063 911 4412 11054
22064 4192 8705 7118
22065 2318 4719 2316 2317
22066 2481 842 698 705 9624 852 2589
22067 2481 1597 1593
22068 10673 7259 5222
22069 10312 10313 10314
22070 500 11855 11233
22071 12063 1524 5551 12082
22072 11860 12077 12081 5551 2537 12082 4359 12078 11927 11926 10603 4739 4738 11874 10873 11876 12058 12059 12060 2308 10179 11152 11872 11882 11702 2531 9519 11886 11891 11861
22073 3135 2409 1885 4980 5551 4357 2320
22074 5551 12082 4359 2537 12063 2072 1524 10603 11861 11883 4739 11702 12062 9731 12061 4745 12058 12059 12060 2531 10179 11882 11893 11862 3644 11890 11876 7323 11874 11873 11880 11888 11929 11930 10873 9519 11886 11891
22075 9731 12082 5551 12063 11861 10873
22076 5551 9519 12082 4359 2537 2072 11926 11478 4203 9934 4739 11878 2308 11885 10179 7320 11861 12061 11882 2531 10873 4206 11891 11888 12062 3644 11863 11864 7323 11900 11929 11930 11901 11862 11928 11897 11902
22077 5551 12063 1524 2072
22078 2311 2209 4722 5551 4357
22079 12081 2072 9519 11860 12077 5551 2537 9731 12082 1524 12063 11926 11786 11927
22080 12083 6270 5551 4203 9934 3644 2308 11885 10179 7320 11873 11861 2531 11886 12061 9519 4206 12062 11877 11884 11900 11929 11930 11863 11864 2537 11862 11899
22081 5551 2072 12063 1524 6353 4203 3644 11885 11876 11872 10603 4206 11874 11108 2537 11881 9731 12058 12059 11892 11861 2531 9519 9934 11886 10873 11890 11863 11902 11903 11883 11366 11349 9819 12065 11888 11894
22082 2072 12081 5551
22083 11860 2072 12077 5551 12082 2537 4359 12063 1524 6353 11876
22084 8384 11858 2308 5551 8546
22085 2537 5551 2072 12063 11108 3644 10873 11874 11873 4739 4738 11875 2308 11934
22086 2072 1524 5551 12082 11881 10603 3644 4739
22087 12063 5551 2072
22088 5551 2072 12063 11926 1524 12082 6270 11478 3644 9934 10603 11108 4206 10873 11862 7320 11874 11891 11873 11366 11875 11892
22089 9519 11860 2072 12081 12078 9731 5551 12082 4359 12063 12083 3644 4170 4739 4738 11875 11892 11885 12057 12061 10873
22090 9731 5551 2072 12063
22091 11926 11786 12082 11857 11881 2072 5551 11927 10603 6270 4203 9934 4206 4739 11872 10873 11873 12058 11861 7320 11883 11884 12061 2531 11886 11890 2308 11863 11864 11862
22092 9828 11857 2072 5551 11926 1524 11786
22093 11855 11759 11856 11918 5551 11858 12082 2072 8546 2308 112 9519 429 2641 6354 11859 11152 9953 11926 11151 10603 5178 12078 11860 12077 1524 2537 12063 9772
22094 11759 11856 5551 2072
22095 11856 11759 8987 11918 11858 5551 2528 2072 8546 11857 12082 2308 112 429
22096 5551 9731 12082 2072 1524 11926 12063 11881 11478 4203 11786 11108 4206 3644 4738 10179 7320 11934 11882 11888 11890 11900 11929 11930
22097 11855 8625 6872 8384 11694 11918 5551 2072 11858 8546 2308 9802 112 429 2641 11152 9953 11876 11860 12078
22098 112 2308 5551 9519 1742 429 8384 9953 2641 11859 12094 6354 5178 11879 12057 11978 11876 8223 12081 12077 12079 9731 11860 6270
22099 5551 12082 2072 11860 12063 1524 9934 3644 4206 6270 12057 11861 2308 11876 4203 9731 12058 12059 12060 11702 12062 11151 7320 11882 11886 10179 11874 11893 11888 10873 4745 11349 11928 11890 11883 11889 11863 11864 11891 11900 11929 11930 11862 9519 9816
22100 9953 2641 6354 8384 12094 11859 11152 11926 11151 12079 5178 2072 9519 11860 12077 12081 5551 2537 9731 1524 12063 11872 11108 3644 4739 4738 11885 10179 11876 11881 12058 12059
22101 4412 11090 2212 10924 11756 4211
22102 4412 7118 11054
22103 3959 698 3960 3493
22104 3959 698 3960
22105 3959 698 3960
22106 3959 698 3960 3493
22107 3680 4198 7120 52 11755 4733 7121 7119 10144 2837 4734 1891 4200 7322 6221 10806 8306
22108 12007 11440 9536 7514 6823 10074
22109 11465 10892 7796
22110 7796 4617 9536
22111 2318 2317 4719 2316 2309
22112 2536 4719 2309
22113 1594 2295 3242
22114 1597 2284 1607 6972
22115 4705 4706 2397 4709
22116 7340 2397 6199
22117 3191 4138 9301 11911 9302
22118 12007 4617 6822
22119 5319 6103 6972 1626
22120 4985 9180 10726
22121 11778 11290 12093 10997
22122 2071 11778 10327 9256 8867 12073 7974
22123 1603 2116 6976 3968 1607 1883 1886 1887 6972 1628 1629 3519
22124 1599 1604 433
22125 2484 4812 1599 916 842
22126 2286 3493 4722 2408
22127 2294 99 3968 4722
22128 705 2532 3243 3135 1823
22129 11178 6202 6354 8378
22130 6270 2072 4203 9934 12082 3644 10873 10603 4206
22131 4739 4738 10873 12082 3644 9731 11875 2308 2537 11861 11885 11889 7323
22132 12082 4359 12063 12083 11926 2072 1524 4203 11108 9934 10873 11874 2537 11892 4206 7320 11786 11881 11862 11888
22133 2072 9519 11860 12077 1524 12082 12063 11926 2841 11478 6270 10603 4203 11108 9934 4206 2537 4739 4738 11875 3644 10873 11874 11873 9731 11876 12058 12059 12060 2308 11877 7320 12061 11882 2531 12062 11886 9816 11883 11891
22134 12082 11478 11927 4203 9934 3644 4206 2537 11875 4739 4738 11876
22135 9519 2072 12081 12079
22136 12082 6270 12083 11926 11872 4203 9934
22137 1600 2163 2884 5550 2532
22138 99 4722 1886
22139 6316 307 4213 11054 9364 7120 9791 7118 4196 2414 2670 2413 4198 6373 7121 4733 8306 4074
22140 12007 8280 7514 8235
22141 6315 8235 4138 10075
22142 6315 9536 6822 2667 6823
22143 9489 4198 9791 2414 2413 4730 52
22144 2297 7120 7118 9791 9364 4198 7119 6373 8306 7121
22145 11643 11054 7120 7118 4196 2413 2414 4198 6221 9489 6373 4730 4734 4203 7121 7119 10144 4733 4074 2676 2297 9934 7320 4206 10806
22146 2297 11937 8705 11054 935 7118 4198
22147 8989 2223 7774
22148 2531 2641 11859 6354 11860 12081 2841 11108
22149 9364 11937 8705 307 7322 935 11054 4213 2413 7120 7118 10806 4198 6373 7121 4200 4733 11651 1891 8306 4202 11935
22150 7120 4730 7119 7118 7121 11935 11651 4211 275 11019 6373 4212 4733 8963 1891 6221
22151 1893 7121 4205 4212 2837 11935 11925
22152 3511 4814 4633
22153 665 12073 8867
22154 4743 8963 500 457
22155 11104 7514 4138
22156 8280 10073 10072
22157 10314 10312 10313
22158 11944 11233 12066 51 9975 11940 11934 53 12006 11980 11941 11943
22159 7119 7120 4074 7121 4733 11019 1891 4734 275 52 11755 8306 4212 10924 4203
22160 4733 1891 4074 275 7119 4734 4200 8705 2670 2413 11755 8306 4313
22161 307 9791 7118 9364 4196 2413 2414 7120 4198 52 4074 7119 7121 275 11019 4733 8306 4200 1891 4203 4206 11755
22162 11054 6221 4198 4730 9791 6373 7119 7121 275 4733 8306 4200 4734
22163 7120 9791 4730 275 6221 4074 11651 6373 7121 4734 8306 4200 11933 11695 10924
22164 6221 7119 4733 1891 8306 4200 4734 4313 7120
22165 9489 7120 4196 2414 2413 7118 4211 11870 7119 4203 4733 8306 10144 4313 6373
22166 6221 9364 7119 7120 7121 8306 4200 4074 4734 11694
22167 7120 4198 7119 7121
22168 7322 7121 4074 7119
22169 307 4196 6221 4730 6373 4198 4200 7119 10144 7121 4733 8306 1891
22170 7322 8705 307 11054 6221 7118 4196
22171 11054 7118 9791 4733 1891 4198 4730 7121 10144 8306
22172 7120 9489 4196 7118 2414 2413 4198 6373 7119 11019 7121 4733 2837 6221 4203 11755
22173 7052 10962 7118 7119 11055 4074 10144
22174 7120 6221 4198 7121 10144 7119 4196 4733 1891 4200 8306 4734 7322
22175 11054 7119 8306 4200 4734
22176 7119 4200 7322
22177 935 11054 9364 4198 9791 1893 7119 2670 7121 10144 1891 4734 8306 4200 7322 4196 2414 2413 9934 7320
22178 7118 2414 2413 7119 7121
22179 7119 11856 8546
22180 11054 6221 7118 9364 7119 6373
22181 4196 11054 6221 7120 2414 2413 1893 9791 7118 4198 4730 2670 6373 7121 7119 10144 4211 1891 4733 4734 8306 11870 10806 11755 5887 11933 10925 4209
22182 2414 2413 7121 7119 7120
22183 7119 6221 4074 10144 7118 11054 4198 6373 7121
22184 7120 2414 1893 2413 7118 11054 4198 7119 4196 6373 7121 10144 4733 4200 8306 1891 4203 10924 52
22185 11054 7119 8306 6221 4200 11755
22186 9364 7121 10144 7119 4733 1891 4734 8306 4200 10806 11755 6221 7322 10924
22187 307 7120 9791 7118 7121 7119
22188 9364 11054 4198 7119 2670 7121 4074 6373 4200
22189 11054 7120 935 9791 4074 4198 7121
22190 9364 7120 7118 6221 935 2414 2413 11055 52 4074 2670 7119 4212 10144 8306 11651 4313 4200 4734 4203 10806 11925 2841 7322 7052 10962 4205
22191 2835 11233 2303 11759 6838 1882
22192 11934 6066 11055 8228 11939 12066 12006 11944 11980 9975 11941 11942
22193 6066 11876 9068 9975 11944 11943 51 11055
22194 9453 11759 11856 6838 9802 12094 5178 9519 12077 1524 9934
22195 6752 6873 935
22196 9364 4203 2531
22197 11880 12062 2531 11890 11863 11864 11862 4745 9731 11861 11366
22198 3644 4170 11875 2308 10873 2072 4203 11874 11873 11883 11877 11857 11872 11881 4739 4738 9731 11878 11876 11879 12057 4206 12058 12059 12060 12062 9934 11885 10179 11152 11151 11880 11702 11861 11884 2531 11887 11882 11886 11890 4745 12090 11888 11889 7323 9519 11891 11349 11892 11893 11894 11900 11929 11930 11862 9772 11366 11897 9819 11899 11901 11898 11902 11903 11895 11928
22199 2072 12063 1524 11926 9772 2841 11478 10603 11872 3644 10873 4739 11873 4738 9731 4203 11881 11152 11151 4206 2531 11888 11862 9519 11863 11899 9819 11898
22200 3644 11891 11862 11944 11786 11882 9731 11861
22201 2072 2531 11884 11349 11889 11864 11900 11929 11930 11862
22202 11862 7323 11928 11899 11901 11885 9731 12065 11883
22203 11862 11883 9819 11928 11899 12064 7323 11885 9731 11861 12065
22204 11877 2531 11886 10873 4745 11862 11366
22205 12062 2531 9519 11891 11349 10873 11890 4745 11883 7323 2537 9819 11862 3644 9731 11861 11899 11900 11901
22206 2072 1524 2841 11926 11478 11872 10603 4203 11881 9934 2537 4206 11874 12083 2308 7320 11882 11889 3644 9731 10873 11878 11862 11108 11901 11883 12065 11897
22207 2531 11980 11863 11864 4170 9731 11862 3644 9519 10873 4745 7323 11786 11891 2537 11882 11861 11893 11901 11944 9791 9819 11898 53 11899 11885 11055 51
22208 2531 10873 11888 11862 11863 11864
22209 10873 11886 11888 11862 2537 11861 11902
22210 2072 12081 2537 6353 3644 4206 10179 7320 11978 11861 2531 11883 11862 11900
22211 935 9453 112
22212 307 11054 7120 7118 935 4198
22213 935 4196 1891
22214 7322 935 7118 11054 4198 9364 6373 8306
22215 11934 11943 11872 12066 51 8097 11944 9975 11939
22216 2336 9849 2537 9934 1524 9847
22217 10963 2336 6753 4314
22218 11358 4313 11952
22219 11054 9364 4198 7121
22220 9791 11054 7118 9364 11055 4198 7121
22221 11694 10925 11756
22222 9364 11054 9791
22223 7322 9364 11054 7118
22224 9364 4198 8306
22225 9364 7120 1893
22226 4200 7118 9364 6221
22227 9364 7120 9791 2414 2413 6221 4198 4196 1893 6373 7118 4074 4733
22228 7120 2413 9364 7118 2414
22229 9364 10924 3145 7120 11756 4211
22230 9364 11695 10924 2676 7120
22231 7118 9364 1891 52 4734
22232 9364 7118 4198
22233 8546 2528 11857 429
22234 11918 8987 2308 2072 9519 429 8384 12094 6354 2641 11152 11926 11886 11860 502 9772 11478 11108 4170 10873 4203 11881 3644 9934 11889 6353 11899 11883 11901
22235 4204 2310 8241
22236 2310 4204 8241
22237 11366 8241 4204
22238 11366 8241 2310
22239 8241 4204 11694
22240 12066 11943 11939 11940
22241 11941 11943 12066 11940 11939 11876 51 12006 11233 9068 11980 11934 8097
22242 12066 51 11940 11943 9068
22243 4251 11936 11643
22244 197 852 3137 2311
22245 7118 52 8306 7120
22246 9953 3644 2537 11875 2308 11876
22247 10873 11890 11891 3644
22248 11876 12058 12059 12060 3644 2072 10873 9731 2308 10179 11885 11861 12090 11889 12062 11886 2531 11864
22249 11108 11892 2537 3644 4738
22250 12081 4359 1524 6270 11478 11881 4203 2072 9934 3644 2537 4206 4739 4738 11875 10873 9731 11876 11861 7320 11879 2308 11885 11934 11883 11887 11702 11884 11894 2531 9519 12090 12062 11889 11890 11891 11349 11892 7323 11899 11900
22251 12063 11108 11892 4738 3644 11874 11873 4739 11934 10873 9731 11861 2308 11880
22252 12081 12078 2537
22253 11877 11885 2841 11878 11861 2308 10179 11881 11934 11152 11151 7320 11882 11702 11884 11883 12062 2531 11887 10873 4203 11886 3644 11890 4745 11891 11893 11889 11894 11901 11349 4170 4206 11786 11888 9772 11898 11366 9819 11899 9731 11895 11928
22254 10873 3644 11876 11874 11873 12058 12059 12060 2308 11879 12057 11978 11880 9731 11877 11861 4203 12061 11882 4206 2531 11893
22255 35 2673 4308 4310 4727 4309 6200
22256 35 4196 2414 2413 11054 4730 4203 4206 8705 8306 2670 1893
22257 2310 11366 8241
22258 2310 11366 8241
22259 2310 11366 8241
22260 2072 6270 2537 4203 11877 11861 4206
22261 6270 11926 11478 10603 4203 9934 11872 11108 4206 2537 11892 4170 11874 11873 2308 11885 11877 10179 7320 11882 11880 11861 2531 11887 12090 11890 4745 11891 11349 11898 11902
22262 11786 2072 11927 4206
22263 6270 11478 4203 9934 2531 4745 12090 11891 11892 11366
22264 2531 9731 11900
22265 11881 10873 11890 11888
22266 12092 8867 11290
22267 2072 4206 4738 11876 12060 2537 11892 9731 12058 12059 11861 11883
22268 2072 12063 11927 6270
22269 2072 11926 1524 11478 4203 9934 11108
22270 12092 9256 2072
22271 11290 8867 2072
22272 2072 6353 11876 12058
22273 9256 2071 10327
22274 12092 9256 9731 11952 12073 10327
22275 10327 8867 9256
22276 11952 9256 2071
22277 8867 10327 12093 9256 2535
22278 9256 10327 8867 7974
22279 9256 11290 8867 12076 11952
22280 2071 12028 9256 12092
22281 11952 11290 8867 2071 12076
22282 11937 11054 6221 7118 4198
22283 12066 11055 11941 8097 11943
22284 6178 2213 7645
22285 12092 10327 9256 2071 11951 7974
22286 2071 11952 10327
22287 9256 12028 11951 11290
22288 11763 11290 2071
22289 4725 2314 2313 6928 2315 4727 4308 4309 4731 6929 4310 4311 6200 4312
22290 80 11478 1509
22291 7118 8306 4200
22292 11942 11349 9975
22293 4203 7320 11883 11152 11702 11890 4745 11888 9934 11878 11886 2537
22294 9953 12094 11859 11152 10603 11926 11879
22295 9427 10788 6018
22296 6018 2995 10748 9427
22297 9427 2996 10748
22298 9427 10788 6018 2996
22299 4739 11873 11876 11879 12058 12059 12060
22300 2537 12063 10873 11874 11873 9731
22301 307 11054 7118
22302 7120 11870 6221
22303 11054 6221 4198 7121 4074 4733 4196 8306
22304 7118 11054 9489 6221 1893 52 4198 6373 7121
22305 11054 6221 4198 7121
22306 7120 7118 11054 6221 4212 10144
22307 9791 7118 2414 2670 2413 4198 7120 4734 4211 11651 7322 11870 4200 8306 2837 10806 11925
22308 6221 4212 7118 11755
22309 11019 10144 7121 7120 2676 4211 8306 4200 11870 11934 6221 11925 11755
22310 7120 4730 4198 6373 7121 4733 10144 4211 1891 4200 11870 8306 6221 7320 7322 10924 10925 4209 10806
22311 6221 4196 2414
22312 7120 10144 7121 4074 4733 4200 7322 4734 6221
22313 6221 9791 1893 4730 4074 4733
22314 11054 7118 1893 4198 7120 6221 4730 7121 4733 8306
22315 7322 11614 10806 7118 6221 4198 1893 11055 4203 4733
22316 7322 9791 7118 4198 52 4196 1893 4730 7121 4211
22317 7322 11054 4198 7121
22318 7118 10144 4733 7120 4211 2676 4212 4205 2212 7322 10925
22319 7322 11054 7118 1891
22320 11885 10873 11108 11880
22321 52 11055 7121 4074
22322 7118 6373 7120 4198 52 2837
22323 7120 4211 1891 4200 8306 4734
22324 11054 4196 2414
22325 1893 7120 4730 1891 8306 4200
22326 4198 7120 8306 2837
22327 7120 4198 1893 6373 7121 4074 8306 4200 1891 2414 2413 11755 4313
22328 7120 4196 11054 2670
22329 9791 7120 4196 2414
22330 7120 7118 4196 11054
22331 7120 7118 4196 11054 2414 2413 9791
22332 7120 7121 4733 1891 4734
22333 8097 51 12091 11942 9489 11939 11872 11876 11055 11943 4723 12083 11927 4206 7121 8306
22334 4196 2670 7118
22335 11220 12095 12096 11798 12097 12098 11988
22336 11220 12096 11798 11988 12097
22337 11220 12096 11798 12095 11988 12097 11957
22338 11220 12095 12096 11988 12097 11957
22339 7118 11054 4198
22340 12095 11988 12097 11957 12100
22341 12095 12096 11988 12097 11957 12100
22342 11988 11957 12095 12100 12097
22343 12063 11108 2537 9731 11875
22344 11054 11651 7121 8306 10806
22345 12083 11108 2537 11881 9731 11151
22346 3523 3522 3517 3518 11054
22347 8807 4196 2414
22348 11054 4196 2414
22349 4730 4196 2413 4733 2670
22350 11054 2670 10144 4733 1891 8306 2414 2413 10924
22351 7118 11054 4198 7121
22352 11054 7118 4198 4733
22353 11054 7118 4198 8306
22354 10924 7118 10806 11756
22355 11643 4733 4200 8306 4734
22356 4730 6373 4734
22357 7121 11870 4200 3145
22358 11876 11891 12058
22359 11054 4198 6373 7121 8306
22360 12064 11883 9731
22361 4198 8306 10924
22362 7121 8306 4200
